<AGFVanillaPlus-Tier6Crafting>


<insertafter xpath="/progression/perks/perk[@name='perkDeadEye']/effect_group/passive_effect[@name='EntityDamage']">
	<passive_effect name="CraftingTier" operation="base_add" level="4,5" value="1" tags="perkDeadEye"/>
</insertafter>

<insertafter xpath="/progression/perks/perk[@name='perkDemolitionsExpert']/effect_group/passive_effect[@name='EntityDamage']">
	<passive_effect name="CraftingTier" operation="base_add" level="4,5" value="1" tags="gunExplosivesT3RocketLauncher"/>
</insertafter>

<insertafter xpath="/progression/perks/perk[@name='perkJavelinMaster']/effect_group/passive_effect[@name='EntityDamage']">
	<passive_effect name="CraftingTier" operation="base_add" level="4,5" value="1" tags="perkJavelinMaster"/>
</insertafter>

<insertafter xpath="/progression/perks/perk[@name='perkSalvageOperations']/effect_group/passive_effect[@name='EntityDamage']">
	<passive_effect name="CraftingTier" operation="base_add" level="4,5" value="1" tags="perkSalvageOperations"/>
</insertafter>

<insertafter xpath="/progression/perks/perk[@name='perkBoomstick']/effect_group/passive_effect[@name='EntityDamage']">
	<passive_effect name="CraftingTier" operation="base_add" level="4,5" value="1" tags="perkBoomstick"/>
</insertafter>

<insertafter xpath="/progression/perks/perk[@name='perkPummelPete']/effect_group/passive_effect[@name='BlockDamage']">
	<passive_effect name="CraftingTier" operation="base_add" level="4,5" value="1" tags="perkPummelPete"/>
</insertafter>

<insertafter xpath="/progression/perks/perk[@name='perkSkullCrusher']/effect_group/passive_effect[@name='BlockDamage']">
	<passive_effect name="CraftingTier" operation="base_add" level="4,5" value="1" tags="perkSkullCrusher"/>
</insertafter>


<!--the armor ones-->
<append xpath="/progression/perks/perk[@name='perkHeavyArmor']/effect_group">
	<passive_effect name="CraftingTier" operation="base_add" level="4" value="1" tags="perkHeavyArmor"/>
	<passive_effect name="CraftingTier" operation="base_add" level="4" value="1" tags="perkLightArmor">
		<requirement name="ProgressionLevel" progression_name="perkLightArmor" operation="LT" value="4"/>
	</passive_effect>
</append>
<append xpath="/progression/perks/perk[@name='perkLightArmor']/effect_group">
	<passive_effect name="CraftingTier" operation="base_add" level="4" value="1" tags="perkHeavyArmor">
		<requirement name="ProgressionLevel" progression_name="perkHeavyArmor" operation="LT" value="4"/>
	</passive_effect>	
	<passive_effect name="CraftingTier" operation="base_add" level="4" value="1" tags="perkLightArmor"/>
</append>



<insertafter xpath="/progression/perks/perk[@name='perkMiner69r']/effect_group/passive_effect[@name='BlockDamage']">
	<passive_effect name="CraftingTier" operation="base_add" level="4,5" value="1" tags="perkMiner69r"/>
	<passive_effect name="CraftingTier" operation="base_add" level="4,5" value="1" tags="meleeToolRepairT0StoneAxe"/>
	<passive_effect name="CraftingTier" operation="base_add" level="4,5" value="1" tags="meleeToolShovelT0StoneShovel"/>
	<passive_effect name="CraftingTier" operation="base_add" level="4,5" value="1" tags="meleeToolPickT1IronPickaxe"/>
	<passive_effect name="CraftingTier" operation="base_add" level="4,5" value="1" tags="meleeToolPickT2SteelPickaxe"/>
	<passive_effect name="CraftingTier" operation="base_add" level="4,5" value="1" tags="meleeToolRepairT3Nailgun"/>
	<passive_effect name="CraftingTier" operation="base_add" level="4,5" value="1" tags="meleeToolShovelT1IronShovel"/>
	<passive_effect name="CraftingTier" operation="base_add" level="4,5" value="1" tags="meleeToolShovelT2SteelShovel"/>
</insertafter>

<insertafter xpath="/progression/perks/perk[@name='perkBrawler']/effect_group/passive_effect[@name='BlockDamage']">
	<passive_effect name="CraftingTier" operation="base_add" level="4,5" value="1" tags="perkBrawler"/>
</insertafter>

<insertafter xpath="/progression/perks/perk[@name='perkMachineGunner']/effect_group/passive_effect[@name='BlockDamage']">
	<passive_effect name="CraftingTier" operation="base_add" level="4,5" value="1" tags="perkMachineGunner"/>
</insertafter>

<insertafter xpath="/progression/perks/perk[@name='perkArchery']/effect_group/passive_effect[@name='BlockDamage']">
	<passive_effect name="CraftingTier" operation="base_add" level="4,5" value="1" tags="perkArchery"/>
</insertafter>

<insertafter xpath="/progression/perks/perk[@name='perkGunslinger']/effect_group/passive_effect[@name='BlockDamage']">
	<passive_effect name="CraftingTier" operation="base_add" level="4,5" value="1" tags="perkGunslinger"/>
</insertafter>

<insertafter xpath="/progression/perks/perk[@name='perkDeepCuts']/effect_group/passive_effect[@name='BlockDamage']">
	<passive_effect name="CraftingTier" operation="base_add" level="4,5" value="1" tags="perkDeepCuts"/>
</insertafter>

<insertafter xpath="/progression/perks/perk[@name='perkElectrocutioner']/effect_group/passive_effect[@name='BlockDamage']">
	<passive_effect name="CraftingTier" operation="base_add" level="4,5" value="1" tags="perkElectrocutioner"/>
</insertafter>

<append xpath="/progression/perks/perk[@name='perkAdvancedEngineering']/effect_group"><!--there is only one effect_group so should be ok?-->
	<passive_effect name="CraftingTier" operation="base_add" level="4,5" value="1" tags="perkAdvancedEngineering"/>
</append>

<append xpath="/progression/perks/perk[@name='perkTurrets']/effect_group"><!--there is only one effect_group so should be ok?-->
	<passive_effect name="CraftingTier" operation="base_add" level="4,5" value="1" tags="perkTurrets"/>
</append>



</AGFVanillaPlus-Tier6Crafting>

 