<AGFVanillaPlus-ModSlotsPlus>


<!--order of the following code matters-->

	<!--(Tier 3 items) motor tools, auto shotgun, sniper, M60-->	
		<set xpath="/items/item/effect_group/passive_effect[@name='ModSlots' and @value='4,4,4,4,4,4']/@value">5,5,5,5,5,6</set>
	
	<!--(Tier 2 items) steel items, steel/military armor-->	
		<set xpath="/items/item/effect_group/passive_effect[@name='ModSlots' and @value='3,3,3,4,4,4']/@value">4,4,4,4,5,6</set>	
	
	<!--(Tier 1.5 items) Stun baton, magnum, compound crossbow-->	
		<set xpath="/items/item/effect_group/passive_effect[@name='ModSlots' and @value='2,2,3,3,4,4']/@value">3,3,3,4,4,4</set>

	<!--(Tier 1 items) iron and leather/iron armor-->		
		<set xpath="/items/item/effect_group/passive_effect[@name='ModSlots' and @value='2,2,2,3,3,4']/@value">3,3,3,4,4,4</set>

	<!--(Tier ? items) claw hammer, rocket launcher, robotics, other helmets-->		
		<set xpath="/items/item/effect_group/passive_effect[@name='ModSlots' and @value='1,1,2,2,3,4']/@value">2,2,3,4,5,6</set> 
	
	<!--(Tier 0 items) stone / pipe / basic armor-->
		<set xpath="/items/item/effect_group/passive_effect[@name='ModSlots' and @value='1,1,1,2,2,3']/@value">1,2,3,3,3,3</set> 


		
</AGFVanillaPlus-ModSlotsPlus>