<AGF-HUDPlus-BMCounter-NoDayCount>

	<conditional>
		<if cond="gamepref('BloodMoonFrequency') == 1 and gamepref('BloodMoonRange') == 0 and mod_loaded('AGF-V2-HUDPlus-1Main') and mod_loaded('AGF-V2-HUDPlus-BMCounter-KeepDayCount') == false">		
			<remove xpath="/windows/window[@name='windowCompass']/rect[@name='hud']"/>
			<append xpath="/windows/window[@name='windowCompass']">
					<rect name="hud" pos="-250,-4" rows="1" cols="1" width="250">
							<sprite pos="0,6" name="Background" sprite="ui_game_header_fill" color="0,0,0,225" foregroundlayer="true" height="46" width="250" type="sliced" />
							<label depth="3" text="" text_key="agfNextBloodMoon" width="140" font_size="20" justify="center" pos="6,2" height="28" visible="{showtime}"/>
							<label depth="3" text="[{daycolor}]{# localization('01daycountdown_0'))}[-]" width="140" font_size="20" justify="center" pos="6,-20" height="28" visible="{showtime}"/>
					
							<label depth="3" text="{timetitle}" width="170" font_size="20" justify="center" pos="86,2" height="28" visible="{showtime}"/>
							<label depth="3" text="[DECEA3]{time}" width="170" font_size="20" justify="center" pos="86,-20" height="28" visible="{showtime}"/>
					</rect>	
			</append>			
		</if>
		<if cond="gamepref('BloodMoonFrequency') == 1 and gamepref('BloodMoonRange') == 0 and mod_loaded('AGF-V2-HUDPlus-1Main') == false and mod_loaded('AGF-V2-HUDPlus-BMCounter-KeepDayCount') == false">					
			<set xpath="/windows/window[@name='windowCompass']/sprite/label/@text">{# localization('agfNextBloodMoon')}:[{daycolor}] {# localization('01daycountdown_0')}[-]     {timetitle}: {time}</set>
			<set xpath="/windows/window[@name='windowCompass']/sprite/label/@width">500</set>
			<removeattribute xpath="/windows/window[@name='windowCompass']/sprite/label/@upper_case"/>
		</if>
	</conditional>	
	
	<conditional>
		<if cond="gamepref('BloodMoonFrequency') == 2 and gamepref('BloodMoonRange') == 0 and mod_loaded('AGF-V2-HUDPlus-1Main') and mod_loaded('AGF-V2-HUDPlus-BMCounter-KeepDayCount') == false">		
			<remove xpath="/windows/window[@name='windowCompass']/rect[@name='hud']"/>
			<append xpath="/windows/window[@name='windowCompass']">
					<rect name="hud" pos="-250,-4" rows="1" cols="1" width="250">
							<sprite pos="0,6" name="Background" sprite="ui_game_header_fill" color="0,0,0,225" foregroundlayer="true" height="46" width="250" type="sliced" />
							<label depth="3" text="" text_key="agfNextBloodMoon" width="140" font_size="20" justify="center" pos="6,2" height="28" visible="{showtime}"/>
							<label depth="3" text="[{daycolor}]{# localization('02daycountdown_' + day%2)}[-]" width="140" font_size="20" justify="center" pos="6,-20" height="28" visible="{showtime}"/>
							
							<label depth="3" text="{timetitle}" width="170" font_size="20" justify="center" pos="86,2" height="28" visible="{showtime}"/>
							<label depth="3" text="[DECEA3]{time}" width="170" font_size="20" justify="center" pos="86,-20" height="28" visible="{showtime}"/>
					</rect>	
			</append>	
		</if>
		<if cond="gamepref('BloodMoonFrequency') == 2 and gamepref('BloodMoonRange') == 0 and mod_loaded('AGF-V2-HUDPlus-1Main') == false and mod_loaded('AGF-V2-HUDPlus-BMCounter-KeepDayCount') == false">					
			<set xpath="/windows/window[@name='windowCompass']/sprite/label/@text">{# localization('agfNextBloodMoon')}:[{daycolor}] {# localization('02daycountdown_' + day%2)}[-]     {timetitle}: {time}</set>
			<set xpath="/windows/window[@name='windowCompass']/sprite/label/@width">500</set>
			<removeattribute xpath="/windows/window[@name='windowCompass']/sprite/label/@upper_case"/>
		</if>
	</conditional>	
	
	<conditional>
		<if cond="gamepref('BloodMoonFrequency') == 3 and gamepref('BloodMoonRange') == 0 and mod_loaded('AGF-V2-HUDPlus-1Main') and mod_loaded('AGF-V2-HUDPlus-BMCounter-KeepDayCount') == false">		
			<remove xpath="/windows/window[@name='windowCompass']/rect[@name='hud']"/>
			<append xpath="/windows/window[@name='windowCompass']">
					<rect name="hud" pos="-250,-4" rows="1" cols="1" width="250">
							<sprite pos="0,6" name="Background" sprite="ui_game_header_fill" color="0,0,0,225" foregroundlayer="true" height="46" width="250" type="sliced" />
							<label depth="3" text="" text_key="agfNextBloodMoon" width="140" font_size="20" justify="center" pos="6,2" height="28" visible="{showtime}"/>
							<label depth="3" text="[{daycolor}]{# localization('03daycountdown_' + day%3)}[-]" width="140" font_size="20" justify="center" pos="6,-20" height="28" visible="{showtime}"/>
							
							<label depth="3" text="{timetitle}" width="170" font_size="20" justify="center" pos="86,2" height="28" visible="{showtime}"/>
							<label depth="3" text="[DECEA3]{time}" width="170" font_size="20" justify="center" pos="86,-20" height="28" visible="{showtime}"/>
					</rect>	
			</append>	
		</if>
		<if cond="gamepref('BloodMoonFrequency') == 3 and gamepref('BloodMoonRange') == 0 and mod_loaded('AGF-V2-HUDPlus-1Main') == false and mod_loaded('AGF-V2-HUDPlus-BMCounter-KeepDayCount') == false">				
			<set xpath="/windows/window[@name='windowCompass']/sprite/label/@text">{# localization('agfNextBloodMoon')}:[{daycolor}] {# localization('03daycountdown_' + day%3)}[-]     {timetitle}: {time}</set>
			<set xpath="/windows/window[@name='windowCompass']/sprite/label/@width">500</set>
			<removeattribute xpath="/windows/window[@name='windowCompass']/sprite/label/@upper_case"/>
		</if>
	</conditional>	
	
	<conditional>
		<if cond="gamepref('BloodMoonFrequency') == 4 and gamepref('BloodMoonRange') == 0 and mod_loaded('AGF-V2-HUDPlus-1Main') and mod_loaded('AGF-V2-HUDPlus-BMCounter-KeepDayCount') == false">		
			<remove xpath="/windows/window[@name='windowCompass']/rect[@name='hud']"/>
			<append xpath="/windows/window[@name='windowCompass']">
					<rect name="hud" pos="-250,-4" rows="1" cols="1" width="250">
							<sprite pos="0,6" name="Background" sprite="ui_game_header_fill" color="0,0,0,225" foregroundlayer="true" height="46" width="250" type="sliced" />
							<label depth="3" text="" text_key="agfNextBloodMoon" width="140" font_size="20" justify="center" pos="6,2" height="28" visible="{showtime}"/>
							<label depth="3" text="[{daycolor}]{# localization('04daycountdown_' + day%4)}[-]" width="140" font_size="20" justify="center" pos="6,-20" height="28" visible="{showtime}"/>
							
							<label depth="3" text="{timetitle}" width="170" font_size="20" justify="center" pos="86,2" height="28" visible="{showtime}"/>
							<label depth="3" text="[DECEA3]{time}" width="170" font_size="20" justify="center" pos="86,-20" height="28" visible="{showtime}"/>
					</rect>	
			</append>	
		</if>
		<if cond="gamepref('BloodMoonFrequency') == 4 and gamepref('BloodMoonRange') == 0 and mod_loaded('AGF-V2-HUDPlus-1Main') == false and mod_loaded('AGF-V2-HUDPlus-BMCounter-KeepDayCount') == false">				
			<set xpath="/windows/window[@name='windowCompass']/sprite/label/@text">{# localization('agfNextBloodMoon')}:[{daycolor}] {# localization('04daycountdown_' + day%4)}[-]     {timetitle}: {time}</set>
			<set xpath="/windows/window[@name='windowCompass']/sprite/label/@width">500</set>
			<removeattribute xpath="/windows/window[@name='windowCompass']/sprite/label/@upper_case"/>
		</if>
	</conditional>		
	
	<conditional>
		<if cond="gamepref('BloodMoonFrequency') == 5 and gamepref('BloodMoonRange') == 0 and mod_loaded('AGF-V2-HUDPlus-1Main') and mod_loaded('AGF-V2-HUDPlus-BMCounter-KeepDayCount') == false">		
			<remove xpath="/windows/window[@name='windowCompass']/rect[@name='hud']"/>
			<append xpath="/windows/window[@name='windowCompass']">
					<rect name="hud" pos="-250,-4" rows="1" cols="1" width="250">
							<sprite pos="0,6" name="Background" sprite="ui_game_header_fill" color="0,0,0,225" foregroundlayer="true" height="46" width="250" type="sliced" />
							<label depth="3" text="" text_key="agfNextBloodMoon" width="140" font_size="20" justify="center" pos="6,2" height="28" visible="{showtime}"/>
							<label depth="3" text="[{daycolor}]{# localization('05daycountdown_' + day%5)}[-]" width="140" font_size="20" justify="center" pos="6,-20" height="28" visible="{showtime}"/>
							
							<label depth="3" text="{timetitle}" width="170" font_size="20" justify="center" pos="86,2" height="28" visible="{showtime}"/>
							<label depth="3" text="[DECEA3]{time}" width="170" font_size="20" justify="center" pos="86,-20" height="28" visible="{showtime}"/>
					</rect>	
			</append>	
		</if>
		<if cond="gamepref('BloodMoonFrequency') == 5 and gamepref('BloodMoonRange') == 0 and mod_loaded('AGF-V2-HUDPlus-1Main') == false and mod_loaded('AGF-V2-HUDPlus-BMCounter-KeepDayCount') == false">				
			<set xpath="/windows/window[@name='windowCompass']/sprite/label/@text">{# localization('agfNextBloodMoon')}:[{daycolor}] {# localization('05daycountdown_' + day%5)}[-]     {timetitle}: {time}</set>
			<set xpath="/windows/window[@name='windowCompass']/sprite/label/@width">500</set>
			<removeattribute xpath="/windows/window[@name='windowCompass']/sprite/label/@upper_case"/>
		</if>
	</conditional>		
	
	<conditional>
		<if cond="gamepref('BloodMoonFrequency') == 6 and gamepref('BloodMoonRange') == 0 and mod_loaded('AGF-V2-HUDPlus-1Main') and mod_loaded('AGF-V2-HUDPlus-BMCounter-KeepDayCount') == false">		
			<remove xpath="/windows/window[@name='windowCompass']/rect[@name='hud']"/>
			<append xpath="/windows/window[@name='windowCompass']">
					<rect name="hud" pos="-250,-4" rows="1" cols="1" width="250">
							<sprite pos="0,6" name="Background" sprite="ui_game_header_fill" color="0,0,0,225" foregroundlayer="true" height="46" width="250" type="sliced" />
							<label depth="3" text="" text_key="agfNextBloodMoon" width="140" font_size="20" justify="center" pos="6,2" height="28" visible="{showtime}"/>
							<label depth="3" text="[{daycolor}]{# localization('06daycountdown_' + day%6)}[-]" width="140" font_size="20" justify="center" pos="6,-20" height="28" visible="{showtime}"/>
							
							<label depth="3" text="{timetitle}" width="170" font_size="20" justify="center" pos="86,2" height="28" visible="{showtime}"/>
							<label depth="3" text="[DECEA3]{time}" width="170" font_size="20" justify="center" pos="86,-20" height="28" visible="{showtime}"/>
					</rect>	
			</append>	
		</if>
		<if cond="gamepref('BloodMoonFrequency') == 6 and gamepref('BloodMoonRange') == 0 and mod_loaded('AGF-V2-HUDPlus-1Main') == false and mod_loaded('AGF-V2-HUDPlus-BMCounter-KeepDayCount') == false">				
			<set xpath="/windows/window[@name='windowCompass']/sprite/label/@text">{# localization('agfNextBloodMoon')}:[{daycolor}] {# localization('06daycountdown_' + day%6)}[-]     {timetitle}: {time}</set>
			<set xpath="/windows/window[@name='windowCompass']/sprite/label/@width">500</set>
			<removeattribute xpath="/windows/window[@name='windowCompass']/sprite/label/@upper_case"/>
		</if>
	</conditional>		
	
	<conditional>
		<if cond="gamepref('BloodMoonFrequency') == 7 and gamepref('BloodMoonRange') == 0 and mod_loaded('AGF-V2-HUDPlus-1Main') and mod_loaded('AGF-V2-HUDPlus-BMCounter-KeepDayCount') == false">		
			<remove xpath="/windows/window[@name='windowCompass']/rect[@name='hud']"/>
			<append xpath="/windows/window[@name='windowCompass']">
					<rect name="hud" pos="-250,-4" rows="1" cols="1" width="250">
							<sprite pos="0,6" name="Background" sprite="ui_game_header_fill" color="0,0,0,225" foregroundlayer="true" height="46" width="250" type="sliced" />
							<label depth="3" text="" text_key="agfNextBloodMoon" width="140" font_size="20" justify="center" pos="6,2" height="28" visible="{showtime}"/>
							<label depth="3" text="[{daycolor}]{# localization('07daycountdown_' + day%7)}[-]" width="140" font_size="20" justify="center" pos="6,-20" height="28" visible="{showtime}"/>
							
							<label depth="3" text="{timetitle}" width="170" font_size="20" justify="center" pos="86,2" height="28" visible="{showtime}"/>
							<label depth="3" text="[DECEA3]{time}" width="170" font_size="20" justify="center" pos="86,-20" height="28" visible="{showtime}"/>
					</rect>	
			</append>	
		</if>
		<if cond="gamepref('BloodMoonFrequency') == 7 and gamepref('BloodMoonRange') == 0 and mod_loaded('AGF-V2-HUDPlus-1Main') == false and mod_loaded('AGF-V2-HUDPlus-BMCounter-KeepDayCount') == false">				
			<set xpath="/windows/window[@name='windowCompass']/sprite/label/@text">{# localization('agfNextBloodMoon')}:[{daycolor}] {# localization('07daycountdown_' + day%7)}[-]     {timetitle}: {time}</set>
			<set xpath="/windows/window[@name='windowCompass']/sprite/label/@width">500</set>
			<removeattribute xpath="/windows/window[@name='windowCompass']/sprite/label/@upper_case"/>
		</if>
	</conditional>		
	
	<conditional>
		<if cond="gamepref('BloodMoonFrequency') == 8 and gamepref('BloodMoonRange') == 0 and mod_loaded('AGF-V2-HUDPlus-1Main') and mod_loaded('AGF-V2-HUDPlus-BMCounter-KeepDayCount') == false">		
			<remove xpath="/windows/window[@name='windowCompass']/rect[@name='hud']"/>
			<append xpath="/windows/window[@name='windowCompass']">
					<rect name="hud" pos="-250,-4" rows="1" cols="1" width="250">
							<sprite pos="0,6" name="Background" sprite="ui_game_header_fill" color="0,0,0,225" foregroundlayer="true" height="46" width="250" type="sliced" />
							<label depth="3" text="" text_key="agfNextBloodMoon" width="140" font_size="20" justify="center" pos="6,2" height="28" visible="{showtime}"/>
							<label depth="3" text="[{daycolor}]{# localization('08daycountdown_' + day%8)}[-]" width="140" font_size="20" justify="center" pos="6,-20" height="28" visible="{showtime}"/>
							
							<label depth="3" text="{timetitle}" width="170" font_size="20" justify="center" pos="86,2" height="28" visible="{showtime}"/>
							<label depth="3" text="[DECEA3]{time}" width="170" font_size="20" justify="center" pos="86,-20" height="28" visible="{showtime}"/>
					</rect>	
			</append>	
		</if>
		<if cond="gamepref('BloodMoonFrequency') == 8 and gamepref('BloodMoonRange') == 0 and mod_loaded('AGF-V2-HUDPlus-1Main') == false and mod_loaded('AGF-V2-HUDPlus-BMCounter-KeepDayCount') == false">					
			<set xpath="/windows/window[@name='windowCompass']/sprite/label/@text">{# localization('agfNextBloodMoon')}:[{daycolor}] {# localization('08daycountdown_' + day%8)}[-]     {timetitle}: {time}</set>
			<set xpath="/windows/window[@name='windowCompass']/sprite/label/@width">500</set>
			<removeattribute xpath="/windows/window[@name='windowCompass']/sprite/label/@upper_case"/>
		</if>
	</conditional>			
	
	<conditional>
		<if cond="gamepref('BloodMoonFrequency') == 9 and gamepref('BloodMoonRange') == 0 and mod_loaded('AGF-V2-HUDPlus-1Main') and mod_loaded('AGF-V2-HUDPlus-BMCounter-KeepDayCount') == false">		
			<remove xpath="/windows/window[@name='windowCompass']/rect[@name='hud']"/>			
			<append xpath="/windows/window[@name='windowCompass']">
					<rect name="hud" pos="-250,-4" rows="1" cols="1" width="250">
							<sprite pos="0,6" name="Background" sprite="ui_game_header_fill" color="0,0,0,225" foregroundlayer="true" height="46" width="250" type="sliced" />
							<label depth="3" text="" text_key="agfNextBloodMoon" width="140" font_size="20" justify="center" pos="6,2" height="28" visible="{showtime}"/>
							<label depth="3" text="[{daycolor}]{# localization('09daycountdown_' + day%9)}[-]" width="140" font_size="20" justify="center" pos="6,-20" height="28" visible="{showtime}"/>
							
							<label depth="3" text="{timetitle}" width="170" font_size="20" justify="center" pos="86,2" height="28" visible="{showtime}"/>
							<label depth="3" text="[DECEA3]{time}" width="170" font_size="20" justify="center" pos="86,-20" height="28" visible="{showtime}"/>
					</rect>	
			</append>
		</if>
		<if cond="gamepref('BloodMoonFrequency') == 9 and gamepref('BloodMoonRange') == 0 and mod_loaded('AGF-V2-HUDPlus-1Main') == false and mod_loaded('AGF-V2-HUDPlus-BMCounter-KeepDayCount') == false">				
			<set xpath="/windows/window[@name='windowCompass']/sprite/label/@text">{# localization('agfNextBloodMoon')}:[{daycolor}] {# localization('09daycountdown_' + day%9)}[-]     {timetitle}: {time}</set>
			<set xpath="/windows/window[@name='windowCompass']/sprite/label/@width">500</set>
			<removeattribute xpath="/windows/window[@name='windowCompass']/sprite/label/@upper_case"/>
		</if>
	</conditional>		
	
	<conditional>
		<if cond="gamepref('BloodMoonFrequency') == 10 and gamepref('BloodMoonRange') == 0 and mod_loaded('AGF-V2-HUDPlus-1Main') and mod_loaded('AGF-V2-HUDPlus-BMCounter-KeepDayCount') == false">		
			<remove xpath="/windows/window[@name='windowCompass']/rect[@name='hud']"/>
			<append xpath="/windows/window[@name='windowCompass']">
					<rect name="hud" pos="-250,-4" rows="1" cols="1" width="250">
							<sprite pos="0,6" name="Background" sprite="ui_game_header_fill" color="0,0,0,225" foregroundlayer="true" height="46" width="250" type="sliced" />
							<label depth="3" text="" text_key="agfNextBloodMoon" width="140" font_size="20" justify="center" pos="6,2" height="28" visible="{showtime}"/>
							<label depth="3" text="[{daycolor}]{# localization('10daycountdown_' + day%10)}[-]" width="140" font_size="20" justify="center" pos="6,-20" height="28" visible="{showtime}"/>
							
							<label depth="3" text="{timetitle}" width="170" font_size="20" justify="center" pos="86,2" height="28" visible="{showtime}"/>
							<label depth="3" text="[DECEA3]{time}" width="170" font_size="20" justify="center" pos="86,-20" height="28" visible="{showtime}"/>
					</rect>	
			</append>	
		</if>
		<if cond="gamepref('BloodMoonFrequency') == 10 and gamepref('BloodMoonRange') == 0 and mod_loaded('AGF-V2-HUDPlus-1Main') == false and mod_loaded('AGF-V2-HUDPlus-BMCounter-KeepDayCount') == false">					
			<set xpath="/windows/window[@name='windowCompass']/sprite/label/@text">{# localization('agfNextBloodMoon')}:[{daycolor}] {# localization('10daycountdown_' + day%10)}[-]     {timetitle}: {time}</set>
			<set xpath="/windows/window[@name='windowCompass']/sprite/label/@width">500</set>
			<removeattribute xpath="/windows/window[@name='windowCompass']/sprite/label/@upper_case"/>
		</if>
	</conditional>	
	
	<conditional>
		<if cond="gamepref('BloodMoonFrequency') == 14 and gamepref('BloodMoonRange') == 0 and mod_loaded('AGF-V2-HUDPlus-1Main') and mod_loaded('AGF-V2-HUDPlus-BMCounter-KeepDayCount') == false">		
			<remove xpath="/windows/window[@name='windowCompass']/rect[@name='hud']"/>
			<append xpath="/windows/window[@name='windowCompass']">
					<rect name="hud" pos="-250,-4" rows="1" cols="1" width="250">
							<sprite pos="0,6" name="Background" sprite="ui_game_header_fill" color="0,0,0,225" foregroundlayer="true" height="46" width="250" type="sliced" />
							<label depth="3" text="" text_key="agfNextBloodMoon" width="140" font_size="20" justify="center" pos="6,2" height="28" visible="{showtime}"/>
							<label depth="3" text="[{daycolor}]{# localization('14daycountdown_' + day%14)}[-]" width="140" font_size="20" justify="center" pos="6,-20" height="28" visible="{showtime}"/>
							
							<label depth="3" text="{timetitle}" width="170" font_size="20" justify="center" pos="86,2" height="28" visible="{showtime}"/>
							<label depth="3" text="[DECEA3]{time}" width="170" font_size="20" justify="center" pos="86,-20" height="28" visible="{showtime}"/>
					</rect>	
			</append>	
		</if>
		<if cond="gamepref('BloodMoonFrequency') == 14 and gamepref('BloodMoonRange') == 0 and mod_loaded('AGF-V2-HUDPlus-1Main') == false and mod_loaded('AGF-V2-HUDPlus-BMCounter-KeepDayCount') == false">					
			<set xpath="/windows/window[@name='windowCompass']/sprite/label/@text">{# localization('agfNextBloodMoon')}:[{daycolor}] {# localization('14daycountdown_' + day%14)}[-]     {timetitle}: {time}</set>
			<set xpath="/windows/window[@name='windowCompass']/sprite/label/@width">500</set>
			<removeattribute xpath="/windows/window[@name='windowCompass']/sprite/label/@upper_case"/>
		</if>
	</conditional>	
	
	<conditional>
		<if cond="gamepref('BloodMoonFrequency') == 15 and gamepref('BloodMoonRange') == 0 and mod_loaded('AGF-V2-HUDPlus-1Main') and mod_loaded('AGF-V2-HUDPlus-BMCounter-KeepDayCount') == false">		
			<remove xpath="/windows/window[@name='windowCompass']/rect[@name='hud']"/>
			<append xpath="/windows/window[@name='windowCompass']">
					<rect name="hud" pos="-250,-4" rows="1" cols="1" width="250">
							<sprite pos="0,6" name="Background" sprite="ui_game_header_fill" color="0,0,0,225" foregroundlayer="true" height="46" width="250" type="sliced" />
							<label depth="3" text="" text_key="agfNextBloodMoon" width="140" font_size="20" justify="center" pos="6,2" height="28" visible="{showtime}"/>
							<label depth="3" text="[{daycolor}]{# localization('15daycountdown_' + day%15)}[-]" width="140" font_size="20" justify="center" pos="6,-20" height="28" visible="{showtime}"/>
							
							<label depth="3" text="{timetitle}" width="170" font_size="20" justify="center" pos="86,2" height="28" visible="{showtime}"/>
							<label depth="3" text="[DECEA3]{time}" width="170" font_size="20" justify="center" pos="86,-20" height="28" visible="{showtime}"/>
					</rect>	
			</append>	
		</if>
		<if cond="gamepref('BloodMoonFrequency') == 15 and gamepref('BloodMoonRange') == 0 and mod_loaded('AGF-V2-HUDPlus-1Main') == false and mod_loaded('AGF-V2-HUDPlus-BMCounter-KeepDayCount') == false">					
			<set xpath="/windows/window[@name='windowCompass']/sprite/label/@text">{# localization('agfNextBloodMoon')}:[{daycolor}] {# localization('15daycountdown_' + day%15)}[-]     {timetitle}: {time}</set>
			<set xpath="/windows/window[@name='windowCompass']/sprite/label/@width">500</set>
			<removeattribute xpath="/windows/window[@name='windowCompass']/sprite/label/@upper_case"/>
		</if>
	</conditional>	
	
	<conditional>
		<if cond="gamepref('BloodMoonFrequency') == 20 and gamepref('BloodMoonRange') == 0 and mod_loaded('AGF-V2-HUDPlus-1Main') and mod_loaded('AGF-V2-HUDPlus-BMCounter-KeepDayCount') == false">		
			<remove xpath="/windows/window[@name='windowCompass']/rect[@name='hud']"/>
			<append xpath="/windows/window[@name='windowCompass']">
					<rect name="hud" pos="-250,-4" rows="1" cols="1" width="250">
							<sprite pos="0,6" name="Background" sprite="ui_game_header_fill" color="0,0,0,225" foregroundlayer="true" height="46" width="250" type="sliced" />
							<label depth="3" text="" text_key="agfNextBloodMoon" width="140" font_size="20" justify="center" pos="6,2" height="28" visible="{showtime}"/>
							<label depth="3" text="[{daycolor}]{# localization('20daycountdown_' + day%20)}[-]" width="140" font_size="20" justify="center" pos="6,-20" height="28" visible="{showtime}"/>
							
							<label depth="3" text="{timetitle}" width="170" font_size="20" justify="center" pos="86,2" height="28" visible="{showtime}"/>
							<label depth="3" text="[DECEA3]{time}" width="170" font_size="20" justify="center" pos="86,-20" height="28" visible="{showtime}"/>
					</rect>	
			</append>	
		</if>
		<if cond="gamepref('BloodMoonFrequency') == 20 and gamepref('BloodMoonRange') == 0 and mod_loaded('AGF-V2-HUDPlus-1Main') == false and mod_loaded('AGF-V2-HUDPlus-BMCounter-KeepDayCount') == false">					
			<set xpath="/windows/window[@name='windowCompass']/sprite/label/@text">{# localization('agfNextBloodMoon')}:[{daycolor}] {# localization('20daycountdown_' + day%20)}[-]     {timetitle}: {time}</set>
			<set xpath="/windows/window[@name='windowCompass']/sprite/label/@width">500</set>
			<removeattribute xpath="/windows/window[@name='windowCompass']/sprite/label/@upper_case"/>
		</if>
	</conditional>
	
	<conditional>
		<if cond="gamepref('BloodMoonFrequency') == 28 and gamepref('BloodMoonRange') == 0 and mod_loaded('AGF-V2-HUDPlus-1Main') and mod_loaded('AGF-V2-HUDPlus-BMCounter-KeepDayCount') == false">		
			<remove xpath="/windows/window[@name='windowCompass']/rect[@name='hud']"/>
			<append xpath="/windows/window[@name='windowCompass']">
					<rect name="hud" pos="-250,-4" rows="1" cols="1" width="250">
							<sprite pos="0,6" name="Background" sprite="ui_game_header_fill" color="0,0,0,225" foregroundlayer="true" height="46" width="250" type="sliced" />
							<label depth="3" text="" text_key="agfNextBloodMoon" width="140" font_size="20" justify="center" pos="6,2" height="28" visible="{showtime}"/>
							<label depth="3" text="[{daycolor}]{# localization('28daycountdown_' + day%28)}[-]" width="140" font_size="20" justify="center" pos="6,-20" height="28" visible="{showtime}"/>
							
							<label depth="3" text="{timetitle}" width="170" font_size="20" justify="center" pos="86,2" height="28" visible="{showtime}"/>
							<label depth="3" text="[DECEA3]{time}" width="170" font_size="20" justify="center" pos="86,-20" height="28" visible="{showtime}"/>
					</rect>	
			</append>	
		</if>
		<if cond="gamepref('BloodMoonFrequency') == 28 and gamepref('BloodMoonRange') == 0 and mod_loaded('AGF-V2-HUDPlus-1Main') == false and mod_loaded('AGF-V2-HUDPlus-BMCounter-KeepDayCount') == false">					
			<set xpath="/windows/window[@name='windowCompass']/sprite/label/@text">{# localization('agfNextBloodMoon')}:[{daycolor}] {# localization('28daycountdown_' + day%28)}[-]     {timetitle}: {time}</set>
			<set xpath="/windows/window[@name='windowCompass']/sprite/label/@width">500</set>
			<removeattribute xpath="/windows/window[@name='windowCompass']/sprite/label/@upper_case"/>
		</if>
	</conditional>
	
	<conditional>
		<if cond="gamepref('BloodMoonFrequency') == 30 and gamepref('BloodMoonRange') == 0 and mod_loaded('AGF-V2-HUDPlus-1Main') and mod_loaded('AGF-V2-HUDPlus-BMCounter-KeepDayCount') == false">		
			<remove xpath="/windows/window[@name='windowCompass']/rect[@name='hud']"/>
			<append xpath="/windows/window[@name='windowCompass']">
					<rect name="hud" pos="-250,-4" rows="1" cols="1" width="250">
							<sprite pos="0,6" name="Background" sprite="ui_game_header_fill" color="0,0,0,225" foregroundlayer="true" height="46" width="250" type="sliced" />
							<label depth="3" text="" text_key="agfNextBloodMoon" width="140" font_size="20" justify="center" pos="6,2" height="28" visible="{showtime}"/>
							<label depth="3" text="[{daycolor}]{# localization('30daycountdown_' + day%30)}[-]" width="140" font_size="20" justify="center" pos="6,-20" height="28" visible="{showtime}"/>
							
							<label depth="3" text="{timetitle}" width="170" font_size="20" justify="center" pos="86,2" height="28" visible="{showtime}"/>
							<label depth="3" text="[DECEA3]{time}" width="170" font_size="20" justify="center" pos="86,-20" height="28" visible="{showtime}"/>
					</rect>	
			</append>	
		</if>
		<if cond="gamepref('BloodMoonFrequency') == 30 and gamepref('BloodMoonRange') == 0 and mod_loaded('AGF-V2-HUDPlus-1Main') == false and mod_loaded('AGF-V2-HUDPlus-BMCounter-KeepDayCount') == false">					
			<set xpath="/windows/window[@name='windowCompass']/sprite/label/@text">{# localization('agfNextBloodMoon')}:[{daycolor}] {# localization('30daycountdown_' + day%30)}[-]     {timetitle}: {time}</set>
			<set xpath="/windows/window[@name='windowCompass']/sprite/label/@width">500</set>
			<removeattribute xpath="/windows/window[@name='windowCompass']/sprite/label/@upper_case"/>
		</if>
	</conditional>
	
	<conditional>
		<if cond="gamepref('BloodMoonFrequency') == 60 and gamepref('BloodMoonRange') == 0 and mod_loaded('AGF-V2-HUDPlus-1Main') and mod_loaded('AGF-V2-HUDPlus-BMCounter-KeepDayCount') == false">		
			<remove xpath="/windows/window[@name='windowCompass']/rect[@name='hud']"/>
			<append xpath="/windows/window[@name='windowCompass']">
					<rect name="hud" pos="-250,-4" rows="1" cols="1" width="250">
							<sprite pos="0,6" name="Background" sprite="ui_game_header_fill" color="0,0,0,225" foregroundlayer="true" height="46" width="250" type="sliced" />
							<label depth="3" text="" text_key="agfNextBloodMoon" width="140" font_size="20" justify="center" pos="6,2" height="28" visible="{showtime}"/>
							<label depth="3" text="[{daycolor}]{# localization('60daycountdown_' + day%60)}[-]" width="140" font_size="20" justify="center" pos="6,-20" height="28" visible="{showtime}"/>
							
							<label depth="3" text="{timetitle}" width="170" font_size="20" justify="center" pos="86,2" height="28" visible="{showtime}"/>
							<label depth="3" text="[DECEA3]{time}" width="170" font_size="20" justify="center" pos="86,-20" height="28" visible="{showtime}"/>
					</rect>	
			</append>	
		</if>
		<if cond="gamepref('BloodMoonFrequency') == 60 and gamepref('BloodMoonRange') == 0 and mod_loaded('AGF-V2-HUDPlus-1Main') == false and mod_loaded('AGF-V2-HUDPlus-BMCounter-KeepDayCount') == false">					
			<set xpath="/windows/window[@name='windowCompass']/sprite/label/@text">{# localization('agfNextBloodMoon')}:[{daycolor}] {# localization('60daycountdown_' + day%60)}[-]     {timetitle}: {time}</set>
			<set xpath="/windows/window[@name='windowCompass']/sprite/label/@width">500</set>
			<removeattribute xpath="/windows/window[@name='windowCompass']/sprite/label/@upper_case"/>
		</if>
	</conditional>


</AGF-HUDPlus-BMCounter-NoDayCount>