<AGFVanillaPlus-ElectricityPlus>


<!--Electricity Plus, getting more out of single banks, GOOD FOR SERVERS to have less wires-->
		<set xpath="/blocks/block[@name='solarbank']/property[@name='MaxPower']/@value">2000</set>
		<set xpath="/blocks/block[@name='batterybank']/property[@name='MaxPower']/@value">2000</set>
		<set xpath="/blocks/block[@name='solarbank']/property[@name='OutputPerStack']/@value">500</set>
		<set xpath="/blocks/block[@name='batterybank']/property[@name='OutputPerStack']/@value">500</set>
		<set xpath="/blocks/block[@name='batterybank']/property[@name='ChargePerInput']/@value">5</set>

		<set xpath="/blocks/block[@name='generatorbank']/property[@name='OutputPerStack']/@value">1000</set>
		<set xpath="/blocks/block[@name='generatorbank']/property[@name='MaxFuel']/@value">10000</set>
		<!--also edited the windows.xml for easier veiwing of the gas amount in the generator bank-->
		
		<!--economic adjustments-->
		<set xpath="/blocks/block[@name='generatorbank']/property[@name='EconomicValue']/@value">2000</set>
		<set xpath="/blocks/block[@name='batterybank']/property[@name='EconomicValue']/@value">6000</set>
		<set xpath="/blocks/block[@name='solarbank']/property[@name='EconomicValue']/@value">30000</set>
			
		<append xpath="/blocks/block[@name='generatorbank']">
			<property name="SellableToTrader" value="false"/>
		</append>		
		<append xpath="/blocks/block[@name='batterybank']">
			<property name="SellableToTrader" value="false"/>
		</append>
		<append xpath="/blocks/block[@name='solarbank']">
			<property name="UnlockedBy" value="perkAdvancedEngineering"/>
			<property name="SellableToTrader" value="false"/>
		</append>
		
		<!--banks to use the new power core items-->
		<set xpath="/blocks/block[@name='generatorbank']/property[@name='SlotItem']/@value">powerCore</set>
		<set xpath="/blocks/block[@name='solarbank']/property[@name='SlotItem']/@value">powerCore</set>
		<set xpath="/blocks/block[@name='batterybank']/property[@name='SlotItem']/@value">powerCoreCharge</set>

	
		<append xpath="/blocks/block[@name='solarbank']">
			<property name="UnlockedBy" value="craftingElectrician"/>
		</append>




</AGFVanillaPlus-ElectricityPlus>
