<AGFVanillaPlus-SimplifiedStackSizes>


		<!--RebundleBundles-->
		<set xpath="/recipes/recipe[@name='ammoGasCanBundle']/ingredient[@name='ammoGasCan']/@count">30000</set>
		<set xpath="/recipes/recipe[@name='ammoBundle9mmBulletBall']/ingredient[@name='ammo9mmBulletBall']/@count">500</set>
		<set xpath="/recipes/recipe[@name='ammoBundle9mmBulletHP']/ingredient[@name='ammo9mmBulletHP']/@count">500</set>
		<set xpath="/recipes/recipe[@name='ammoBundle9mmBulletAP']/ingredient[@name='ammo9mmBulletAP']/@count">500</set>
		<set xpath="/recipes/recipe[@name='ammoBundle44MagnumBulletBall']/ingredient[@name='ammo44MagnumBulletBall']/@count">500</set>
		<set xpath="/recipes/recipe[@name='ammoBundle44MagnumBulletHP']/ingredient[@name='ammo44MagnumBulletHP']/@count">500</set>
		<set xpath="/recipes/recipe[@name='ammoBundle44MagnumBulletAP']/ingredient[@name='ammo44MagnumBulletAP']/@count">500</set>
		<set xpath="/recipes/recipe[@name='ammoBundle762mmBulletBall']/ingredient[@name='ammo762mmBulletBall']/@count">500</set>
		<set xpath="/recipes/recipe[@name='ammoBundle762mmBulletHP']/ingredient[@name='ammo762mmBulletHP']/@count">500</set>
		<set xpath="/recipes/recipe[@name='ammoBundle762mmBulletAP']/ingredient[@name='ammo762mmBulletAP']/@count">500</set>
		<set xpath="/recipes/recipe[@name='ammoBundleShotgunShell']/ingredient[@name='ammoShotgunShell']/@count">500</set>
		<set xpath="/recipes/recipe[@name='ammoBundleShotgunSlug']/ingredient[@name='ammoShotgunSlug']/@count">500</set>
		<set xpath="/recipes/recipe[@name='ammoBundleShotgunBreachingSlug']/ingredient[@name='ammoShotgunBreachingSlug']/@count">500</set>
		<set xpath="/recipes/recipe[@name='ammoBundleJunkTurretRegular']/ingredient[@name='ammoJunkTurretRegular']/@count">500</set>
		<set xpath="/recipes/recipe[@name='ammoBundleJunkTurretShell']/ingredient[@name='ammoJunkTurretShell']/@count">500</set>
		<set xpath="/recipes/recipe[@name='ammoBundleJunkTurretAP']/ingredient[@name='ammoJunkTurretAP']/@count">500</set>
		<set xpath="/recipes/recipe[@name='ammoBundleArrowFlaming']/ingredient[@name='ammoArrowFlaming']/@count">500</set>
		<set xpath="/recipes/recipe[@name='ammoBundleArrowExploding']/ingredient[@name='ammoArrowExploding']/@count">500</set>
		<set xpath="/recipes/recipe[@name='ammoBundleArrowIron']/ingredient[@name='ammoArrowIron']/@count">500</set>
		<set xpath="/recipes/recipe[@name='ammoBundleArrowSteelAP']/ingredient[@name='ammoArrowSteelAP']/@count">500</set>
		<set xpath="/recipes/recipe[@name='ammoBundleArrowStone']/ingredient[@name='ammoArrowStone']/@count">500</set>
		<set xpath="/recipes/recipe[@name='ammoBundleCrossbowBoltFlaming']/ingredient[@name='ammoCrossbowBoltFlaming']/@count">500</set>
		<set xpath="/recipes/recipe[@name='ammoBundleCrossbowBoltExploding']/ingredient[@name='ammoCrossbowBoltExploding']/@count">500</set>
		<set xpath="/recipes/recipe[@name='ammoBundleCrossbowBoltIron']/ingredient[@name='ammoCrossbowBoltIron']/@count">500</set>
		<set xpath="/recipes/recipe[@name='ammoBundleCrossbowBoltSteelAP']/ingredient[@name='ammoCrossbowBoltSteelAP']/@count">500</set>
		<set xpath="/recipes/recipe[@name='ammoBundleCrossbowBoltStone']/ingredient[@name='ammoCrossbowBoltStone']/@count">500</set>
			




		<!--BUNDLE INGREDIENT counts to represent stack size improvements-->
		<set xpath="/recipes/recipe[@name='ammoGasCanBundle']/ingredient[@name='resourceOilShale']/@count">2400</set>

		<!--BUNDLE INGREDIENT counts to represent stack size improvements to ammo bundles-->
		<set xpath="/recipes/recipe[@name='ammoBundle9mmBulletBall']/ingredient[@name='resourceBulletTip']/@count">400</set>
		<set xpath="/recipes/recipe[@name='ammoBundle9mmBulletBall']/ingredient[@name='resourceGunPowder']/@count">400</set>
		<set xpath="/recipes/recipe[@name='ammoBundle9mmBulletBall']/ingredient[@name='resourceBulletCasing']/@count">400</set>

		<set xpath="/recipes/recipe[@name='ammoBundle9mmBulletHP']/ingredient[@name='resourceBulletTip']/@count">800</set>
		<set xpath="/recipes/recipe[@name='ammoBundle9mmBulletHP']/ingredient[@name='resourceGunPowder']/@count">400</set>
		<set xpath="/recipes/recipe[@name='ammoBundle9mmBulletHP']/ingredient[@name='resourceBulletCasing']/@count">400</set>

		<set xpath="/recipes/recipe[@name='ammoBundle9mmBulletAP']/ingredient[@name='resourceBulletTip']/@count">400</set>
		<set xpath="/recipes/recipe[@name='ammoBundle9mmBulletAP']/ingredient[@name='resourceGunPowder']/@count">800</set>
		<set xpath="/recipes/recipe[@name='ammoBundle9mmBulletAP']/ingredient[@name='resourceBulletCasing']/@count">400</set>

		<set xpath="/recipes/recipe[@name='ammoBundle44MagnumBulletBall']/ingredient[@name='resourceBulletTip']/@count">400</set>
		<set xpath="/recipes/recipe[@name='ammoBundle44MagnumBulletBall']/ingredient[@name='resourceGunPowder']/@count">800</set>
		<set xpath="/recipes/recipe[@name='ammoBundle44MagnumBulletBall']/ingredient[@name='resourceBulletCasing']/@count">400</set>

		<set xpath="/recipes/recipe[@name='ammoBundle44MagnumBulletHP']/ingredient[@name='resourceBulletTip']/@count">800</set>
		<set xpath="/recipes/recipe[@name='ammoBundle44MagnumBulletHP']/ingredient[@name='resourceGunPowder']/@count">800</set>
		<set xpath="/recipes/recipe[@name='ammoBundle44MagnumBulletHP']/ingredient[@name='resourceBulletCasing']/@count">400</set>

		<set xpath="/recipes/recipe[@name='ammoBundle44MagnumBulletAP']/ingredient[@name='resourceBulletTip']/@count">400</set>
		<set xpath="/recipes/recipe[@name='ammoBundle44MagnumBulletAP']/ingredient[@name='resourceGunPowder']/@count">1200</set>
		<set xpath="/recipes/recipe[@name='ammoBundle44MagnumBulletAP']/ingredient[@name='resourceBulletCasing']/@count">400</set>

		<set xpath="/recipes/recipe[@name='ammoBundle762mmBulletBall']/ingredient[@name='resourceBulletTip']/@count">400</set>
		<set xpath="/recipes/recipe[@name='ammoBundle762mmBulletBall']/ingredient[@name='resourceGunPowder']/@count">1200</set>
		<set xpath="/recipes/recipe[@name='ammoBundle762mmBulletBall']/ingredient[@name='resourceBulletCasing']/@count">400</set>

		<set xpath="/recipes/recipe[@name='ammoBundle762mmBulletHP']/ingredient[@name='resourceBulletTip']/@count">800</set>
		<set xpath="/recipes/recipe[@name='ammoBundle762mmBulletHP']/ingredient[@name='resourceGunPowder']/@count">1200</set>
		<set xpath="/recipes/recipe[@name='ammoBundle762mmBulletHP']/ingredient[@name='resourceBulletCasing']/@count">400</set>

		<set xpath="/recipes/recipe[@name='ammoBundle762mmBulletAP']/ingredient[@name='resourceBulletTip']/@count">400</set>
		<set xpath="/recipes/recipe[@name='ammoBundle762mmBulletAP']/ingredient[@name='resourceGunPowder']/@count">2000</set>
		<set xpath="/recipes/recipe[@name='ammoBundle762mmBulletAP']/ingredient[@name='resourceBulletCasing']/@count">400</set>

		<set xpath="/recipes/recipe[@name='ammoBundleShotgunShell']/ingredient[@name='resourceBuckshot']/@count">400</set>
		<set xpath="/recipes/recipe[@name='ammoBundleShotgunShell']/ingredient[@name='resourceGunPowder']/@count">1600</set>
		<set xpath="/recipes/recipe[@name='ammoBundleShotgunShell']/ingredient[@name='resourcePaper']/@count">400</set>	

		<set xpath="/recipes/recipe[@name='ammoBundleShotgunSlug']/ingredient[@name='resourceBulletTip']/@count">800</set>
		<set xpath="/recipes/recipe[@name='ammoBundleShotgunSlug']/ingredient[@name='resourceGunPowder']/@count">1600</set>
		<set xpath="/recipes/recipe[@name='ammoBundleShotgunSlug']/ingredient[@name='resourceScrapPolymers']/@count">400</set>	

		<set xpath="/recipes/recipe[@name='ammoBundleShotgunBreachingSlug']/ingredient[@name='resourceForgedSteel']/@count">1600</set>
		<set xpath="/recipes/recipe[@name='ammoBundleShotgunBreachingSlug']/ingredient[@name='resourceClayLump']/@count">800</set>
		<set xpath="/recipes/recipe[@name='ammoBundleShotgunBreachingSlug']/ingredient[@name='resourceGunPowder']/@count">1600</set>	
		<set xpath="/recipes/recipe[@name='ammoBundleShotgunBreachingSlug']/ingredient[@name='resourceScrapPolymers']/@count">400</set>	
			
		<set xpath="/recipes/recipe[@name='ammoBundleArrowFlaming']/ingredient[@name='resourceArrowHeadSteelAP']/@count">400</set>
		<set xpath="/recipes/recipe[@name='ammoBundleArrowFlaming']/ingredient[@name='resourceFeather']/@count">400</set>
		<set xpath="/recipes/recipe[@name='ammoBundleArrowFlaming']/ingredient[@name='resourceGunPowder']/@count">800</set>	
		<set xpath="/recipes/recipe[@name='ammoBundleArrowFlaming']/ingredient[@name='resourceCloth']/@count">400</set>	
		<set xpath="/recipes/recipe[@name='ammoBundleArrowFlaming']/ingredient[@name='resourceAnimalFat']/@count">400</set>	

		<set xpath="/recipes/recipe[@name='ammoBundleArrowExploding']/ingredient[@name='resourceArrowHeadSteelAP']/@count">400</set>
		<set xpath="/recipes/recipe[@name='ammoBundleArrowExploding']/ingredient[@name='resourceFeather']/@count">400</set>
		<set xpath="/recipes/recipe[@name='ammoBundleArrowExploding']/ingredient[@name='resourceGunPowder']/@count">2400</set>	
		<set xpath="/recipes/recipe[@name='ammoBundleArrowExploding']/ingredient[@name='resourceDuctTape']/@count">400</set>	
			
		<set xpath="/recipes/recipe[@name='ammoBundleArrowIron']/ingredient[@name='resourceArrowHeadIron']/@count">400</set>
		<set xpath="/recipes/recipe[@name='ammoBundleArrowIron']/ingredient[@name='resourceWood']/@count">400</set>
		<set xpath="/recipes/recipe[@name='ammoBundleArrowIron']/ingredient[@name='resourceFeather']/@count">400</set>	

		<set xpath="/recipes/recipe[@name='ammoBundleArrowSteelAP']/ingredient[@name='resourceArrowHeadSteelAP']/@count">400</set>
		<set xpath="/recipes/recipe[@name='ammoBundleArrowSteelAP']/ingredient[@name='resourceFeather']/@count">400</set>

		<set xpath="/recipes/recipe[@name='ammoBundleArrowStone']/ingredient[@name='resourceRockSmall']/@count">400</set>
		<set xpath="/recipes/recipe[@name='ammoBundleArrowStone']/ingredient[@name='resourceWood']/@count">400</set>
		<set xpath="/recipes/recipe[@name='ammoBundleArrowStone']/ingredient[@name='resourceFeather']/@count">400</set>
			
		<set xpath="/recipes/recipe[@name='ammoBundleCrossbowBoltFlaming']/ingredient[@name='resourceArrowHeadSteelAP']/@count">400</set>
		<set xpath="/recipes/recipe[@name='ammoBundleCrossbowBoltFlaming']/ingredient[@name='resourceFeather']/@count">400</set>
		<set xpath="/recipes/recipe[@name='ammoBundleCrossbowBoltFlaming']/ingredient[@name='resourceGunPowder']/@count">800</set>	
		<set xpath="/recipes/recipe[@name='ammoBundleCrossbowBoltFlaming']/ingredient[@name='resourceCloth']/@count">400</set>	
		<set xpath="/recipes/recipe[@name='ammoBundleCrossbowBoltFlaming']/ingredient[@name='resourceAnimalFat']/@count">400</set>	

		<set xpath="/recipes/recipe[@name='ammoBundleCrossbowBoltExploding']/ingredient[@name='resourceArrowHeadSteelAP']/@count">400</set>
		<set xpath="/recipes/recipe[@name='ammoBundleCrossbowBoltExploding']/ingredient[@name='resourceFeather']/@count">400</set>
		<set xpath="/recipes/recipe[@name='ammoBundleCrossbowBoltExploding']/ingredient[@name='resourceGunPowder']/@count">3200</set>	
		<set xpath="/recipes/recipe[@name='ammoBundleCrossbowBoltExploding']/ingredient[@name='resourceDuctTape']/@count">400</set>	
			
		<set xpath="/recipes/recipe[@name='ammoBundleCrossbowBoltIron']/ingredient[@name='resourceArrowHeadIron']/@count">400</set>
		<set xpath="/recipes/recipe[@name='ammoBundleCrossbowBoltIron']/ingredient[@name='resourceWood']/@count">400</set>
		<set xpath="/recipes/recipe[@name='ammoBundleCrossbowBoltIron']/ingredient[@name='resourceFeather']/@count">400</set>	

		<set xpath="/recipes/recipe[@name='ammoBundleCrossbowBoltSteelAP']/ingredient[@name='resourceArrowHeadSteelAP']/@count">400</set>
		<set xpath="/recipes/recipe[@name='ammoBundleCrossbowBoltSteelAP']/ingredient[@name='resourceFeather']/@count">400</set>

		<set xpath="/recipes/recipe[@name='ammoBundleCrossbowBoltStone']/ingredient[@name='resourceRockSmall']/@count">400</set>
		<set xpath="/recipes/recipe[@name='ammoBundleCrossbowBoltStone']/ingredient[@name='resourceWood']/@count">400</set>
		<set xpath="/recipes/recipe[@name='ammoBundleCrossbowBoltStone']/ingredient[@name='resourceFeather']/@count">400</set>
			

</AGFVanillaPlus-SimplifiedStackSizes>


