<AGFVanillaPlus-VehicleSafeAircraftJumps>


<!--to jump out of aircrafts safely, lol-->


		<!--Buff applied to the player-->		
		<append xpath="/buffs">
			<buff name="buffSafeJumperDisplay" name_key="SafeJumper" description_key="SafeJumperDesc" icon="ui_game_symbol_candy_oh_shitz" icon_color="0,255,0">
				<stack_type value="ignore"/>
				<duration value="0"/>
			</buff>
			
			<buff name="buffSafeJumper" name_key="SafeJumper" description_key="SafeJumperDesc" icon="ui_game_symbol_candy_oh_shitz" icon_color="255,0,0" icon_blink="true">
				<stack_type value="ignore"/>
				<duration value="8"/>
				<display_value value="duration"/>
			</buff>				
		</append>
		
		
		<!--When buff is on, prevents falling damage.-->
		<insertafter xpath="buffs/buff[@name='buffPlayerFallingDamage']/effect_group/requirement[@buff='buffDrugOhShitzDrops']">
			<requirement name="!HasBuff" buff="buffSafeJumper"/> 
			<requirement name="!HasBuff" buff="buffSafeJumperDisplay"/> 
		</insertafter>
		<insertafter xpath="buffs/buff[@name='buffPlayerFallingDamage']/effect_group/triggered_effect/requirement[@buff='buffDrugOhShitzDrops']">
			<requirement name="!HasBuff" buff="buffSafeJumper"/> 
			<requirement name="!HasBuff" buff="buffSafeJumperDisplay"/> 
		</insertafter>
		<insertafter xpath="buffs/buff[@name='buffLegSprainedFallTrigger']/effect_group/requirement[@buff='buffDrugOhShitzDrops']">
			<requirement name="!HasBuff" buff="buffSafeJumper"/> 
			<requirement name="!HasBuff" buff="buffSafeJumperDisplay"/> 
		</insertafter>


<!--checking if you are on an aircraft or not-->
<append xpath="/buffs/buff[@name='buffStatusCheck01']">

	<!--Adding the display when you are ON an aircraft.-->
	<effect_group name="agfAircraftCheck">
		<requirement name="IsAttachedToEntity"/>
		<triggered_effect trigger="onSelfBuffUpdate" action="AddBuff" buff="buffSafeJumperDisplay"/>
	</effect_group>	
	
	<!--Starting the countdown for when you are no longer on the aircraft-->
	<effect_group>
		<requirement name="!IsAttachedToEntity"/>
		<requirement name="HasBuff" buff="buffSafeJumperDisplay"/>
		<triggered_effect trigger="onSelfBuffUpdate" action="AddBuff" buff="buffSafeJumper"/>
		<triggered_effect trigger="onSelfBuffUpdate" action="RemoveBuff" buff="buffSafeJumperDisplay"/>
	</effect_group>
</append>


		
</AGFVanillaPlus-VehicleSafeAircraftJumps>


