<AGFVanillaPlus-FarmingPlus>

<!--FARMING PLUS-->
		<!--plant birds nests-->
		<append xpath="/recipes">
			<recipe name="birdsNestEmpty" count="1" craft_time="20" tags="learnable,perkLivingOffTheLand">
				<ingredient name="resourceYuccaFibers" count="10"/>
				<ingredient name="foodCornMeal" count="5"/>
			</recipe>
		</append>
		<!--plant bee flower for honey-->
		<append xpath="/recipes">
			<recipe name="beeFlower" count="1" craft_time="20" tags="learnable,perkLivingOffTheLand">
				<ingredient name="plantedChrysanthemum1" count="5"/>
				<ingredient name="plantedGoldenrod1" count="5"/>
				<ingredient name="resourceYuccaFibers" count="5"/>
			</recipe>
		</append>

	
		<!--Seed recipe requirements reduced with levels in farming-->
		<append xpath="/recipes/recipe[starts-with(@name,'planted')]/@tags">,perkLivingOffTheLandCrafting</append>
		<append xpath="/recipes/recipe[starts-with(@name,'planted')]">
			<effect_group>
				<passive_effect name="CraftingIngredientCount" level="3" operation="base_add" value="-2" tags="resourceCropAloeLeaf,foodCropBlueberries,resourceCropChrysanthemumPlant,resourceCropCoffeeBeans,foodCropCorn,resourceCropCottonPlant,resourceCropGoldenrodPlant,foodCropGraceCorn,resourceCropHopsFlower,foodCropMushrooms,foodCropPotato,foodCropYuccaFruit,foodCropPumpkin,resourceYuccaFibers"/>
			</effect_group>
		</append>	
		
		
</AGFVanillaPlus-FarmingPlus>


