<AGFVanillaPlus-StorageSizePlus>




		<!--Rolling Toolbox to have a little larger container size than the small toolbox-->
		<set xpath="/lootcontainers/lootcontainer[@name='rollingToolBox']/@size">6,4</set>

		<!--larger basic storages, to max size-->
		<set xpath="/lootcontainers/lootcontainer[@name='playerStorage']/@size">8,8</set> <!--(8,6) Vanilla -->
		<set xpath="/lootcontainers/lootcontainer[@name='playerBackpack']/@size">9,10</set><!--(7,10) Vanilla -->
		<set xpath="/lootcontainers/lootcontainer[@name='storageCrate']/@size">10,10</set><!--(8,9) Vanilla -->
		<set xpath="/lootcontainers/lootcontainer[@name='gunSafe']/@size">10,10</set><!--(8,9) Vanilla -->


		
</AGFVanillaPlus-StorageSizePlus>