<configs>

<set xpath="/vehicles/vehicle[@name='vehicleBoxTruckPlain']/property[@name='velocityMax']/@value">12,14</set> <!--10, 12 default-->
<set xpath="/vehicles/vehicle[@name='vehicleBoxTruckHostess']/property[@name='velocityMax']/@value">12,14</set> <!--10, 12 default-->
<set xpath="/vehicles/vehicle[@name='vehicleBRDM2']/property[@name='velocityMax']/@value">15,15</set> <!--14, 14 default-->
<set xpath="/vehicles/vehicle[@name='vehicleBRDM2desert']/property[@name='velocityMax']/@value">15,15</set> <!--14, 14 default-->
<set xpath="/vehicles/vehicle[@name='vehicleGolfCart']/property[@name='velocityMax']/@value">9,14</set> <!--8, 10 default-->
<set xpath="/vehicles/vehicle[@name='vehicleMRAP']/property[@name='velocityMax']/@value">14,14</set> <!--13, 13 default-->
<set xpath="/vehicles/vehicle[@name='vehicleMRAP2']/property[@name='velocityMax']/@value">14,14</set> <!--13, 13 default-->
<set xpath="/vehicles/vehicle[@name='vehicleSHERP']/property[@name='velocityMax']/@value">15,15</set> <!--14, 14 default-->


<remove xpath="/vehicles/vehicle/property/property[@name='mod']"/>

<set xpath="/vehicles/vehicle/property[@class='force0']/property[@name='ceiling']/@value">260,280</set>

</configs>