<AGFVanillaPlus-BedrollPlus>

<append xpath="/materials">
	<material id="Mfurnituremetal">
		<property name="surface_category" value="metal"/>
		<property name="damage_category" value="metal"/>
		<property name="forge_category" value="wood"/>
		<property name="Hardness" type="float" value="1"/>
		<property name="stepsound" value="cloth"/>
		<property name="stability_glue" value="5"/>
		<property name="Mass" type="int" value="5"/>
		<property name="StabilitySupport" value="false"/>
		<property name="MaxDamage" value="300"/>
		<property name="Experience" value="2"/>
	</material>
	<material id="Mfurniturecloth">
		<property name="surface_category" value="cloth"/>
		<property name="damage_category" value="cloth"/>
		<property name="forge_category" value="wood"/>
		<property name="Hardness" type="float" value="1"/>
		<property name="stepsound" value="cloth"/>
		<property name="stability_glue" value="5"/>
		<property name="Mass" type="int" value="5"/>
		<property name="StabilitySupport" value="false"/>
		<property name="MaxDamage" value="300"/>
		<property name="Experience" value="2"/>
	</material>
</append>


</AGFVanillaPlus-BedrollPlus>