<AGFVanillaPlus-ArmorHarvestMods>


	<conditional>
		<if cond="mod_loaded('AGF-V2-HUDPlus-PurpleBook')">
			<set xpath="/windows/window[@name='Schematics']/rect[@name='tabs']/rect[@name='tabsContents']/rect[@name='craftinglistTab']/rect[@name='tabs']/rect[@name='tabsContents']/rect[@name='allChecklists']/grid[@name='checklistArmors']/entry[@name='Q1']/sprite[@height='312']/@height">362</set>
			<set xpath="/windows/window[@name='Schematics']/rect[@name='tabs']/rect[@name='tabsContents']/rect[@name='craftinglistTab']/rect[@name='tabs']/rect[@name='tabsContents']/rect[@name='allChecklists']/grid[@name='checklistArmors']/entry[@name='Q6']/filledsprite[@fill='{cvar(craftingArmorCheck100)}']/@height">262</set>
			
			
			<insertafter xpath="/windows/window[@name='Schematics']/rect[@name='tabs']/rect[@name='tabsContents']/rect[@name='craftinglistTab']/rect[@name='tabs']/rect[@name='tabsContents']/rect[@name='allChecklists']/grid[@name='armorIcons']/entry/sprite[@tooltip_key='armorRaiderOutfit']">
				<sprite name="itemIcon" depth="3" pos="2,-31" size="21,21" foregroundlayer="true" atlas="ItemIconAtlas" sprite="plantedPumpkin1" color="147, 12, 248" tooltip_key="modArmorFarmer"/>
				<sprite name="itemIcon" depth="3" pos="25,-31" size="21,21" foregroundlayer="true" atlas="ItemIconAtlas" sprite="meleeToolAxeT2SteelAxe" color="147, 12, 248" tooltip_key="modArmorLumberjack"/>
				<sprite name="itemIcon" depth="3" pos="2,-53" size="21,21" foregroundlayer="true" atlas="ItemIconAtlas" sprite="meleeToolPickT2SteelPickaxe" color="147, 12, 248" tooltip_key="modArmorMiner"/>
				<sprite name="itemIcon" depth="3" pos="25,-53" size="21,21" foregroundlayer="true" atlas="ItemIconAtlas" sprite="meleeToolSalvageT2Ratchet" color="147, 12, 248" tooltip_key="modArmorScavenger"/>
			
				<sprite depth="8" name="itemtypeicon" pos="3,-31" width="10" height="10" sprite="ui_game_symbol_assemble" foregroundlayer="true" color=""/>
				<sprite depth="8" name="itemtypeicon" pos="26,-31" width="10" height="10" sprite="ui_game_symbol_assemble" foregroundlayer="true" color=""/>
				<sprite depth="8" name="itemtypeicon" pos="3,-53" width="10" height="10" sprite="ui_game_symbol_assemble" foregroundlayer="true" color=""/>
				<sprite depth="8" name="itemtypeicon" pos="26,-53" width="10" height="10" sprite="ui_game_symbol_assemble" foregroundlayer="true" color=""/>				
			</insertafter>

			<!--Zoomed-->
			
			
			
<set xpath="/windows/window[@name='Schematics']/rect[@name='tabs']/rect[@name='tabsContents']/rect[@name='craftinglistTab']/rect[@name='tabs']/rect[@name='tabsContents']/rect[@name='zoomedArmors']/grid[@name='checklistArmors']/@pos">695,-260</set>				
<set xpath="/windows/window[@name='Schematics']/rect[@name='tabs']/rect[@name='tabsContents']/rect[@name='craftinglistTab']/rect[@name='tabs']/rect[@name='tabsContents']/rect[@name='zoomedArmors']/grid[@name='checklistArmors']/entry[@name='QSection']/sprite[@height='200']/@height">250</set>	
<set xpath="/windows/window[@name='Schematics']/rect[@name='tabs']/rect[@name='tabsContents']/rect[@name='craftinglistTab']/rect[@name='tabs']/rect[@name='tabsContents']/rect[@name='zoomedArmors']/grid[@name='checklistArmors']/entry[@name='QSection']/filledsprite[@height='200']/@height">250</set>					
			
			<insertafter xpath="/windows/window[@name='Schematics']/rect[@name='tabs']/rect[@name='tabsContents']/rect[@name='craftinglistTab']/rect[@name='tabs']/rect[@name='tabsContents']/rect[@name='zoomedArmors']/grid[@name='checklistArmors']/entry[@name='QSection']/sprite[@sprite='armorRaiderOutfit']">		
						<!--Icons-->
					<sprite name="itemIcon" depth="3" pos="2,-190" size="50,50" foregroundlayer="true" atlas="ItemIconAtlas" sprite="plantedPumpkin1" color="147, 12, 248" tooltip_key="modArmorFarmer"/>
					<sprite name="itemtypeicon" depth="8" pos="2,-190"  width="20" height="20" sprite="ui_game_symbol_assemble" foregroundlayer="true" color=""/>
				
					<sprite name="itemIcon" depth="3" pos="51,-190" size="50,50" foregroundlayer="true" atlas="ItemIconAtlas" sprite="meleeToolAxeT2SteelAxe" color="147, 12, 248" tooltip_key="modArmorLumberjack"/>
					<sprite name="itemtypeicon" depth="8" pos="51,-190"  width="20" height="20" sprite="ui_game_symbol_assemble" foregroundlayer="true" color=""/>
									
					<sprite name="itemIcon" depth="3" pos="102,-190" size="50,50" foregroundlayer="true" atlas="ItemIconAtlas" sprite="meleeToolPickT2SteelPickaxe" color="147, 12, 248" tooltip_key="modArmorMiner"/>
					<sprite name="itemtypeicon" depth="8" pos="102,-190"  width="20" height="20" sprite="ui_game_symbol_assemble" foregroundlayer="true" color=""/>
										
					<sprite name="itemIcon" depth="3" pos="152,-190" size="50,50" foregroundlayer="true" atlas="ItemIconAtlas" sprite="meleeToolSalvageT2Ratchet" color="147, 12, 248" tooltip_key="modArmorScavenger"/>
					<sprite name="itemtypeicon" depth="8" pos="152,-190"  width="20" height="20" sprite="ui_game_symbol_assemble" foregroundlayer="true" color=""/>
								
			</insertafter>						
		</if>
	</conditional>




</AGFVanillaPlus-ArmorHarvestMods>

