<AGFVanillaPlus-DewsPlus>


<!--Did NOT change the original dew collector size.
	Created a new one to replace the existing one.
	This makes applying this mod to an existing save safe.-->
<append xpath="/blocks">
	<block name="cntDewCollectorAGF">
		<property name="Class" value="DewCollector"/>
		<property name="UnlockedBy" value="craftingWorkstations"/>
		<property name="WorkstationIcon" value="ui_game_symbol_water"/>
		<property name="CreativeMode" value="Player"/>
		<property name="CustomIcon" value="cntDewCollector"/>
		<property name="DescriptionKey" value="dewCollectorDesc"/>
		<property name="Material" value="MFuelBarrelPolymer"/>
		<property name="Shape" value="ModelEntity"/>
		<property name="Model" value="Entities/Furniture/collectorDewPrefab"/>
		<property name="MultiBlockDim" value="2,3,2"/><!--Changes the size-->
		<property name="ImposterExchange" value="imposterBlock" param1="77"/>
		<property name="WaterFlow" value="permitted"/>
		<property name="Place" value="TowardsPlacerInverted"/>
		<property name="RestrictSubmergedPlacement" value="true"/>
		<property name="AllowedRotations" value="Basic90"/>
		<property name="Path" value="solid"/>
		<property name="IsDecoration" value="true"/>
		<property name="StabilitySupport" value="false"/>
		<property name="OpenSound" value="collector_open"/>
		<property name="CloseSound" value="collector_close"/>
		<property name="ConvertSound" value="collector_complete_item"/>
		<property name="MinConvertTime" value="21600"/> <!-- 21600 Game Seconds = 6 Game Hours -->
		<property name="MaxConvertTime" value="36000"/> <!-- 36000 Game Seconds = 10 Game Hours -->
		<property name="ConvertToItem" value="drinkJarRiverWater"/>
		<property name="ModdedConvertToItem" value="drinkJarBoiledWater"/>
		<property name="ModdedConvertSpeed" value="2"/>
		<property name="ModdedConvertCount" value="2"/>	
		<property name="ModTransformNames" value="1,2,3"/>
		<property name="ModTypes" value="Speed,Count,Type"/>
		<property name="EconomicValue" value="5"/>
		<property name="EconomicBundleSize" value="1"/>
		<property name="SellableToTrader" value="false"/>
		<property name="MaxDamage" value="200"/>
		<property name="HeatMapStrength" value="2"/>
		<property name="HeatMapTime" value="5000"/>
		<property name="HeatMapFrequency" value="1000"/>
		<property class="RepairItems">
			<property name="resourceScrapPolymers" value="50"/>
		</property>
		<drop event="Harvest" name="resourceScrapPolymers" count="10,15" tag="allHarvest"/>
		<drop event="Harvest" name="resourceMetalPipe" count="1,3" tag="allHarvest"/>
		<drop event="Destroy" name="resourceScrapPolymers" count="10,15"/>
		<property name="DestroyFX" value="blockdestroy_cloth,collector_destroy"/>
		<property name="SortOrder1" value="B281"/>
		<property name="SortOrder2" value="0101"/>
		<property name="Group" value="Basics,Food/Cooking,Building,advBuilding"/>
		<property name="Tags" value="workstationSkill,twitch_workstation"/>
		<property name="FilterTags" value="MC_playerBlocks,SC_decor"/>
	</block>
</append>


<!--The x5 version-->
<append xpath="/blocks">
	<block name="cntDewCollectorAGFx5">
		<property name="Class" value="DewCollector"/>
		<property name="UnlockedBy" value="craftingWorkstations"/>
		<property name="CustomIcon" value="cntDewCollector"/>
		<property name="CustomIconTint" value="DDCDFA"/>
		<property name="ItemTypeIcon" value="radial_number_5"/>
		<property name="TintColor" value="DDCDFA"/>
		<property name="WorkstationIcon" value="ui_game_symbol_water"/>
		<property name="CreativeMode" value="Player"/>
		<property name="DescriptionKey" value="dewCollectorDescx5"/>
		<property name="Material" value="MFuelBarrelPolymer"/>
		<property name="Shape" value="ModelEntity"/>
		<property name="Model" value="Entities/Furniture/collectorDewPrefab"/>
		<property name="MultiBlockDim" value="2,3,2"/><!--Changes the size-->
		<property name="ImposterExchange" value="imposterBlock" param1="77"/>
		<property name="WaterFlow" value="permitted"/>
		<property name="Place" value="TowardsPlacerInverted"/>
		<property name="RestrictSubmergedPlacement" value="true"/>
		<property name="AllowedRotations" value="Basic90"/>
		<property name="Path" value="solid"/>
		<property name="IsDecoration" value="true"/>
		<property name="StabilitySupport" value="false"/>
		<property name="OpenSound" value="collector_open"/>
		<property name="CloseSound" value="collector_close"/>
		<property name="ConvertSound" value="collector_complete_item"/>
		<property name="MinConvertTime" value="21600"/> <!-- 21600 Game Seconds = 6 Game Hours -->
		<property name="MaxConvertTime" value="36000"/> <!-- 36000 Game Seconds = 10 Game Hours -->
		<property name="ConvertToItem" value="drinkJarRiverWaterx5"/>
		<property name="ModdedConvertToItem" value="drinkJarBoiledWaterx5"/>
		<property name="ModdedConvertSpeed" value="2"/>
		<property name="ModdedConvertCount" value="2"/>
		<property name="ModTransformNames" value="1,2,3"/>
		<property name="ModTypes" value="Speed,Count,Type"/>
		<property name="EconomicValue" value="25"/>
		<property name="NoScrapping" value="true"/>
		<property name="EconomicBundleSize" value="1"/>
		<property name="SellableToTrader" value="false"/>
		<property name="MaxDamage" value="1000"/>
		<property name="HeatMapStrength" value="10"/>
		<property name="HeatMapTime" value="25000"/>
		<property name="HeatMapFrequency" value="5000"/>
		<property class="RepairItems">
			<property name="resourceScrapPolymers" value="50"/>
		</property>
		<drop event="Harvest" name="resourceScrapPolymers" count="50,75" tag="allHarvest"/>
		<drop event="Harvest" name="resourceMetalPipe" count="5,15" tag="allHarvest"/>
		<drop event="Destroy" name="resourceScrapPolymers" count="50,75"/>
		<property name="DestroyFX" value="blockdestroy_cloth,collector_destroy"/>
		<property name="SortOrder1" value="B281"/>
		<property name="SortOrder2" value="0102"/>
		<property name="Group" value="Basics,Food/Cooking,Building,advBuilding"/>
		<property name="Tags" value="workstationSkill,twitch_workstation"/>
		<property name="FilterTags" value="MC_playerBlocks,SC_decor"/>
	</block>
</append>




<!--Makes older version destroyable into the new one!
	Removes existing harvesting potential as well.-->
<set xpath="/blocks/block[@name='cntDewCollector']/drop[@event='Destroy']/@name">cntDewCollectorAGF</set>
<set xpath="/blocks/block[@name='cntDewCollector']/drop[@event='Destroy']/@count">1</set>
<set xpath="/blocks/block[@name='cntDewCollector']/drop[@event='Harvest']/@count">0</set>





</AGFVanillaPlus-DewsPlus>
