<AGFVanillaPlus-FarmingPlus>

<!--THIS is for my crafting checklist in my HUDPlus. If you don't have HUDPlus mod, that's ok, but it will show a few yellow errors that will NOT break your game-->

	<!--Crafting List adjustment-->
	<set xpath="/windows/window[@name='Schematics']/rect[@name='tabs']/rect[@name='tabsContents']/rect[@name='craftinglistTab']/rect[@name='tabs']/rect[@name='tabsContents']/rect[@name='allChecklists']/grid[@name='checklistSeeds']/entry[@name='plantedPotato1']/sprite[@name='backgroundSection']/@height">62</set>
	<set xpath="/windows/window[@name='Schematics']/rect[@name='tabs']/rect[@name='tabsContents']/rect[@name='craftinglistTab']/rect[@name='tabs']/rect[@name='tabsContents']/rect[@name='allChecklists']/grid[@name='checklistSeeds']/entry[@name='plantedPotato1']/sprite[@name='backgroundBorderSection']/@height">62</set>
	
	<set xpath="/windows/window[@name='Schematics']/rect[@name='tabs']/rect[@name='tabsContents']/rect[@name='craftinglistTab']/rect[@name='tabs']/rect[@name='tabsContents']/rect[@name='allChecklists']/grid[@name='checklistSeeds']/entry[@name='plantedPotato1']/filledsprite/@height">60</set>
	
	<insertafter xpath="/windows/window[@name='Schematics']/rect[@name='tabs']/rect[@name='tabsContents']/rect[@name='craftinglistTab']/rect[@name='tabs']/rect[@name='tabsContents']/rect[@name='allChecklists']/grid[@name='checklistSeeds']/entry[@name='Icon-plantedPotato1']">
		<entry/>
		<entry/>
		<entry/>
		<entry/>
		<entry name="Icon">
			<sprite name="itemIcon" depth="3" pos="2,7" size="28,28" foregroundlayer="true" atlas="ItemIconAtlas" sprite="forestFlower" color="" tooltip_key="beeFlower"/>
		</entry>
		<entry name="Icon">
			<sprite name="itemIcon" depth="3" pos="-4,7" size="28,28" foregroundlayer="true" atlas="ItemIconAtlas" sprite="cntBirdnest" color="" tooltip_key="birdsNestEmpty"/>
		</entry>		
	</insertafter>

	
	<!--Crafting List-Zoomed adjustment-->
	<set xpath="/windows/window[@name='Schematics']/rect[@name='tabs']/rect[@name='tabsContents']/rect[@name='craftinglistTab']/rect[@name='tabs']/rect[@name='tabsContents']/rect[@name='zoomedSeeds']/grid[@name='checklistSeeds']/entry[@name='QSectionPotato']/sprite[@sprite='plantedPotato1']/@pos">158,-40</set>
	<insertafter xpath="/windows/window[@name='Schematics']/rect[@name='tabs']/rect[@name='tabsContents']/rect[@name='craftinglistTab']/rect[@name='tabs']/rect[@name='tabsContents']/rect[@name='zoomedSeeds']/grid[@name='checklistSeeds']/entry[@name='QSectionPotato']/sprite[@sprite='plantedPotato1']">
		<sprite name="itemIcon" depth="3" pos="184,-15" size="100,100" foregroundlayer="true" atlas="ItemIconAtlas" sprite="forestFlower" color="" tooltip_key="beeFlower"/>
		<sprite name="itemIcon" depth="4" pos="235,-35" size="75,75" foregroundlayer="true" atlas="ItemIconAtlas" sprite="cntBirdnest" color="" tooltip_key="birdsNestEmpty"/>
	</insertafter>

</AGFVanillaPlus-FarmingPlus>

