<AGFVanillaPlus-TraderVendingMachine>
	

<!--TRADER Vending machines
		Essentially, trader managed vending machines available at 10% for those who have good relations with the trader.-->
	

	<insertafter xpath="/traders/trader_item_groups/trader_item_group[@name='traderElectrical']">
		<trader_item_group name="AGFVending">
			<item name="cntVendingMachine2" count="1"/>
			<item name="cntVendingMachineSnacksFull" count="1"/>
			<item name="cntVendingMachineEnergy" count="1"/>
			<item name="cntVendingMachineWater" count="1"/>
		</trader_item_group>
	</insertafter>
	
	<append xpath="/traders/trader_item_groups/trader_item_group[@name='traderGeneral']">
		<item group="AGFVending" count="1,2"/>
	</append>




</AGFVanillaPlus-TraderVendingMachine>
