<AGFVanillaPlus-DewsPlus>


<!--this replaces the existing dew collector recipe to the 2x3x2-->
<set xpath="/recipes/recipe[@name='cntDewCollector']/@name">cntDewCollectorAGF</set>


<!--to be able to combine 5 into 1
	It is math appropriate to make the tools take 4, not 5...
	...because you still need one of each into the x5 version
	...which equals five.-->
<append xpath="/recipes">
	<recipe name="cntDewCollectorAGFx5" count="1" craft_time="5" tags="learnable,workbenchCrafting">
		<ingredient name="cntDewCollectorAGF" count="5"/>
		<ingredient name="toolDewGatherer" count="4"/>
		<ingredient name="toolDewTarp" count="4"/>
		<ingredient name="toolDewFilter" count="4"/>
	</recipe>
</append>



</AGFVanillaPlus-DewsPlus>

