Name,Sort Step 1,Sort Step 2
oldWoodDoor,1,1
oldWoodDoorDouble,1,2
woodHatch,1,3
shuttersWood01,1,4
shuttersWood02,1,5
cellarDoorDoubleWood,1,6
shuttersIron01,1,7
shuttersIron02,1,8
cellarDoorDoubleIron,1,9
ironDoorWhite,2,1
ironDoorDoubleWhite,2,2
ironHatchWhite,2,3
vaultDoor01,3,1
vaultDoor01Double,3,2
vaultHatch01,3,3
manholeHatch,3,4
shuttersSteel01,3,5
shuttersSteel02,3,6
cellarDoorDoubleSteel,3,7
woodenFenceDoorWhite,4,1
chainlinkFenceDoor,5,1
chainlinkFenceDoorDouble,5,2
chainlinkGateDouble,5,3
chainlinkGateDoubleWide,5,4
doorWoodLargeGate,5,5
ironGarageDoorWhite,6,1
woodenGarageDoor3x3White,6,2
woodenGarageDoor4x3White,6,3
woodenGarageDoor5x3White,6,4
steelGarageDoor3x3White,6,5
steelGarageDoor4x3White,6,6
steelGarageDoor5x3White,6,7
rollUpDoor3x3White,7,1
rollUpDoor5x4White,7,2
rollUpDoor7x4White,7,3
rollUpGate3x3White,7,4
rollUpGate4x3White,7,5
rollUpGate4x3DiagonalWhite,7,6
rollUpGate5x3White,7,7
exteriorHouseDoorOldWhite,8,1
exteriorHouseDoorDoubleOldWhite,8,2
exteriorHouseDoorWhite,8,3
exteriorHouseDoorDoubleWhite,8,4
exteriorHouseDoorSideLightWhite,8,5
exteriorHouseDoorSideLightSingleWhite,8,6
frenchDoorWhite,8,7
frenchDoorDoubleWhite,8,8
exteriorScreenDoor,9,1
exteriorScreenDoornNoFrame,9,2
commercialGlassDoor,9,3
commercialGlassDoorDouble,9,4
commercialBulletproofGlassDoor,9,5
commercialBulletproofGlassDoorDouble,9,6
houseSlidingDoorWhite,10,1
houseSlidingDoorNoScreenWhite,10,2
commercialSlidingDoor,10,3
commercialBulletproofSlidingDoor,10,4
interiorDoorOldWhite,11,1
interiorDoorOldDoubleWhite,11,2
interiorHouseDoorWhite,11,3
interiorHouseDoorDoubleWhite,11,4
closetDoorWhite,12,1
closetDoorDoubleWhite,12,2
pantryDoorWhite,12,3
cntArmoireDoorsWhite,12,4
tallCabinetDoorWhite,12,5
commercialDoorV1White,13,1
commercialDoorDoubleV1White,13,2
commercialDoorV2White,13,3
commercialDoorDoubleV2White,13,4
commercialDoorV3White,13,5
commercialDoorDoubleV3White,13,6
commercialDoorV4White,13,7
commercialDoorDoubleV4White,13,8
trailerDoorWhite,14,1
trailerDoorNoWindowWhite,14,2
jailDoorWhite,14,3
jailDoorDoubleWhite,14,4
elevatorDoor,14,5
elevatorDoorDouble,14,6
elevatorDoorTenthBlock,14,7
bathroomStallDoor,15,1
portaPottyDoorWhite,16,1
