<AGFVanillaPlus-VehicleSpeeds>


<!--Increased speeds to feel like movement is actually faster-->
		<set xpath="/vehicles/vehicle[@name='vehicleGyrocopter']/property[@name='velocityMax']/@value">12,20</set> <!--9,15 default-->
		<set xpath="/vehicles/vehicle[@name='vehicleBicycle']/property[@name='velocityMax']/@value">10,12</set> <!--5,10 default-->
		<set xpath="/vehicles/vehicle[@name='vehicleMinibike']/property[@name='velocityMax']/@value">12,14</set> <!--7,10 default-->
		<set xpath="/vehicles/vehicle[@name='vehicleMotorcycle']/property[@name='velocityMax']/@value">14,20</set> <!--9,14 default-->
		<set xpath="/vehicles/vehicle[@name='vehicle4x4Truck']/property[@name='velocityMax']/@value">14,18</set> <!--9,14 default-->

<!--vehicles to have a little more uphill power
		<set xpath="/vehicles/vehicle/property[@name='upAngleMax' and @value='70']/@value">90</set>
		<set xpath="/vehicles/vehicle/property[@name='upForce' and @value='1']/@value">5</set>-->
		

</AGFVanillaPlus-VehicleSpeeds>