<AGFVanillaPlus-FloraHarvester>


	<conditional>
		<if cond="mod_loaded('AGF-V2-HUDPlus-PurpleBook')">

			<append xpath="/windows/window[@name='Schematics']/rect[@name='tabs']/rect[@name='tabsContents']/rect[@name='craftinglistTab']/rect[@name='tabs']/rect[@name='tabsContents']/rect[@name='allChecklists']/grid[@name='checklistSeeds']/entry[@name='flora']">
				<sprite name="itemIcon" depth="3" pos="0,0" size="21,21" foregroundlayer="true" atlas="ItemIconAtlas" sprite="resourceYuccaFibers" color="30, 117, 54" tooltip_key="meleeToolFloraHarvester"/>
			</append>

			<!--Crafting List-Zoomed adjustment-->
			<set xpath="/windows/window[@name='Schematics']/rect[@name='tabs']/rect[@name='tabsContents']/rect[@name='craftinglistTab']/rect[@name='tabs']/rect[@name='tabsContents']/rect[@name='zoomedSeeds']/grid[@name='checklistSeeds']/entry[@name='QSectionFlora']/sprite[@sprite='plantedGoldenrod1']/@pos">152,-40</set>
			<set xpath="/windows/window[@name='Schematics']/rect[@name='tabs']/rect[@name='tabsContents']/rect[@name='craftinglistTab']/rect[@name='tabs']/rect[@name='tabsContents']/rect[@name='zoomedSeeds']/grid[@name='checklistSeeds']/entry[@name='QSectionFlora']/sprite[@sprite='plantedChrysanthemum1']/@pos">200,-40</set>
			<insertafter xpath="/windows/window[@name='Schematics']/rect[@name='tabs']/rect[@name='tabsContents']/rect[@name='craftinglistTab']/rect[@name='tabs']/rect[@name='tabsContents']/rect[@name='zoomedSeeds']/grid[@name='checklistSeeds']/entry[@name='QSectionFlora']/sprite[@sprite='plantedChrysanthemum1']">
				<sprite name="itemIcon" depth="3" pos="248,-40" size="50,50" foregroundlayer="true" atlas="ItemIconAtlas" sprite="resourceYuccaFibers" color="30, 117, 54" tooltip_key="meleeToolFloraHarvester"/>
				
			</insertafter>
						
		</if>
	</conditional>
	
</AGFVanillaPlus-FloraHarvester>

