<AGFVanillaPlus-PumpkinsPlus>


<!--Moli-Jack-Ovs, yes... throw without lighting a fuse to make fire appear.-->
<append xpath="/items">
	<item name="thrownAmmoMolotovJacks">
		<property name="CustomIcon" value="decoPumpkinJackOLantern"/>
		<property name="Meshfile" value="@:Entities/Plants/pumpkinJackoLanternPrefab.prefab"/>
		<property name="DropMeshfile" value="@:Entities/Plants/pumpkinJackoLanternPrefab.prefab"/>
		<property name="HandMeshfile" value="@:Entities/Plants/pumpkinJackoLanternPrefab.prefab"/>
		<property name="HoldType" value="54"/><!--the closest I can get the pumpkin in your hand... AND show the throwing animation.-->
		<property name="ThrowableDecoy" value="false"/>			
		<property name="Tags" value="ammo,weapon,attPerception,perkDemolitionsExpert,explosivesSkill"/>
		<property name="ItemTypeIcon" value="explosion"/>
		<property name="DisplayType" value="ammoGrenadeFire"/>
		<property name="Class" value="ItemClassTimeBomb"/>
		<property name="DropScale" value="1"/>
		<property name="FusePrimeOnActivate" value="false"/>
		<property name="Material" value="Morganic"/>
		<property name="Weight" value="0"/>
		<property name="Stacknumber" value="50"/>
		<property name="LightValue" value=".3"/>
		<property name="LightSource" value="lightSource"/>
		<property name="ActivateObject" value="lightSource"/>
		<property name="Explosion.ParticleIndex" value="10"/>
		<property name="Explosion.Duration" value="8"/>
		<property name="Explosion.RadiusBlocks" value="1"/>
		<property name="Explosion.RadiusEntities" value="1"/>
		<property name="Explosion.BlastPower" value="35"/>
		<property name="Explosion.DamageBonus.stone" value=".1"/>
		<property name="Explosion.DamageBonus.metal" value="0"/>
		<property name="Explosion.DamageBonus.earth" value="0"/>
		<property name="Explosion.DamageBonus.water" value="0"/>
		<property name="Explosion.DamageBonus.wood" value="6"/>
		<property name="Explosion.Buff" value="buffBurningMolotov"/> <!-- molotovs have a ExplosionDamageArea script that runs this buff for their ground effect -->
		<property name="FuseTime" value="20000"/> 
		<property name="ExplodeOnHit" value="true"/>
		<property name="StickPercent" value=".5"/>
		<property name="EconomicValue" value="41"/>
		<property name="TraderStageTemplate" value="baseTier1"/>
		<property name="Group" value="Ammo/Weapons,Ammo"/>
		<property name="UsableUnderwater" value="false" />
		<property class="Action0">
			<property name="Class" value="ThrowAway"/>
			<property name="Delay" value="2.2"/>
			<property name="Explosion.ParticleIndex" value="7"/>
			<property name="Throw_strength_default" value="20"/>
			<property name="Throw_strength_max" value="50"/>
			<property name="Max_strain_time" value="1.25"/>
			<property name="Sound_start" value="swoosh"/>
			<property name="triggerEffectTriggerPullDualsense" value="RifleTrigger"/>
			<property name="triggerEffectTriggerPullXbox" value="PistolTrigger"/>
			<property name="triggerEffectTriggerShootDualsense" value="MGShoot"/>
			<property name="triggerEffectTriggerShootXbox" value="PistolShoot"/>
		</property>  
		<effect_group tiered="false">
			<triggered_effect trigger="onProjectileImpact" action="ModifyCVar" target="positionAOE" range="2.7" cvar="buffBurningMolotovDuration" operation="set" value="16">
				<requirement name="ProgressionLevel" progression_name="perkFiremansAlmanacMolotov" operation="Equals" value="0"/></triggered_effect>
			<triggered_effect trigger="onProjectileImpact" action="ModifyCVar" target="positionAOE" range="2.7" cvar="buffBurningMolotovDuration" operation="set" value="17">
				<requirement name="ProgressionLevel" progression_name="perkFiremansAlmanacMolotov" operation="NotEquals" value="0"/></triggered_effect>
			<triggered_effect trigger="onProjectileImpact" action="AddBuff" target="positionAOE" range="2.7" buff="buffBurningMolotov">
				<requirement name="CVarCompare" target="other" cvar="_underwater" operation="LT" value="0.3"/>
			</triggered_effect>

			<display_value name="dExDamageFire" value="250"/>
			<display_value name="dExRadius" value="3"/>
			<display_value name="dDuration" value="16"/>
			<triggered_effect trigger="onSelfWaterSubmerge" action="ResetHeldItem"/>
		</effect_group>		
	</item>
</append>



<!-- Jack o Lantern helmet mod can be bundled, if you are a collector, lol.-->
	<append xpath="/items">
		<item name="modJackOHeadBundle">
			<property name="CustomIcon" value="decoPumpkinJackOLantern"/>
			<property name="CustomIconTint" value="930CF8"/>
			<property name="DescriptionKey" value="modBundleDesc"/>
			<property name="ItemTypeIcon" value="bundle"/>
			<property name="HoldType" value="45"/>
			<property name="Meshfile" value="@:Other/Items/Misc/sackPrefab.prefab"/>
			<property name="DropMeshfile" value="@:Other/Items/Misc/sack_droppedPrefab.prefab"/>
			<property name="Material" value="Morganic"/>
			<property name="Stacknumber" value="50"/>
			<property name="SellableToTrader" value="false"/>
			<property name="Group" value="Mods,Tool/Weapon Mods"/>
			<property class="Action0">
				<property name="Class" value="OpenBundle"/>
				<property name="Delay" value="0"/>
				<property name="Sound_start" value="close_garbage"/>
				<property name="Create_item" value="modJackOHead"/>
				<property name="Create_item_count" value="1"/>
			</property>
		</item>
	</append>




</AGFVanillaPlus-PumpkinsPlus>