<AGFVanillaPlus-DewsPlus>


<!--this replaces the existing dew collector recipe to the 2x3x2-->
<set xpath="/recipes/recipe[@name='cntDewCollector']/@name">cntDewCollector2x3x2</set>


<!--to be able to combine 5 into 1 AND break a x5 into 5 regular collectors.-->
<append xpath="/recipes">
	<recipe name="cntDewCollectorx5v2" count="1" tags="workbenchCrafting">
		<ingredient name="cntDewCollector2x3x2" count="5"/>
	</recipe>
</append>

<append xpath="/recipes">
	<recipe name="cntDewCollector2x3x2" count="5" tags="learnable,workbenchCrafting">
		<ingredient name="cntDewCollectorx5" count="1"/>
	</recipe>
</append>


</AGFVanillaPlus-DewsPlus>

