<AGF-HUDPlus-HealthBars>


	<!--Target Bar, AGF style-->
		<!--Sets enemy health bars to be shown whenever, not just in gode mode-->
		<set xpath="/windows/window[@name='windowTargetBar']/@visibility">always</set>


		<!--Overall window positioning and size-->
		<set xpath="/windows/window[@name='windowTargetBar']/rect[@visible='{isnotboss}']/@pos">-199,-105</set> <!--This does make the twitch boss health show a bit higher on the screen as well.-->
		<set xpath="/windows/window[@name='windowTargetBar']/rect[@visible='{isnotboss}']/@width">400</set>
		<set xpath="/windows/window[@name='windowTargetBar']/rect[@visible='{isnotboss}']/@height">40</set>



		<!--Added a dark Border to the health bar-->
		<append xpath="/windows/window[@name='windowTargetBar']/rect[@visible='{isnotboss}']">	
			<sprite depth="3" name="border2" pos="-2,2" width="402" height="42" sprite="menu_empty2px" color="[black]" type="sliced" fillcenter="false"/>
		</append>

		<!--Made the background of the healthbar a bit darker-->
		<set xpath="/windows/window[@name='windowTargetBar']/rect[@visible='{isnotboss}']/sprite[@name='border']/@color">100,100,100,225</set>
		
		<!--set the width to the shorter width I made above-->
		<set xpath="/windows/window[@name='windowTargetBar']/rect[@visible='{isnotboss}']/sprite[@name='border']/@width">400</set>



		<!--Darker Red Color for enemy health-->
		<set xpath="/windows/window[@name='windowTargetBar']/rect[@visible='{isnotboss}']/filledsprite/@color">150,0,0,255</set>
		
		<!--set the width to the shorter width I made above-->
		<set xpath="/windows/window[@name='windowTargetBar']/rect[@visible='{isnotboss}']/filledsprite/@width">400</set>



		<!--Text-->
		<set xpath="/windows/window[@name='windowTargetBar']/rect[@visible='{isnotboss}']/label/@pos">0,-6</set>
		<set xpath="/windows/window[@name='windowTargetBar']/rect[@visible='{isnotboss}']/label/@font_size">28</set>
		<set xpath="/windows/window[@name='windowTargetBar']/rect[@visible='{isnotboss}']/label/@justify">center</set>
		<set xpath="/windows/window[@name='windowTargetBar']/rect[@visible='{isnotboss}']/label/@height">28</set>
		<set xpath="/windows/window[@name='windowTargetBar']/rect[@visible='{isnotboss}']/label/@text">{name}:  {currentwithmax}</set>



<!--	<window name="windowTargetBar" controller="TargetBar" visibility="godmode"> <!{1}** never,godmode,always **{1}>
		<rect pos="-200,-85" width="400" height="36" visible="{isnotboss}" >
			<sprite depth="1" name="border" color="0,0,0,100" type="sliced" width="400" globalopacity="false"/>
			<filledsprite depth="2" name="BarContent" type="filled" color="200,0,0,180" width="400" fill="{fill}" globalopacity="false"/>
			<label depth="3" name="TextContent" pos="9,-4" font_size="28" color="[white]" justify="left" pivot="topleft" text="{name}:{currentwithmax}" height="30"/>
		</rect>-->






</AGF-HUDPlus-HealthBars>