<AGFVanillaPlus-CosmeticMods>


			

<!--Adjustments to allow Customizations-->
		<!--Adjusting Tags-->
		<append xpath="/items/item[@name='apparelCigar']/property[@name='Tags']/@value">,canHaveCosmetic,face</append>
		<append xpath="/items/item[@name='apparelFacialPiercings']/property[@name='Tags']/@value">,face</append>
		<append xpath="/items/item[@name='apparelBandana']/property[@name='Tags']/@value">,face</append>nd>

		<!--Adjusting Mod Slots on specific apparel-->
		<set xpath="/items/item[@name='apparelCigar']/effect_group/passive_effect[@name='ModSlots']/@value">1</set>		
		<set xpath="/items/item[@name='apparelFacialPiercings']/effect_group/passive_effect[@name='ModSlots']/@value">1</set>		
		<set xpath="/items/item[@name='apparelBandana']/effect_group/passive_effect[@name='ModSlots']/@value">1</set>	
		
		
		
		<!--The eyewear part doesn't work visually		
		<set xpath="/items/item[@name='apparelShades']/property[@name='Tags']/@value">head,clothing,canHaveCosmetic,eyesNonAviator,eyesNonSki,eyesNonNerd</set>
		<set xpath="/items/item[@name='apparelToughGuySunglasses']/property[@name='Tags']/@value">head,clothing,canHaveCosmetic,eyesNonAviator,eyesNonSki,eyesNonNerd</set>
		<append xpath="/items/item[@name='apparelSkiGoggles']"><property name="Tags" value="head,clothing,canHaveCosmetic,eyesNonShade,eyesNonAviator,eyesNonNerd"/></append>
		<append xpath="/items/item[@name='apparelNerdGlasses']"><property name="Tags" value="head,clothing,canHaveCosmetic,eyesNonShade,eyesNonAviator,eyesNonSki"/></append>
		<append xpath="/items/item[@name='apparelAviatorGoggles']"><property name="Tags" value="head,clothing,canHaveCosmetic,eyesNonShade,eyesNonSki,eyesNonNerd"/></appe
		
		<set xpath="/items/item[@name='apparelShades']/effect_group/passive_effect[@name='ModSlots']/@value">1</set>		
		<set xpath="/items/item[@name='apparelAviatorGoggles']/effect_group/passive_effect[@name='ModSlots']/@value">1</set>		
		<set xpath="/items/item[@name='apparelSkiGoggles']/effect_group/passive_effect[@name='ModSlots']/@value">1</set>		
		<set xpath="/items/item[@name='apparelNerdGlasses']/effect_group/passive_effect[@name='ModSlots']/@value">1</set>		
		<set xpath="/items/item[@name='apparelToughGuySunglasses']/effect_group/passive_effect[@name='ModSlots']/@value">1</set>	
		-->
	

</AGFVanillaPlus-CosmeticMods>