<AGFVanillaPlus-FarmingPlus>


	<set xpath="/windows/window[@name='Schematics']/grid[@name='checklistSeeds']/entry[@name='17-1']/sprite[@width='25']/@width">75</set>
	<set xpath="/windows/window[@name='Schematics']/grid[@name='checklistSeeds']/entry[@name='17-1']/label[@width='25']/@width">75</set>
	
	<set xpath="/windows/window[@name='Schematics']/grid[@name='checklistSeeds']/entry[@name='17-1']/sprite[@width='19']/@width">69</set>
	
	<append xpath="/windows/window[@name='Schematics']/grid[@name='checklistSeeds']">
		<entry name="18-1"/>
		<entry name="18-2"> 
				<sprite name="itemIcon"  pos="2,-8" size="30,30" atlas="ItemIconAtlas" sprite="forestFlower" color="162, 164, 27" tooltip_key="beeFlower"/></entry>
		<entry name="19-1"/>
		<entry name="19-2">
				<sprite name="itemIcon"  pos="2,-8" size="25,25" atlas="ItemIconAtlas" sprite="cntBirdnest" color="" tooltip_key="birdsNestEmpty"/> </entry>
	</append>



</AGFVanillaPlus-FarmingPlus>
