<AGFVanillaPlus-MasterTool>


<!--Master Tool-->
	<!--Small chance for the schematic for the master tool to actually show up in a tier 5 hardened chest-->
		<insertafter xpath="/lootcontainers/lootgroup[@name='groupHardenedChestT5_08']">
			<lootgroup name="groupAGFMasterTool">
				<item name="noteAGFMasterTool" count="1"/>
				<item name="meleeMasterToolSchematic" count="1" prob=".11"/><!--11% chance in T5 Loot Room-->
			</lootgroup>				
			<lootgroup name="groupAGFMasterToolInfested">
				<item name="noteAGFMasterTool" count="1"/>
				<item name="meleeMasterToolSchematic" count="1" prob=".27"/><!--a 2nd chance but at 27% of finding it in a T6 loot room-->
			</lootgroup>	
			
		</insertafter>


		<append xpath="/lootcontainers/lootgroup[@name='groupInfestedT4']"><!--infested cache for Tier 5 quests that take place at T4 POI's-->
			<item group="groupAGFMasterTool" count="1"/> 
		</append>			
				
		<append xpath="/lootcontainers/lootgroup[@name='groupHardenedChestT5']"><!--typical T5 loot (and T6) that is only at T5 POI's-->
			<item group="groupAGFMasterTool" count="1"/> 
		</append>	

		<append xpath="/lootcontainers/lootgroup[@name='groupInfestedT5']"><!--T6 infested cache, greater chance-->
			<item group="groupAGFMasterToolInfested" count="1"/> 
		</append>	
	
	
		
</AGFVanillaPlus-MasterTool>