<VanillaPlus>
<!--NOTE 1: the "TimeStayAfterDeath" works in real life seconds-->
<!--NOTE 2: You may edit the time or delete this, it is safe to do so-->	
	


	
TABLE OF CONTENTS
Section 1 = Dead Animals
Section 2 = Zombie Loot Drops
Section 3 = Zombie Bodies	
	



<!--Section 1 = Dead Animals-->	
		<!--Dead Animals stick around a bit longer.-->	
		<set xpath="/entity_classes/entity_class[starts-with(@name,'animal')]/property[@name='TimeStayAfterDeath']/@value">600</set> <!--DEFUALT is 300 seconds (5 minutes). 600 seconds = 10 minutes-->
	

<!--Section 2 = Zombie Loot Drops-->	
		<!--Zombie Loot drops last WAY longer before disappearing-->
		<set xpath="/entity_classes/entity_class[starts-with(@name,'EntityLootContainer')]/property[@name='TimeStayAfterDeath']/@value">3600</set><!--DEFUALT is 1200 (20mins); 3600= 1 hour; 36000 = 10 HOURS-->


<!--Section 3 = Zombie Bodies disappear more quickly for performance reasons-->
		<set xpath="/entity_classes/entity_class/property[@name='TimeStayAfterDeath'][@value='30']/@value">10</set><!--DEFAULT is 30 seconds.-->


<!--Section 4 = A Vanilla Plus note at the start of the game-->
		<append xpath="/entity_classes/entity_class[@name='playerMale']/property[@name='ItemsOnEnterGame.GameModeSurvival']/@value">,noteAGF</append>


<!--Section 5 = Player Death Backpack-->	
		<!--Zombie Loot drops last WAY longer before disappearing-->											<!--set to 5 hours-->
		<set xpath="/entity_classes/entity_class[@name='Backpack']/property[@name='TimeStayAfterDeath']/@value">18000</set><!--DEFUALT is 3600 = 1 hour; 36000 = 10 HOURS; 1200 (20mins)-->


</VanillaPlus>


