<VanillaPlus>


<!--Section 2 = Axe Modifications-->
<append xpath="/item_modifiers">
	<item_modifier name="modMeleeBattleAxeMod" installable_tags="axe" modifier_tags="damageDirt,damageStone,damageIron" blocked_tags="noMods" type="attachment">
		<property name="CustomIcon" value="modMeleeFiremansAxeMod"/><property name="CustomIconTint" value="149,52,54"/>
		<property name="DescriptionKey" value="modMeleeBattleAxeModDesc"/>
		<property name="Extends" value="modGeneralMaster"/>
		<property name="UnlockedBy" value="perkFiremansAlmanacAxes"/>
		<effect_group tiered="false">
			<passive_effect name="EntityDamage" operation="perc_add" value=".15"/>
			<passive_effect name="BlockDamage" operation="perc_add" value="-.35"/>
		</effect_group>
	</item_modifier>
</append>


</VanillaPlus>
