<VanillaPlus>




TABLE OF CONTENTS
Section 1 = NEW ITEMS
Section 2 = FARMING PLUS
Section 3 = MODIFICATIONS
Section 4 = COSMETICS PLUS




<!--Section 1 = NEW ITEMS-->		
	

		<!--Battle Axe Mod-->
		<append xpath="/lootcontainers/lootgroup[@name='modMeleeT3']">
			<item name="modMeleeBattleAxeMod" prob=".2"/>
		</append>
		<append xpath="/lootcontainers/lootgroup[@name='schematicsModsAndGeneralT2']">
			<item name="modMeleeBattleAxeModSchematic" prob=".4"/>
		</append>


<!--Section 2 = FARMING PLUS-->
		<!--Plantable Birdnest and its schematic in World Loot-->
		<append xpath="/lootcontainers/lootgroup[@name='farmingCookingRecipesT1']">
			<item name="birdsNestEmptySchematic" prob="0.4"/>
		</append>
		<append xpath="/lootcontainers/lootgroup[@name='seeds']">
			<item name="birdsNestEmpty" prob="0.2"/>
		</append>


		<!--Favorite Flower of Bees in World Loot-->
		<append xpath="/lootcontainers/lootgroup[@name='farmingCookingRecipesT1']">
			<item name="beeFlowerSchematic" prob="0.4"/>
		</append>
		<append xpath="/lootcontainers/lootgroup[@name='seeds']">
			<item name="beeFlower" prob="0.2"/>
		</append>


<!--Section 3 = MODIFICATIONS-->
		<!--Rolling Toolbox to have a little larger container size than the small toolbox-->
		<set xpath="lootcontainers/lootcontainer[@name='rollingToolBox']/@size">6,4</set>

		<!--larger basic storages, to max size (DO NOT MAKE BIGGER THAN 9,10!!!!...unless you change a windows file, lol.)-->
		<set xpath="/lootcontainers/lootcontainer[@name='playerStorage']/@size">8,8</set> <!--(8,6) Vanilla -->
		<set xpath="/lootcontainers/lootcontainer[@name='playerBackpack']/@size">9,10</set><!--(7,10) Vanilla -->
		<set xpath="/lootcontainers/lootcontainer[@name='storageCrate']/@size">10,10</set><!--(8,9) Vanilla -->
		<set xpath="/lootcontainers/lootcontainer[@name='gunSafe']/@size">10,10</set><!--(8,9) Vanilla -->

		<!--Increase chance of eggs in birdnests, from 35% eggs to 63% chance eggs-->
		<set xpath="/lootcontainers/lootgroup[@name='groupBirdNest02']/item[@name='foodEgg']/@loot_prob_template">medHigh</set>


		
		
</VanillaPlus>