<VanillaPlus>

TABLE OF CONTENTS
Section 1 = NEW ITEMS in TRADER LISTS
Section 2 = COSMETICS PLUS

<!--Trader Hours, open during the day time!-->
		<set xpath="/traders/trader_info/@close_time">21:50</set>
		<set xpath="/traders/trader_info/@open_time">4:05</set>



<!--Section 1 = NEW ITEMS in TRADER LISTS-->

		<!--Favorite Flower of Bees and its schematics in Trader List-->
		<append xpath="/traders/trader_item_groups/trader_item_group[@name='seeds']">
			<item name="beeFlower" count="1" prob="0.2"/>
		</append>
		<append xpath="/traders/trader_item_groups/trader_item_group[@name='farmingCookingRecipes']">
			<item name="beeFlowerSchematic" count="1" prob="0.4"/>
		</append>
		
		<!--Plantable Bird's Nest and its schematics in Trader List-->
		<append xpath="/traders/trader_item_groups/trader_item_group[@name='seeds']">
			<item name="birdsNestEmpty" count="1" prob="0.2"/>
		</append>
		<append xpath="/traders/trader_item_groups/trader_item_group[@name='farmingCookingRecipes']">
			<item name="birdsNestEmptySchematic" count="1" prob="0.4"/>
		</append>
	
			
		<!--Battle Axe Mod-->
		<append xpath="/traders/trader_item_groups/trader_item_group[@name='modMeleeT3']">
			<item name="modMeleeBattleAxeMod" prob=".2"/>
		</append>
		<append xpath="/traders/trader_item_groups/trader_item_group[@name='schematicsModsCommon']">
			<item name="modMeleeBattleAxeModSchematic" prob=".2"/>
		</append>
	
	

<!--Section 3 = TRADER VEnding machines
		Essentially, trader managed vending machines available at 10% for those who have good relations with the trader.-->
		<append xpath="/traders/trader_info/tier_items[@level='5000,-1']">
			<item name="cntVendingMachine2" count="1"/>
		</append>


</VanillaPlus>
