<AGF-LOBITOLeagueMod>



<append xpath="/xui/ruleset">

		<window_group name="workstation_seedStation" controller="XUiC_WorkstationWindowGroup" open_backpack_on_open="true" close_compass_on_open="true" defaultSelected="bp.content">
			<window name="windowCraftingList"/>
			<window name="craftingInfoPanel"/>
			<window name="windowCraftingQueue"/>
			<window name="windowOutput" />
			<window name="windowNonPagingHeader" />
			<!-- <window name="windowCombine" /> -->
		</window_group>	

</append>



</AGF-LOBITOLeagueMod>