<AGFVanillaPlus-BookCollections>


<!--BOOK COLLECTION BUNDLES
	Feature: 	Combine all 7 volumes of a book series to create a single readable item that unlocks all 7 of its book perks.
				Combine ALL of the "7 Volume Collections" into a single readable item that unlocks EVERY book perk.
				These collections are sellable with higher starting prices.
	
	Default: 	Can only learn book perks from reading every individual book.
	
	XML's: 		items, recipes, localization
	
	Why: 		For server admins, modders, and players.
				Players can use this to simplify their library or other multiplayer purposes.
				Admins can use these as gifts or something.
	
	Delete?: 	NOT SAFE, this creates new items. Removing items that exist in the game crashes it.
				To "remove" safely from an existing game, see recipes.xml.
	
	Code:		Created new items following the "bookFiremansAlmanacHeat" format.
				Within the format, added what the player learns under its "effect_group"
				For the Encylopdia, did the same but made sure EVERY learnable perk was included.-->

			<append xpath="/items">
				<item name="bookFiremansAlmanacCollection">
					<property name="Extends" value="schematicMaster"/>
					<property name="CustomIcon" value="bookFiremansAlmanacHeat"/> <property name="CustomIconTint" value="930CF8"/>
					<property name="ItemTypeIcon" value="book"/>
					<property name="AltItemTypeIcon" value="book_read"/>
					<property name="DescriptionKey" value="bookFullCollectionDesc"/>
					<property name="EconomicValue" value="3850"/>
					<property name="Stacknumber" value="50"/>
					<property name="HoldType" value="45"/>
					<property name="Unlocks" value="perkFiremansAlmanacComplete"/>
					<property name="Weight" value="35"/>
					<property class="Action0">
						<property name="Class" value="Eat"/>
						<property name="Delay" value="1.0"/>
						<property name="Use_time" value="..."/>
						<property name="Sound_start" value="read_skillbook"/>
					</property>
					<effect_group tiered="false">
						<triggered_effect trigger="onSelfPrimaryActionEnd" action="SetProgressionLevel" progression_name="perkFiremansAlmanacHeat" level="-1"/><!-- level="-1" sets a perk to max level -->
						<triggered_effect trigger="onSelfPrimaryActionEnd" action="SetProgressionLevel" progression_name="perkFiremansAlmanacAxes" level="-1"/> 
						<triggered_effect trigger="onSelfPrimaryActionEnd" action="SetProgressionLevel" progression_name="perkFiremansAlmanacSpeed" level="-1"/> 
						<triggered_effect trigger="onSelfPrimaryActionEnd" action="SetProgressionLevel" progression_name="perkFiremansAlmanacMolotov" level="-1"/> 
						<triggered_effect trigger="onSelfPrimaryActionEnd" action="SetProgressionLevel" progression_name="perkFiremansAlmanacPrevention" level="-1"/> 
						<triggered_effect trigger="onSelfPrimaryActionEnd" action="SetProgressionLevel" progression_name="perkFiremansAlmanacHarvest" level="-1"/> 
						<triggered_effect trigger="onSelfPrimaryActionEnd" action="SetProgressionLevel" progression_name="perkFiremansAlmanacEquipment" level="-1"/>  
						<triggered_effect trigger="onSelfPrimaryActionEnd" action="SetProgressionLevel" progression_name="perkFiremansAlmanacComplete" level="-1">
							<requirement name="PerksUnlocked" skill_name="skillFiremansAlmanac" operation="GTE" value="7"/></triggered_effect>
						<triggered_effect trigger="onSelfPrimaryActionEnd" action="PlaySound" sound="read_skillbook_final" play_in_head="true">
							<requirement name="PerksUnlocked" skill_name="skillFiremansAlmanac" operation="GTE" value="7"/></triggered_effect>
					</effect_group>
				</item>
				<item name="bookNightStalkerCollection">
					<property name="Extends" value="bookFiremansAlmanacCollection"/>
					<property name="CustomIcon" value="bookNightStalkerStealthDamage"/>
					<property name="Unlocks" value="perkNightStalkerComplete"/>	
					<effect_group tiered="false">
						<triggered_effect trigger="onSelfPrimaryActionEnd" action="SetProgressionLevel" progression_name="perkNightStalkerStealthDamage" level="-1"/><!-- level="-1" sets a perk to max level -->
						<triggered_effect trigger="onSelfPrimaryActionEnd" action="SetProgressionLevel" progression_name="perkNightStalkerSilentNight" level="-1"/> 
						<triggered_effect trigger="onSelfPrimaryActionEnd" action="SetProgressionLevel" progression_name="perkNightStalkerBlades" level="-1"/> 
						<triggered_effect trigger="onSelfPrimaryActionEnd" action="SetProgressionLevel" progression_name="perkNightStalkerThiefAdrenaline" level="-1"/> 
						<triggered_effect trigger="onSelfPrimaryActionEnd" action="SetProgressionLevel" progression_name="perkNightStalkerArchery" level="-1"/> 
						<triggered_effect trigger="onSelfPrimaryActionEnd" action="SetProgressionLevel" progression_name="perkNightStalkerTwilightThief" level="-1"/> 
						<triggered_effect trigger="onSelfPrimaryActionEnd" action="SetProgressionLevel" progression_name="perkNightStalkerSlumberParty" level="-1"/>  
						<triggered_effect trigger="onSelfPrimaryActionEnd" action="SetProgressionLevel" progression_name="perkNightStalkerComplete" level="-1">
							<requirement name="PerksUnlocked" skill_name="skillNightStalker" operation="GTE" value="7"/></triggered_effect>
						<triggered_effect trigger="onSelfPrimaryActionEnd" action="PlaySound" sound="read_skillbook_final" play_in_head="true">
							<requirement name="PerksUnlocked" skill_name="skillNightStalker" operation="GTE" value="7"/></triggered_effect>
					</effect_group>
				</item>
				<item name="bookLuckyLooterCollection">
					<property name="Extends" value="bookFiremansAlmanacCollection"/>
					<property name="CustomIcon" value="bookLuckyLooterDukes"/>
					<property name="Unlocks" value="perkLuckyLooterComplete"/>	
					<effect_group tiered="false">
						<triggered_effect trigger="onSelfPrimaryActionEnd" action="SetProgressionLevel" progression_name="perkLuckyLooterDukes" level="-1"/><!-- level="-1" sets a perk to max level -->
						<triggered_effect trigger="onSelfPrimaryActionEnd" action="SetProgressionLevel" progression_name="perkLuckyLooterAmmunition" level="-1"/> 
						<triggered_effect trigger="onSelfPrimaryActionEnd" action="SetProgressionLevel" progression_name="perkLuckyLooterBrass" level="-1"/> 
						<triggered_effect trigger="onSelfPrimaryActionEnd" action="SetProgressionLevel" progression_name="perkLuckyLooterLead" level="-1"/> 
						<triggered_effect trigger="onSelfPrimaryActionEnd" action="SetProgressionLevel" progression_name="perkLuckyLooterBooks" level="-1"/> 
						<triggered_effect trigger="onSelfPrimaryActionEnd" action="SetProgressionLevel" progression_name="perkLuckyLooterFood" level="-1"/> 
						<triggered_effect trigger="onSelfPrimaryActionEnd" action="SetProgressionLevel" progression_name="perkLuckyLooterMedical" level="-1"/>  
						<triggered_effect trigger="onSelfPrimaryActionEnd" action="SetProgressionLevel" progression_name="perkLuckyLooterComplete" level="-1">
							<requirement name="PerksUnlocked" skill_name="skillLuckyLooter" operation="GTE" value="7"/></triggered_effect>
						<triggered_effect trigger="onSelfPrimaryActionEnd" action="PlaySound" sound="read_skillbook_final" play_in_head="true">
							<requirement name="PerksUnlocked" skill_name="skillLuckyLooter" operation="GTE" value="7"/></triggered_effect>
					</effect_group>
				</item>
				<item name="bookEnforcerCollection">
					<property name="Extends" value="bookFiremansAlmanacCollection"/>
					<property name="CustomIcon" value="bookEnforcerDamage"/>
					<property name="Unlocks" value="perkEnforcerComplete"/>	
					<effect_group tiered="false">
						<triggered_effect trigger="onSelfPrimaryActionEnd" action="SetProgressionLevel" progression_name="perkEnforcerDamage" level="-1"/><!-- level="-1" sets a perk to max level -->
						<triggered_effect trigger="onSelfPrimaryActionEnd" action="SetProgressionLevel" progression_name="perkEnforcerApparel" level="-1"/> 
						<triggered_effect trigger="onSelfPrimaryActionEnd" action="SetProgressionLevel" progression_name="perkEnforcerPunks" level="-1"/> 
						<triggered_effect trigger="onSelfPrimaryActionEnd" action="SetProgressionLevel" progression_name="perkEnforcerIntimidation" level="-1"/> 
						<triggered_effect trigger="onSelfPrimaryActionEnd" action="SetProgressionLevel" progression_name="perkEnforcerAPAmmo" level="-1"/> 
						<triggered_effect trigger="onSelfPrimaryActionEnd" action="SetProgressionLevel" progression_name="perkEnforcerHPAmmo" level="-1"/> 
						<triggered_effect trigger="onSelfPrimaryActionEnd" action="SetProgressionLevel" progression_name="perkEnforcerCriminalPursuit" level="-1"/>  
						<triggered_effect trigger="onSelfPrimaryActionEnd" action="SetProgressionLevel" progression_name="perkEnforcerComplete" level="-1">
							<requirement name="PerksUnlocked" skill_name="skillEnforcer" operation="GTE" value="7"/></triggered_effect>
						<triggered_effect trigger="onSelfPrimaryActionEnd" action="PlaySound" sound="read_skillbook_final" play_in_head="true">
							<requirement name="PerksUnlocked" skill_name="skillEnforcer" operation="GTE" value="7"/></triggered_effect>
					</effect_group>
				</item>
				<item name="bookBatterUpCollection">
					<property name="Extends" value="bookFiremansAlmanacCollection"/>
					<property name="CustomIcon" value="bookBatterUpBigHits"/>
					<property name="Unlocks" value="perkBatterUpComplete"/>	
					<effect_group tiered="false">
						<triggered_effect trigger="onSelfPrimaryActionEnd" action="SetProgressionLevel" progression_name="perkBatterUpBigHits" level="-1"/><!-- level="-1" sets a perk to max level -->
						<triggered_effect trigger="onSelfPrimaryActionEnd" action="SetProgressionLevel" progression_name="perkBatterUpStealingBases" level="-1"/> 
						<triggered_effect trigger="onSelfPrimaryActionEnd" action="SetProgressionLevel" progression_name="perkBatterUpSlowPitch" level="-1"/> 
						<triggered_effect trigger="onSelfPrimaryActionEnd" action="SetProgressionLevel" progression_name="perkBatterUpKnockdown" level="-1"/> 
						<triggered_effect trigger="onSelfPrimaryActionEnd" action="SetProgressionLevel" progression_name="perkBatterUpMaintenance" level="-1"/> 
						<triggered_effect trigger="onSelfPrimaryActionEnd" action="SetProgressionLevel" progression_name="perkBatterUpFoulBalls" level="-1"/> 
						<triggered_effect trigger="onSelfPrimaryActionEnd" action="SetProgressionLevel" progression_name="perkBatterUpMetalChain" level="-1"/>  
						<triggered_effect trigger="onSelfPrimaryActionEnd" action="SetProgressionLevel" progression_name="perkBatterUpComplete" level="-1">
							<requirement name="PerksUnlocked" skill_name="skillBatterUp" operation="GTE" value="7"/></triggered_effect>
						<triggered_effect trigger="onSelfPrimaryActionEnd" action="PlaySound" sound="read_skillbook_final" play_in_head="true">
							<requirement name="PerksUnlocked" skill_name="skillBatterUp" operation="GTE" value="7"/></triggered_effect>
					</effect_group>
				</item>
				<item name="bookGreatHeistCollection">
					<property name="Extends" value="bookFiremansAlmanacCollection"/>
					<property name="CustomIcon" value="bookTheGreatHeistSafes"/>
					<property name="Unlocks" value="perkGreatHeistComplete"/>	
					<effect_group tiered="false">
						<triggered_effect trigger="onSelfPrimaryActionEnd" action="SetProgressionLevel" progression_name="perkGreatHeistSafes" level="-1"/><!-- level="-1" sets a perk to max level -->
						<triggered_effect trigger="onSelfPrimaryActionEnd" action="SetProgressionLevel" progression_name="perkGreatHeistGems" level="-1"/> 
						<triggered_effect trigger="onSelfPrimaryActionEnd" action="SetProgressionLevel" progression_name="perkGreatHeistGoldRush" level="-1"/> 
						<triggered_effect trigger="onSelfPrimaryActionEnd" action="SetProgressionLevel" progression_name="perkGreatHeistClaimed" level="-1"/> 
						<triggered_effect trigger="onSelfPrimaryActionEnd" action="SetProgressionLevel" progression_name="perkGreatHeistAdrenalineFall" level="-1"/> 
						<triggered_effect trigger="onSelfPrimaryActionEnd" action="SetProgressionLevel" progression_name="perkGreatHeistSprintSneak" level="-1"/> 
						<triggered_effect trigger="onSelfPrimaryActionEnd" action="SetProgressionLevel" progression_name="perkGreatHeistMotionDetection" level="-1"/>  
						<triggered_effect trigger="onSelfPrimaryActionEnd" action="SetProgressionLevel" progression_name="perkGreatHeistComplete" level="-1">
							<requirement name="PerksUnlocked" skill_name="skillGreatHeist" operation="GTE" value="7"/></triggered_effect>
						<triggered_effect trigger="onSelfPrimaryActionEnd" action="PlaySound" sound="read_skillbook_final" play_in_head="true">
							<requirement name="PerksUnlocked" skill_name="skillGreatHeist" operation="GTE" value="7"/></triggered_effect>
					</effect_group>
				</item>
				<item name="bookWasteTreasuresCollection">
					<property name="Extends" value="bookFiremansAlmanacCollection"/>
					<property name="CustomIcon" value="bookWasteTreasuresHoney"/>
					<property name="Unlocks" value="perkWasteTreasuresComplete"/>
					<effect_group tiered="false">
						<triggered_effect trigger="onSelfPrimaryActionEnd" action="SetProgressionLevel" progression_name="perkWasteTreasuresHoney" level="-1"/><!-- level="-1" sets a perk to max level -->
						<triggered_effect trigger="onSelfPrimaryActionEnd" action="SetProgressionLevel" progression_name="perkWasteTreasuresCoffins" level="-1"/> 
						<triggered_effect trigger="onSelfPrimaryActionEnd" action="SetProgressionLevel" progression_name="perkWasteTreasuresAcid" level="-1"/> 
						<triggered_effect trigger="onSelfPrimaryActionEnd" action="SetProgressionLevel" progression_name="perkWasteTreasuresWater" level="-1"/> 
						<triggered_effect trigger="onSelfPrimaryActionEnd" action="SetProgressionLevel" progression_name="perkWasteTreasuresDoors" level="-1"/> 
						<triggered_effect trigger="onSelfPrimaryActionEnd" action="SetProgressionLevel" progression_name="perkWasteTreasuresCloth" level="-1"/> 
						<triggered_effect trigger="onSelfPrimaryActionEnd" action="SetProgressionLevel" progression_name="perkWasteTreasuresSinks" level="-1"/>  
						<triggered_effect trigger="onSelfPrimaryActionEnd" action="SetProgressionLevel" progression_name="perkWasteTreasuresComplete" level="-1">
							<requirement name="PerksUnlocked" skill_name="skillWasteTreasures" operation="GTE" value="7"/></triggered_effect>
						<triggered_effect trigger="onSelfPrimaryActionEnd" action="PlaySound" sound="read_skillbook_final" play_in_head="true">
							<requirement name="PerksUnlocked" skill_name="skillWasteTreasures" operation="GTE" value="7"/></triggered_effect>
					</effect_group>
				</item>
				<item name="bookNeedleAndThreadCollection">
					<property name="Extends" value="bookFiremansAlmanacCollection"/>
					<property name="CustomIcon" value="bookNeedleAndThreadWinterWear"/>
					<property name="Unlocks" value="perkNeedleAndThreadComplete"/>	
					<effect_group tiered="false">
						<triggered_effect trigger="onSelfPrimaryActionEnd" action="SetProgressionLevel" progression_name="perkNeedleAndThreadWinterWear" level="-1"/><!-- level="-1" sets a perk to max level -->
						<triggered_effect trigger="onSelfPrimaryActionEnd" action="SetProgressionLevel" progression_name="perkNeedleAndThreadLegwear" level="-1"/> 
						<triggered_effect trigger="onSelfPrimaryActionEnd" action="SetProgressionLevel" progression_name="perkNeedleAndThreadFootwear" level="-1"/> 
						<triggered_effect trigger="onSelfPrimaryActionEnd" action="SetProgressionLevel" progression_name="perkNeedleAndThreadDesertWear" level="-1"/> 
						<triggered_effect trigger="onSelfPrimaryActionEnd" action="SetProgressionLevel" progression_name="perkNeedleAndThreadDusters" level="-1"/> 
						<triggered_effect trigger="onSelfPrimaryActionEnd" action="SetProgressionLevel" progression_name="perkNeedleAndThreadPufferCoats" level="-1"/> 
						<triggered_effect trigger="onSelfPrimaryActionEnd" action="SetProgressionLevel" progression_name="perkNeedleAndThreadPockets" level="-1"/>  
						<triggered_effect trigger="onSelfPrimaryActionEnd" action="SetProgressionLevel" progression_name="perkNeedleAndThreadComplete" level="-1">
							<requirement name="PerksUnlocked" skill_name="skillNeedleAndThread" operation="GTE" value="7"/></triggered_effect>
						<triggered_effect trigger="onSelfPrimaryActionEnd" action="PlaySound" sound="read_skillbook_final" play_in_head="true">
							<requirement name="PerksUnlocked" skill_name="skillNeedleAndThread" operation="GTE" value="7"/></triggered_effect>
					</effect_group>
				</item>
				<item name="bookHuntingJournalCollection">
					<property name="Extends" value="bookFiremansAlmanacCollection"/>
					<property name="CustomIcon" value="bookHuntingJournalBears"/>
					<property name="Unlocks" value="perkHuntingJournalComplete"/>
					<effect_group tiered="false">
						<triggered_effect trigger="onSelfPrimaryActionEnd" action="SetProgressionLevel" progression_name="perkHuntingJournalBears" level="-1"/><!-- level="-1" sets a perk to max level -->
						<triggered_effect trigger="onSelfPrimaryActionEnd" action="SetProgressionLevel" progression_name="perkHuntingJournalWolves" level="-1"/> 
						<triggered_effect trigger="onSelfPrimaryActionEnd" action="SetProgressionLevel" progression_name="perkHuntingJournalCoyotes" level="-1"/> 
						<triggered_effect trigger="onSelfPrimaryActionEnd" action="SetProgressionLevel" progression_name="perkHuntingJournalMountainLions" level="-1"/> 
						<triggered_effect trigger="onSelfPrimaryActionEnd" action="SetProgressionLevel" progression_name="perkHuntingJournalDeer" level="-1"/> 
						<triggered_effect trigger="onSelfPrimaryActionEnd" action="SetProgressionLevel" progression_name="perkHuntingJournalVultures" level="-1"/> 
						<triggered_effect trigger="onSelfPrimaryActionEnd" action="SetProgressionLevel" progression_name="perkHuntingJournalSelfDefense" level="-1"/>  
						<triggered_effect trigger="onSelfPrimaryActionEnd" action="SetProgressionLevel" progression_name="perkHuntingJournalComplete" level="-1">
							<requirement name="PerksUnlocked" skill_name="skillHuntingJournal" operation="GTE" value="7"/></triggered_effect>
						<triggered_effect trigger="onSelfPrimaryActionEnd" action="PlaySound" sound="read_skillbook_final" play_in_head="true">
							<requirement name="PerksUnlocked" skill_name="skillHuntingJournal" operation="GTE" value="7"/></triggered_effect>
					</effect_group>
				</item>
				<item name="bookArtOfMiningCollection">
					<property name="Extends" value="bookFiremansAlmanacCollection"/>
					<property name="CustomIcon" value="bookArtOfMiningLuckyStrike"/>
					<property name="Unlocks" value="perkArtOfMiningComplete"/>	
					<effect_group tiered="false">
						<triggered_effect trigger="onSelfPrimaryActionEnd" action="SetProgressionLevel" progression_name="perkArtOfMiningLuckyStrike" level="-1"/><!-- level="-1" sets a perk to max level -->
						<triggered_effect trigger="onSelfPrimaryActionEnd" action="SetProgressionLevel" progression_name="perkArtOfMiningDiamondTools" level="-1"/> 
						<triggered_effect trigger="onSelfPrimaryActionEnd" action="SetProgressionLevel" progression_name="perkArtOfMiningCoffee" level="-1"/> 
						<triggered_effect trigger="onSelfPrimaryActionEnd" action="SetProgressionLevel" progression_name="perkArtOfMiningBlackStrap" level="-1"/> 
						<triggered_effect trigger="onSelfPrimaryActionEnd" action="SetProgressionLevel" progression_name="perkArtOfMiningPallets" level="-1"/> 
						<triggered_effect trigger="onSelfPrimaryActionEnd" action="SetProgressionLevel" progression_name="perkArtOfMiningAvalanche" level="-1"/> 
						<triggered_effect trigger="onSelfPrimaryActionEnd" action="SetProgressionLevel" progression_name="perkArtOfMiningDamage" level="-1"/>  
						<triggered_effect trigger="onSelfPrimaryActionEnd" action="SetProgressionLevel" progression_name="perkArtOfMiningComplete" level="-1">
							<requirement name="PerksUnlocked" skill_name="skillArtOfMining" operation="GTE" value="7"/></triggered_effect>
						<triggered_effect trigger="onSelfPrimaryActionEnd" action="PlaySound" sound="read_skillbook_final" play_in_head="true">
							<requirement name="PerksUnlocked" skill_name="skillArtOfMining" operation="GTE" value="7"/></triggered_effect>
					</effect_group>
				</item>
				<item name="bookRangersCollection">
					<property name="Extends" value="bookFiremansAlmanacCollection"/>
					<property name="CustomIcon" value="bookRangersArrowRecovery"/>
					<property name="Unlocks" value="perkRangersComplete"/>	
					<effect_group tiered="false">
						<triggered_effect trigger="onSelfPrimaryActionEnd" action="SetProgressionLevel" progression_name="perkRangersArrowRecovery" level="-1"/><!-- level="-1" sets a perk to max level -->
						<triggered_effect trigger="onSelfPrimaryActionEnd" action="SetProgressionLevel" progression_name="perkRangersExplodingBolts" level="-1"/> 
						<triggered_effect trigger="onSelfPrimaryActionEnd" action="SetProgressionLevel" progression_name="perkRangersCripplingShot" level="-1"/> 
						<triggered_effect trigger="onSelfPrimaryActionEnd" action="SetProgressionLevel" progression_name="perkRangersAPAmmo" level="-1"/> 
						<triggered_effect trigger="onSelfPrimaryActionEnd" action="SetProgressionLevel" progression_name="perkRangersFlamingArrows" level="-1"/> 
						<triggered_effect trigger="onSelfPrimaryActionEnd" action="SetProgressionLevel" progression_name="perkRangersForestGuide" level="-1"/> 
						<triggered_effect trigger="onSelfPrimaryActionEnd" action="SetProgressionLevel" progression_name="perkRangersKnockdown" level="-1"/>  
						<triggered_effect trigger="onSelfPrimaryActionEnd" action="SetProgressionLevel" progression_name="perkRangersComplete" level="-1">
							<requirement name="PerksUnlocked" skill_name="skillArchery" operation="GTE" value="7"/></triggered_effect>
						<triggered_effect trigger="onSelfPrimaryActionEnd" action="PlaySound" sound="read_skillbook_final" play_in_head="true">
							<requirement name="PerksUnlocked" skill_name="skillArchery" operation="GTE" value="7"/></triggered_effect>
					</effect_group>
				</item>
				<item name="bookPistolPeteCollection">
					<property name="Extends" value="bookFiremansAlmanacCollection"/>
					<property name="CustomIcon" value="bookPistolPeteTakeAim"/>
					<property name="Unlocks" value="perkPistolPeteComplete"/>
					<effect_group tiered="false">
						<triggered_effect trigger="onSelfPrimaryActionEnd" action="SetProgressionLevel" progression_name="perkPistolPeteTakeAim" level="-1"/><!-- level="-1" sets a perk to max level -->
						<triggered_effect trigger="onSelfPrimaryActionEnd" action="SetProgressionLevel" progression_name="perkPistolPeteSwissKnees" level="-1"/> 
						<triggered_effect trigger="onSelfPrimaryActionEnd" action="SetProgressionLevel" progression_name="perkPistolPeteSteadyHand" level="-1"/> 
						<triggered_effect trigger="onSelfPrimaryActionEnd" action="SetProgressionLevel" progression_name="perkPistolPeteMaintenance" level="-1"/> 
						<triggered_effect trigger="onSelfPrimaryActionEnd" action="SetProgressionLevel" progression_name="perkPistolPeteHPAmmo" level="-1"/> 
						<triggered_effect trigger="onSelfPrimaryActionEnd" action="SetProgressionLevel" progression_name="perkPistolPeteAPAmmo" level="-1"/> 
						<triggered_effect trigger="onSelfPrimaryActionEnd" action="SetProgressionLevel" progression_name="perkPistolPeteDamage" level="-1"/>  
						<triggered_effect trigger="onSelfPrimaryActionEnd" action="SetProgressionLevel" progression_name="perkPistolPeteComplete" level="-1">
							<requirement name="PerksUnlocked" skill_name="skillPistolPete" operation="GTE" value="7"/></triggered_effect>
						<triggered_effect trigger="onSelfPrimaryActionEnd" action="PlaySound" sound="read_skillbook_final" play_in_head="true">
							<requirement name="PerksUnlocked" skill_name="skillPistolPete" operation="GTE" value="7"/></triggered_effect>
					</effect_group>
				</item>
				<item name="bookShotgunMessiahCollection">
					<property name="Extends" value="bookFiremansAlmanacCollection"/>
					<property name="CustomIcon" value="bookShotgunMessiahDamage"/>
					<property name="Unlocks" value="perkShotgunMessiahComplete"/>
					<effect_group tiered="false">
						<triggered_effect trigger="onSelfPrimaryActionEnd" action="SetProgressionLevel" progression_name="perkShotgunMessiahDamage" level="-1"/><!-- level="-1" sets a perk to max level -->
						<triggered_effect trigger="onSelfPrimaryActionEnd" action="SetProgressionLevel" progression_name="perkShotgunMessiahBreachingSlugs" level="-1"/> 
						<triggered_effect trigger="onSelfPrimaryActionEnd" action="SetProgressionLevel" progression_name="perkShotgunMessiahLimbShot" level="-1"/> 
						<triggered_effect trigger="onSelfPrimaryActionEnd" action="SetProgressionLevel" progression_name="perkShotgunMessiahSlugs" level="-1"/> 
						<triggered_effect trigger="onSelfPrimaryActionEnd" action="SetProgressionLevel" progression_name="perkShotgunMessiahMaintenance" level="-1"/> 
						<triggered_effect trigger="onSelfPrimaryActionEnd" action="SetProgressionLevel" progression_name="perkShotgunMessiahMagazine" level="-1"/> 
						<triggered_effect trigger="onSelfPrimaryActionEnd" action="SetProgressionLevel" progression_name="perkShotgunMessiahPartyStarter" level="-1"/>  
						<triggered_effect trigger="onSelfPrimaryActionEnd" action="SetProgressionLevel" progression_name="perkShotgunMessiahComplete" level="-1">
							<requirement name="PerksUnlocked" skill_name="skillShotguns" operation="GTE" value="7"/></triggered_effect>
						<triggered_effect trigger="onSelfPrimaryActionEnd" action="PlaySound" sound="read_skillbook_final" play_in_head="true">
							<requirement name="PerksUnlocked" skill_name="skillShotguns" operation="GTE" value="7"/></triggered_effect>
					</effect_group>
				</item>
				<item name="bookSniperCollection">
					<property name="Extends" value="bookFiremansAlmanacCollection"/>
					<property name="CustomIcon" value="bookSniperDamage"/>
					<property name="Unlocks" value="perkSniperComplete"/>
					<effect_group tiered="false">
						<triggered_effect trigger="onSelfPrimaryActionEnd" action="SetProgressionLevel" progression_name="perkSniperDamage" level="-1"/><!-- level="-1" sets a perk to max level -->
						<triggered_effect trigger="onSelfPrimaryActionEnd" action="SetProgressionLevel" progression_name="perkSniperCripplingShot" level="-1"/> 
						<triggered_effect trigger="onSelfPrimaryActionEnd" action="SetProgressionLevel" progression_name="perkSniperHeadShot" level="-1"/> 
						<triggered_effect trigger="onSelfPrimaryActionEnd" action="SetProgressionLevel" progression_name="perkSniperReload" level="-1"/> 
						<triggered_effect trigger="onSelfPrimaryActionEnd" action="SetProgressionLevel" progression_name="perkSniperControlledBreathing" level="-1"/> 
						<triggered_effect trigger="onSelfPrimaryActionEnd" action="SetProgressionLevel" progression_name="perkSniperAPAmmo" level="-1"/> 
						<triggered_effect trigger="onSelfPrimaryActionEnd" action="SetProgressionLevel" progression_name="perkSniperHPAmmo" level="-1"/>  
						<triggered_effect trigger="onSelfPrimaryActionEnd" action="SetProgressionLevel" progression_name="perkSniperComplete" level="-1">
							<requirement name="PerksUnlocked" skill_name="skillSniper" operation="GTE" value="7"/></triggered_effect>
						<triggered_effect trigger="onSelfPrimaryActionEnd" action="PlaySound" sound="read_skillbook_final" play_in_head="true">
							<requirement name="PerksUnlocked" skill_name="skillSniper" operation="GTE" value="7"/></triggered_effect>
					</effect_group>
				</item>
				<item name="bookAutoWeaponsCollection">
					<property name="Extends" value="bookFiremansAlmanacCollection"/>
					<property name="CustomIcon" value="bookAutoWeaponsDamage"/>
					<property name="Unlocks" value="perkAutoWeaponsComplete"/>
					<effect_group tiered="false">
						<triggered_effect trigger="onSelfPrimaryActionEnd" action="SetProgressionLevel" progression_name="perkAutoWeaponsDamage" level="-1"/><!-- level="-1" sets a perk to max level -->
						<triggered_effect trigger="onSelfPrimaryActionEnd" action="SetProgressionLevel" progression_name="perkAutoWeaponsUncontrolledBurst" level="-1"/> 
						<triggered_effect trigger="onSelfPrimaryActionEnd" action="SetProgressionLevel" progression_name="perkAutoWeaponsMaintenance" level="-1"/> 
						<triggered_effect trigger="onSelfPrimaryActionEnd" action="SetProgressionLevel" progression_name="perkAutoWeaponsDrumMag" level="-1"/> 
						<triggered_effect trigger="onSelfPrimaryActionEnd" action="SetProgressionLevel" progression_name="perkAutoWeaponsRecoil" level="-1"/> 
						<triggered_effect trigger="onSelfPrimaryActionEnd" action="SetProgressionLevel" progression_name="perkAutoWeaponsRagdoll" level="-1"/> 
						<triggered_effect trigger="onSelfPrimaryActionEnd" action="SetProgressionLevel" progression_name="perkAutoWeaponsMachineGuns" level="-1"/>  
						<triggered_effect trigger="onSelfPrimaryActionEnd" action="SetProgressionLevel" progression_name="perkAutoWeaponsComplete" level="-1">
							<requirement name="PerksUnlocked" skill_name="skillAutoWeapons" operation="GTE" value="7"/></triggered_effect>
						<triggered_effect trigger="onSelfPrimaryActionEnd" action="PlaySound" sound="read_skillbook_final" play_in_head="true">
							<requirement name="PerksUnlocked" skill_name="skillAutoWeapons" operation="GTE" value="7"/></triggered_effect>
					</effect_group>
				</item>
				<item name="bookUrbanCombatCollection">
					<property name="Extends" value="bookFiremansAlmanacCollection"/>
					<property name="CustomIcon" value="bookUrbanCombatLanding"/>
					<property name="Unlocks" value="perkUrbanCombatComplete"/>	
					<effect_group tiered="false">
						<triggered_effect trigger="onSelfPrimaryActionEnd" action="SetProgressionLevel" progression_name="perkUrbanCombatLanding" level="-1"/><!-- level="-1" sets a perk to max level -->
						<triggered_effect trigger="onSelfPrimaryActionEnd" action="SetProgressionLevel" progression_name="perkUrbanCombatCigar" level="-1"/> 
						<triggered_effect trigger="onSelfPrimaryActionEnd" action="SetProgressionLevel" progression_name="perkUrbanCombatSneaking" level="-1"/> 
						<triggered_effect trigger="onSelfPrimaryActionEnd" action="SetProgressionLevel" progression_name="perkUrbanCombatJumping" level="-1"/> 
						<triggered_effect trigger="onSelfPrimaryActionEnd" action="SetProgressionLevel" progression_name="perkUrbanCombatLandMines" level="-1"/> 
						<triggered_effect trigger="onSelfPrimaryActionEnd" action="SetProgressionLevel" progression_name="perkUrbanCombatAdrenalineRush" level="-1"/> 
						<triggered_effect trigger="onSelfPrimaryActionEnd" action="SetProgressionLevel" progression_name="perkUrbanCombatRoomClearing" level="-1"/>  
						<triggered_effect trigger="onSelfPrimaryActionEnd" action="SetProgressionLevel" progression_name="perkUrbanCombatComplete" level="-1">
							<requirement name="PerksUnlocked" skill_name="skillUrbanCombat" operation="GTE" value="7"/></triggered_effect>
						<triggered_effect trigger="onSelfPrimaryActionEnd" action="PlaySound" sound="read_skillbook_final" play_in_head="true">
							<requirement name="PerksUnlocked" skill_name="skillUrbanCombat" operation="GTE" value="7"/></triggered_effect>
					</effect_group>	
				</item>
				<item name="bookTechJunkieCollection">
					<property name="Extends" value="bookFiremansAlmanacCollection"/>
					<property name="CustomIcon" value="bookTechJunkie1Damage"/>
					<property name="Unlocks" value="perkTechJunkie8Complete"/>	
					<effect_group tiered="false">
						<triggered_effect trigger="onSelfPrimaryActionEnd" action="SetProgressionLevel" progression_name="perkTechJunkie1Damage" level="-1"/><!-- level="-1" sets a perk to max level -->
						<triggered_effect trigger="onSelfPrimaryActionEnd" action="SetProgressionLevel" progression_name="perkTechJunkie2Maintenance" level="-1"/> 
						<triggered_effect trigger="onSelfPrimaryActionEnd" action="SetProgressionLevel" progression_name="perkTechJunkie3APAmmo" level="-1"/> 
						<triggered_effect trigger="onSelfPrimaryActionEnd" action="SetProgressionLevel" progression_name="perkTechJunkie4Shells" level="-1"/> 
						<triggered_effect trigger="onSelfPrimaryActionEnd" action="SetProgressionLevel" progression_name="perkTechJunkie5Repulsor" level="-1"/> 
						<triggered_effect trigger="onSelfPrimaryActionEnd" action="SetProgressionLevel" progression_name="perkTechJunkie6BatonCharge" level="-1"/> 
						<triggered_effect trigger="onSelfPrimaryActionEnd" action="SetProgressionLevel" progression_name="perkTechJunkie7Hydraulics" level="-1"/>  
						<triggered_effect trigger="onSelfPrimaryActionEnd" action="SetProgressionLevel" progression_name="perkTechJunkie8Complete" level="-1">
							<requirement name="PerksUnlocked" skill_name="skillTechJunkie" operation="GTE" value="7"/></triggered_effect>
						<triggered_effect trigger="onSelfPrimaryActionEnd" action="PlaySound" sound="read_skillbook_final" play_in_head="true">
							<requirement name="PerksUnlocked" skill_name="skillTechJunkie" operation="GTE" value="7"/></triggered_effect>
					</effect_group>
				</item>
				<item name="bookBarBrawlingCollection">
					<property name="Extends" value="bookFiremansAlmanacCollection"/>
					<property name="CustomIcon" value="bookBarBrawling1BasicMoves"/>
					<property name="Unlocks" value="perkBarBrawling8Complete"/>
					<effect_group tiered="false">
						<triggered_effect trigger="onSelfPrimaryActionEnd" action="SetProgressionLevel" progression_name="perkBarBrawling1BasicMoves" level="-1"/><!-- level="-1" sets a perk to max level -->
						<triggered_effect trigger="onSelfPrimaryActionEnd" action="SetProgressionLevel" progression_name="perkBarBrawling2DropABomb" level="-1"/> 
						<triggered_effect trigger="onSelfPrimaryActionEnd" action="SetProgressionLevel" progression_name="perkBarBrawling3KillerInstinct" level="-1"/> 
						<triggered_effect trigger="onSelfPrimaryActionEnd" action="SetProgressionLevel" progression_name="perkBarBrawling4FinishingMoves" level="-1"/> 
						<triggered_effect trigger="onSelfPrimaryActionEnd" action="SetProgressionLevel" progression_name="perkBarBrawling5AdrenalineHealing" level="-1"/> 
						<triggered_effect trigger="onSelfPrimaryActionEnd" action="SetProgressionLevel" progression_name="perkBarBrawling6RageMode" level="-1"/> 
						<triggered_effect trigger="onSelfPrimaryActionEnd" action="SetProgressionLevel" progression_name="perkBarBrawling7BoozedUp" level="-1"/>  
						<triggered_effect trigger="onSelfPrimaryActionEnd" action="SetProgressionLevel" progression_name="perkBarBrawling8Complete" level="-1">
							<requirement name="PerksUnlocked" skill_name="skillBarBrawling" operation="GTE" value="7"/></triggered_effect>
						<triggered_effect trigger="onSelfPrimaryActionEnd" action="PlaySound" sound="read_skillbook_final" play_in_head="true">
							<requirement name="PerksUnlocked" skill_name="skillBarBrawling" operation="GTE" value="7"/></triggered_effect>
					</effect_group>
				</item>
				<item name="bookSpearHunterCollection">
					<property name="Extends" value="bookFiremansAlmanacCollection"/>
					<property name="CustomIcon" value="bookSpearHunter1Damage"/>
					<property name="Unlocks" value="perkSpearHunter8Complete"/>	
					<effect_group tiered="false">
						<triggered_effect trigger="onSelfPrimaryActionEnd" action="SetProgressionLevel" progression_name="perkSpearHunter1Damage" level="-1"/><!-- level="-1" sets a perk to max level -->
						<triggered_effect trigger="onSelfPrimaryActionEnd" action="SetProgressionLevel" progression_name="perkSpearHunter2Maintenance" level="-1"/> 
						<triggered_effect trigger="onSelfPrimaryActionEnd" action="SetProgressionLevel" progression_name="perkSpearHunter3Bleed" level="-1"/> 
						<triggered_effect trigger="onSelfPrimaryActionEnd" action="SetProgressionLevel" progression_name="perkSpearHunter4KillMove" level="-1"/> 
						<triggered_effect trigger="onSelfPrimaryActionEnd" action="SetProgressionLevel" progression_name="perkSpearHunter5RapidStrike" level="-1"/> 
						<triggered_effect trigger="onSelfPrimaryActionEnd" action="SetProgressionLevel" progression_name="perkSpearHunter6PenetratingShaft" level="-1"/> 
						<triggered_effect trigger="onSelfPrimaryActionEnd" action="SetProgressionLevel" progression_name="perkSpearHunter7QuickStrike" level="-1"/>  
						<triggered_effect trigger="onSelfPrimaryActionEnd" action="SetProgressionLevel" progression_name="perkSpearHunter8Complete" level="-1">
							<requirement name="PerksUnlocked" skill_name="skillSpearHunter" operation="GTE" value="7"/></triggered_effect>
						<triggered_effect trigger="onSelfPrimaryActionEnd" action="PlaySound" sound="read_skillbook_final" play_in_head="true">
							<requirement name="PerksUnlocked" skill_name="skillSpearHunter" operation="GTE" value="7"/></triggered_effect>
					</effect_group>
				</item>
				
				<!--Encyclopedia. Contains ALL Books (Do not combine with ALL schematics, it will break your game)-->
				<item name="bookCompleteCollection">
					<property name="Extends" value="bookFiremansAlmanacCollection" param1="AltItemTypeIcon,CustomIconTint"/>
					<property name="CustomIcon" value="cntBookPile01"/>	<property name="CustomIconTint" value="930CF8"/>
					<property name="ItemTypeIcon" value="treasure"/>
					<property name="DescriptionKey" value="bookCompleteCollectionDesc"/>
					<property name="EconomicValue" value="80000"/>
					<property name="Weight" value="665"/>
					<property name="Unlocks" value="bookCompleteCollection"/>
					<effect_group tiered="false">				
						<triggered_effect trigger="onSelfPrimaryActionEnd" action="PlaySound" sound="keystone_placed" play_in_head="true"/>
						<triggered_effect trigger="onSelfPrimaryActionEnd" action="SetProgressionLevel" progression_name="perksCompleteCollection" level="-1"/>
						<triggered_effect trigger="onSelfPrimaryActionEnd" action="SetProgressionLevel" progression_name="perkSpearHunter1Damage" level="-1"/><!-- level="-1" sets a perk to max level -->
						<triggered_effect trigger="onSelfPrimaryActionEnd" action="SetProgressionLevel" progression_name="perkSpearHunter2Maintenance" level="-1"/> 
						<triggered_effect trigger="onSelfPrimaryActionEnd" action="SetProgressionLevel" progression_name="perkSpearHunter3Bleed" level="-1"/> 
						<triggered_effect trigger="onSelfPrimaryActionEnd" action="SetProgressionLevel" progression_name="perkSpearHunter4KillMove" level="-1"/> 
						<triggered_effect trigger="onSelfPrimaryActionEnd" action="SetProgressionLevel" progression_name="perkSpearHunter5RapidStrike" level="-1"/> 
						<triggered_effect trigger="onSelfPrimaryActionEnd" action="SetProgressionLevel" progression_name="perkSpearHunter6PenetratingShaft" level="-1"/> 
						<triggered_effect trigger="onSelfPrimaryActionEnd" action="SetProgressionLevel" progression_name="perkSpearHunter7QuickStrike" level="-1"/>  
						<triggered_effect trigger="onSelfPrimaryActionEnd" action="SetProgressionLevel" progression_name="perkSpearHunter8Complete" level="-1"/>
						<triggered_effect trigger="onSelfPrimaryActionEnd" action="SetProgressionLevel" progression_name="perkFiremansAlmanacHeat" level="-1"/><!-- level="-1" sets a perk to max level -->
						<triggered_effect trigger="onSelfPrimaryActionEnd" action="SetProgressionLevel" progression_name="perkFiremansAlmanacAxes" level="-1"/> 
						<triggered_effect trigger="onSelfPrimaryActionEnd" action="SetProgressionLevel" progression_name="perkFiremansAlmanacSpeed" level="-1"/> 
						<triggered_effect trigger="onSelfPrimaryActionEnd" action="SetProgressionLevel" progression_name="perkFiremansAlmanacMolotov" level="-1"/> 
						<triggered_effect trigger="onSelfPrimaryActionEnd" action="SetProgressionLevel" progression_name="perkFiremansAlmanacPrevention" level="-1"/> 
						<triggered_effect trigger="onSelfPrimaryActionEnd" action="SetProgressionLevel" progression_name="perkFiremansAlmanacHarvest" level="-1"/> 
						<triggered_effect trigger="onSelfPrimaryActionEnd" action="SetProgressionLevel" progression_name="perkFiremansAlmanacEquipment" level="-1"/>  
						<triggered_effect trigger="onSelfPrimaryActionEnd" action="SetProgressionLevel" progression_name="perkFiremansAlmanacComplete" level="-1"/>
						<triggered_effect trigger="onSelfPrimaryActionEnd" action="SetProgressionLevel" progression_name="perkNightStalkerStealthDamage" level="-1"/><!-- level="-1" sets a perk to max level -->
						<triggered_effect trigger="onSelfPrimaryActionEnd" action="SetProgressionLevel" progression_name="perkNightStalkerSilentNight" level="-1"/> 
						<triggered_effect trigger="onSelfPrimaryActionEnd" action="SetProgressionLevel" progression_name="perkNightStalkerBlades" level="-1"/> 
						<triggered_effect trigger="onSelfPrimaryActionEnd" action="SetProgressionLevel" progression_name="perkNightStalkerThiefAdrenaline" level="-1"/> 
						<triggered_effect trigger="onSelfPrimaryActionEnd" action="SetProgressionLevel" progression_name="perkNightStalkerArchery" level="-1"/> 
						<triggered_effect trigger="onSelfPrimaryActionEnd" action="SetProgressionLevel" progression_name="perkNightStalkerTwilightThief" level="-1"/> 
						<triggered_effect trigger="onSelfPrimaryActionEnd" action="SetProgressionLevel" progression_name="perkNightStalkerSlumberParty" level="-1"/>  
						<triggered_effect trigger="onSelfPrimaryActionEnd" action="SetProgressionLevel" progression_name="perkNightStalkerComplete" level="-1"/>
						<triggered_effect trigger="onSelfPrimaryActionEnd" action="SetProgressionLevel" progression_name="perkLuckyLooterDukes" level="-1"/><!-- level="-1" sets a perk to max level -->
						<triggered_effect trigger="onSelfPrimaryActionEnd" action="SetProgressionLevel" progression_name="perkLuckyLooterAmmunition" level="-1"/> 
						<triggered_effect trigger="onSelfPrimaryActionEnd" action="SetProgressionLevel" progression_name="perkLuckyLooterBrass" level="-1"/> 
						<triggered_effect trigger="onSelfPrimaryActionEnd" action="SetProgressionLevel" progression_name="perkLuckyLooterLead" level="-1"/> 
						<triggered_effect trigger="onSelfPrimaryActionEnd" action="SetProgressionLevel" progression_name="perkLuckyLooterBooks" level="-1"/> 
						<triggered_effect trigger="onSelfPrimaryActionEnd" action="SetProgressionLevel" progression_name="perkLuckyLooterFood" level="-1"/> 
						<triggered_effect trigger="onSelfPrimaryActionEnd" action="SetProgressionLevel" progression_name="perkLuckyLooterMedical" level="-1"/>  
						<triggered_effect trigger="onSelfPrimaryActionEnd" action="SetProgressionLevel" progression_name="perkLuckyLooterComplete" level="-1"/>
						<triggered_effect trigger="onSelfPrimaryActionEnd" action="SetProgressionLevel" progression_name="perkEnforcerDamage" level="-1"/><!-- level="-1" sets a perk to max level -->
						<triggered_effect trigger="onSelfPrimaryActionEnd" action="SetProgressionLevel" progression_name="perkEnforcerApparel" level="-1"/> 
						<triggered_effect trigger="onSelfPrimaryActionEnd" action="SetProgressionLevel" progression_name="perkEnforcerPunks" level="-1"/> 
						<triggered_effect trigger="onSelfPrimaryActionEnd" action="SetProgressionLevel" progression_name="perkEnforcerIntimidation" level="-1"/> 
						<triggered_effect trigger="onSelfPrimaryActionEnd" action="SetProgressionLevel" progression_name="perkEnforcerAPAmmo" level="-1"/> 
						<triggered_effect trigger="onSelfPrimaryActionEnd" action="SetProgressionLevel" progression_name="perkEnforcerHPAmmo" level="-1"/> 
						<triggered_effect trigger="onSelfPrimaryActionEnd" action="SetProgressionLevel" progression_name="perkEnforcerCriminalPursuit" level="-1"/>  
						<triggered_effect trigger="onSelfPrimaryActionEnd" action="SetProgressionLevel" progression_name="perkEnforcerComplete" level="-1"/>
						<triggered_effect trigger="onSelfPrimaryActionEnd" action="SetProgressionLevel" progression_name="perkBatterUpBigHits" level="-1"/><!-- level="-1" sets a perk to max level -->
						<triggered_effect trigger="onSelfPrimaryActionEnd" action="SetProgressionLevel" progression_name="perkBatterUpStealingBases" level="-1"/> 
						<triggered_effect trigger="onSelfPrimaryActionEnd" action="SetProgressionLevel" progression_name="perkBatterUpSlowPitch" level="-1"/> 
						<triggered_effect trigger="onSelfPrimaryActionEnd" action="SetProgressionLevel" progression_name="perkBatterUpKnockdown" level="-1"/> 
						<triggered_effect trigger="onSelfPrimaryActionEnd" action="SetProgressionLevel" progression_name="perkBatterUpMaintenance" level="-1"/> 
						<triggered_effect trigger="onSelfPrimaryActionEnd" action="SetProgressionLevel" progression_name="perkBatterUpFoulBalls" level="-1"/> 
						<triggered_effect trigger="onSelfPrimaryActionEnd" action="SetProgressionLevel" progression_name="perkBatterUpMetalChain" level="-1"/>  
						<triggered_effect trigger="onSelfPrimaryActionEnd" action="SetProgressionLevel" progression_name="perkBatterUpComplete" level="-1"/>
						<triggered_effect trigger="onSelfPrimaryActionEnd" action="SetProgressionLevel" progression_name="perkGreatHeistSafes" level="-1"/><!-- level="-1" sets a perk to max level -->
						<triggered_effect trigger="onSelfPrimaryActionEnd" action="SetProgressionLevel" progression_name="perkGreatHeistGems" level="-1"/> 
						<triggered_effect trigger="onSelfPrimaryActionEnd" action="SetProgressionLevel" progression_name="perkGreatHeistGoldRush" level="-1"/> 
						<triggered_effect trigger="onSelfPrimaryActionEnd" action="SetProgressionLevel" progression_name="perkGreatHeistClaimed" level="-1"/> 
						<triggered_effect trigger="onSelfPrimaryActionEnd" action="SetProgressionLevel" progression_name="perkGreatHeistAdrenalineFall" level="-1"/> 
						<triggered_effect trigger="onSelfPrimaryActionEnd" action="SetProgressionLevel" progression_name="perkGreatHeistSprintSneak" level="-1"/> 
						<triggered_effect trigger="onSelfPrimaryActionEnd" action="SetProgressionLevel" progression_name="perkGreatHeistMotionDetection" level="-1"/>  
						<triggered_effect trigger="onSelfPrimaryActionEnd" action="SetProgressionLevel" progression_name="perkGreatHeistComplete" level="-1"/>
						<triggered_effect trigger="onSelfPrimaryActionEnd" action="SetProgressionLevel" progression_name="perkWasteTreasuresHoney" level="-1"/><!-- level="-1" sets a perk to max level -->
						<triggered_effect trigger="onSelfPrimaryActionEnd" action="SetProgressionLevel" progression_name="perkWasteTreasuresCoffins" level="-1"/> 
						<triggered_effect trigger="onSelfPrimaryActionEnd" action="SetProgressionLevel" progression_name="perkWasteTreasuresAcid" level="-1"/> 
						<triggered_effect trigger="onSelfPrimaryActionEnd" action="SetProgressionLevel" progression_name="perkWasteTreasuresWater" level="-1"/> 
						<triggered_effect trigger="onSelfPrimaryActionEnd" action="SetProgressionLevel" progression_name="perkWasteTreasuresDoors" level="-1"/> 
						<triggered_effect trigger="onSelfPrimaryActionEnd" action="SetProgressionLevel" progression_name="perkWasteTreasuresCloth" level="-1"/> 
						<triggered_effect trigger="onSelfPrimaryActionEnd" action="SetProgressionLevel" progression_name="perkWasteTreasuresSinks" level="-1"/>  
						<triggered_effect trigger="onSelfPrimaryActionEnd" action="SetProgressionLevel" progression_name="perkWasteTreasuresComplete" level="-1"/>
						<triggered_effect trigger="onSelfPrimaryActionEnd" action="SetProgressionLevel" progression_name="perkNeedleAndThreadWinterWear" level="-1"/><!-- level="-1" sets a perk to max level -->
						<triggered_effect trigger="onSelfPrimaryActionEnd" action="SetProgressionLevel" progression_name="perkNeedleAndThreadLegwear" level="-1"/> 
						<triggered_effect trigger="onSelfPrimaryActionEnd" action="SetProgressionLevel" progression_name="perkNeedleAndThreadFootwear" level="-1"/> 
						<triggered_effect trigger="onSelfPrimaryActionEnd" action="SetProgressionLevel" progression_name="perkNeedleAndThreadDesertWear" level="-1"/> 
						<triggered_effect trigger="onSelfPrimaryActionEnd" action="SetProgressionLevel" progression_name="perkNeedleAndThreadDusters" level="-1"/> 
						<triggered_effect trigger="onSelfPrimaryActionEnd" action="SetProgressionLevel" progression_name="perkNeedleAndThreadPufferCoats" level="-1"/> 
						<triggered_effect trigger="onSelfPrimaryActionEnd" action="SetProgressionLevel" progression_name="perkNeedleAndThreadPockets" level="-1"/>
						<triggered_effect trigger="onSelfPrimaryActionEnd" action="SetProgressionLevel" progression_name="perkNeedleAndThreadComplete" level="-1"/>				
						<triggered_effect trigger="onSelfPrimaryActionEnd" action="SetProgressionLevel" progression_name="perkHuntingJournalBears" level="-1"/><!-- level="-1" sets a perk to max level -->
						<triggered_effect trigger="onSelfPrimaryActionEnd" action="SetProgressionLevel" progression_name="perkHuntingJournalWolves" level="-1"/> 
						<triggered_effect trigger="onSelfPrimaryActionEnd" action="SetProgressionLevel" progression_name="perkHuntingJournalCoyotes" level="-1"/> 
						<triggered_effect trigger="onSelfPrimaryActionEnd" action="SetProgressionLevel" progression_name="perkHuntingJournalMountainLions" level="-1"/> 
						<triggered_effect trigger="onSelfPrimaryActionEnd" action="SetProgressionLevel" progression_name="perkHuntingJournalDeer" level="-1"/> 
						<triggered_effect trigger="onSelfPrimaryActionEnd" action="SetProgressionLevel" progression_name="perkHuntingJournalVultures" level="-1"/> 
						<triggered_effect trigger="onSelfPrimaryActionEnd" action="SetProgressionLevel" progression_name="perkHuntingJournalSelfDefense" level="-1"/>  
						<triggered_effect trigger="onSelfPrimaryActionEnd" action="SetProgressionLevel" progression_name="perkHuntingJournalComplete" level="-1"/>
						<triggered_effect trigger="onSelfPrimaryActionEnd" action="SetProgressionLevel" progression_name="perkArtOfMiningLuckyStrike" level="-1"/><!-- level="-1" sets a perk to max level -->
						<triggered_effect trigger="onSelfPrimaryActionEnd" action="SetProgressionLevel" progression_name="perkArtOfMiningDiamondTools" level="-1"/> 
						<triggered_effect trigger="onSelfPrimaryActionEnd" action="SetProgressionLevel" progression_name="perkArtOfMiningCoffee" level="-1"/> 
						<triggered_effect trigger="onSelfPrimaryActionEnd" action="SetProgressionLevel" progression_name="perkArtOfMiningBlackStrap" level="-1"/> 
						<triggered_effect trigger="onSelfPrimaryActionEnd" action="SetProgressionLevel" progression_name="perkArtOfMiningPallets" level="-1"/> 
						<triggered_effect trigger="onSelfPrimaryActionEnd" action="SetProgressionLevel" progression_name="perkArtOfMiningAvalanche" level="-1"/> 
						<triggered_effect trigger="onSelfPrimaryActionEnd" action="SetProgressionLevel" progression_name="perkArtOfMiningDamage" level="-1"/>  
						<triggered_effect trigger="onSelfPrimaryActionEnd" action="SetProgressionLevel" progression_name="perkArtOfMiningComplete" level="-1"/>
						<triggered_effect trigger="onSelfPrimaryActionEnd" action="SetProgressionLevel" progression_name="perkRangersArrowRecovery" level="-1"/><!-- level="-1" sets a perk to max level -->
						<triggered_effect trigger="onSelfPrimaryActionEnd" action="SetProgressionLevel" progression_name="perkRangersExplodingBolts" level="-1"/> 
						<triggered_effect trigger="onSelfPrimaryActionEnd" action="SetProgressionLevel" progression_name="perkRangersCripplingShot" level="-1"/> 
						<triggered_effect trigger="onSelfPrimaryActionEnd" action="SetProgressionLevel" progression_name="perkRangersAPAmmo" level="-1"/> 
						<triggered_effect trigger="onSelfPrimaryActionEnd" action="SetProgressionLevel" progression_name="perkRangersFlamingArrows" level="-1"/> 
						<triggered_effect trigger="onSelfPrimaryActionEnd" action="SetProgressionLevel" progression_name="perkRangersForestGuide" level="-1"/> 
						<triggered_effect trigger="onSelfPrimaryActionEnd" action="SetProgressionLevel" progression_name="perkRangersKnockdown" level="-1"/>  
						<triggered_effect trigger="onSelfPrimaryActionEnd" action="SetProgressionLevel" progression_name="perkRangersComplete" level="-1"/>
						<triggered_effect trigger="onSelfPrimaryActionEnd" action="SetProgressionLevel" progression_name="perkPistolPeteTakeAim" level="-1"/><!-- level="-1" sets a perk to max level -->
						<triggered_effect trigger="onSelfPrimaryActionEnd" action="SetProgressionLevel" progression_name="perkPistolPeteSwissKnees" level="-1"/> 
						<triggered_effect trigger="onSelfPrimaryActionEnd" action="SetProgressionLevel" progression_name="perkPistolPeteSteadyHand" level="-1"/> 
						<triggered_effect trigger="onSelfPrimaryActionEnd" action="SetProgressionLevel" progression_name="perkPistolPeteMaintenance" level="-1"/> 
						<triggered_effect trigger="onSelfPrimaryActionEnd" action="SetProgressionLevel" progression_name="perkPistolPeteHPAmmo" level="-1"/> 
						<triggered_effect trigger="onSelfPrimaryActionEnd" action="SetProgressionLevel" progression_name="perkPistolPeteAPAmmo" level="-1"/> 
						<triggered_effect trigger="onSelfPrimaryActionEnd" action="SetProgressionLevel" progression_name="perkPistolPeteDamage" level="-1"/>  
						<triggered_effect trigger="onSelfPrimaryActionEnd" action="SetProgressionLevel" progression_name="perkPistolPeteComplete" level="-1"/>
						<triggered_effect trigger="onSelfPrimaryActionEnd" action="SetProgressionLevel" progression_name="perkShotgunMessiahDamage" level="-1"/><!-- level="-1" sets a perk to max level -->
						<triggered_effect trigger="onSelfPrimaryActionEnd" action="SetProgressionLevel" progression_name="perkShotgunMessiahBreachingSlugs" level="-1"/> 
						<triggered_effect trigger="onSelfPrimaryActionEnd" action="SetProgressionLevel" progression_name="perkShotgunMessiahLimbShot" level="-1"/> 
						<triggered_effect trigger="onSelfPrimaryActionEnd" action="SetProgressionLevel" progression_name="perkShotgunMessiahSlugs" level="-1"/> 
						<triggered_effect trigger="onSelfPrimaryActionEnd" action="SetProgressionLevel" progression_name="perkShotgunMessiahMaintenance" level="-1"/> 
						<triggered_effect trigger="onSelfPrimaryActionEnd" action="SetProgressionLevel" progression_name="perkShotgunMessiahMagazine" level="-1"/> 
						<triggered_effect trigger="onSelfPrimaryActionEnd" action="SetProgressionLevel" progression_name="perkShotgunMessiahPartyStarter" level="-1"/>  
						<triggered_effect trigger="onSelfPrimaryActionEnd" action="SetProgressionLevel" progression_name="perkShotgunMessiahComplete" level="-1"/>
						<triggered_effect trigger="onSelfPrimaryActionEnd" action="SetProgressionLevel" progression_name="perkSniperDamage" level="-1"/><!-- level="-1" sets a perk to max level -->
						<triggered_effect trigger="onSelfPrimaryActionEnd" action="SetProgressionLevel" progression_name="perkSniperCripplingShot" level="-1"/> 
						<triggered_effect trigger="onSelfPrimaryActionEnd" action="SetProgressionLevel" progression_name="perkSniperHeadShot" level="-1"/> 
						<triggered_effect trigger="onSelfPrimaryActionEnd" action="SetProgressionLevel" progression_name="perkSniperReload" level="-1"/> 
						<triggered_effect trigger="onSelfPrimaryActionEnd" action="SetProgressionLevel" progression_name="perkSniperControlledBreathing" level="-1"/> 
						<triggered_effect trigger="onSelfPrimaryActionEnd" action="SetProgressionLevel" progression_name="perkSniperAPAmmo" level="-1"/> 
						<triggered_effect trigger="onSelfPrimaryActionEnd" action="SetProgressionLevel" progression_name="perkSniperHPAmmo" level="-1"/>  
						<triggered_effect trigger="onSelfPrimaryActionEnd" action="SetProgressionLevel" progression_name="perkSniperComplete" level="-1"/>
						<triggered_effect trigger="onSelfPrimaryActionEnd" action="SetProgressionLevel" progression_name="perkAutoWeaponsDamage" level="-1"/><!-- level="-1" sets a perk to max level -->
						<triggered_effect trigger="onSelfPrimaryActionEnd" action="SetProgressionLevel" progression_name="perkAutoWeaponsUncontrolledBurst" level="-1"/> 
						<triggered_effect trigger="onSelfPrimaryActionEnd" action="SetProgressionLevel" progression_name="perkAutoWeaponsMaintenance" level="-1"/> 
						<triggered_effect trigger="onSelfPrimaryActionEnd" action="SetProgressionLevel" progression_name="perkAutoWeaponsDrumMag" level="-1"/> 
						<triggered_effect trigger="onSelfPrimaryActionEnd" action="SetProgressionLevel" progression_name="perkAutoWeaponsRecoil" level="-1"/> 
						<triggered_effect trigger="onSelfPrimaryActionEnd" action="SetProgressionLevel" progression_name="perkAutoWeaponsRagdoll" level="-1"/> 
						<triggered_effect trigger="onSelfPrimaryActionEnd" action="SetProgressionLevel" progression_name="perkAutoWeaponsMachineGuns" level="-1"/>  
						<triggered_effect trigger="onSelfPrimaryActionEnd" action="SetProgressionLevel" progression_name="perkAutoWeaponsComplete" level="-1"/>
						<triggered_effect trigger="onSelfPrimaryActionEnd" action="SetProgressionLevel" progression_name="perkUrbanCombatLanding" level="-1"/><!-- level="-1" sets a perk to max level -->
						<triggered_effect trigger="onSelfPrimaryActionEnd" action="SetProgressionLevel" progression_name="perkUrbanCombatCigar" level="-1"/> 
						<triggered_effect trigger="onSelfPrimaryActionEnd" action="SetProgressionLevel" progression_name="perkUrbanCombatSneaking" level="-1"/> 
						<triggered_effect trigger="onSelfPrimaryActionEnd" action="SetProgressionLevel" progression_name="perkUrbanCombatJumping" level="-1"/> 
						<triggered_effect trigger="onSelfPrimaryActionEnd" action="SetProgressionLevel" progression_name="perkUrbanCombatLandMines" level="-1"/> 
						<triggered_effect trigger="onSelfPrimaryActionEnd" action="SetProgressionLevel" progression_name="perkUrbanCombatAdrenalineRush" level="-1"/> 
						<triggered_effect trigger="onSelfPrimaryActionEnd" action="SetProgressionLevel" progression_name="perkUrbanCombatRoomClearing" level="-1"/>  
						<triggered_effect trigger="onSelfPrimaryActionEnd" action="SetProgressionLevel" progression_name="perkUrbanCombatComplete" level="-1"/>
						<triggered_effect trigger="onSelfPrimaryActionEnd" action="SetProgressionLevel" progression_name="perkTechJunkie1Damage" level="-1"/><!-- level="-1" sets a perk to max level -->
						<triggered_effect trigger="onSelfPrimaryActionEnd" action="SetProgressionLevel" progression_name="perkTechJunkie2Maintenance" level="-1"/> 
						<triggered_effect trigger="onSelfPrimaryActionEnd" action="SetProgressionLevel" progression_name="perkTechJunkie3APAmmo" level="-1"/> 
						<triggered_effect trigger="onSelfPrimaryActionEnd" action="SetProgressionLevel" progression_name="perkTechJunkie4Shells" level="-1"/> 
						<triggered_effect trigger="onSelfPrimaryActionEnd" action="SetProgressionLevel" progression_name="perkTechJunkie5Repulsor" level="-1"/> 
						<triggered_effect trigger="onSelfPrimaryActionEnd" action="SetProgressionLevel" progression_name="perkTechJunkie6BatonCharge" level="-1"/> 
						<triggered_effect trigger="onSelfPrimaryActionEnd" action="SetProgressionLevel" progression_name="perkTechJunkie7Hydraulics" level="-1"/>  
						<triggered_effect trigger="onSelfPrimaryActionEnd" action="SetProgressionLevel" progression_name="perkTechJunkie8Complete" level="-1"/>
						<triggered_effect trigger="onSelfPrimaryActionEnd" action="SetProgressionLevel" progression_name="perkBarBrawling1BasicMoves" level="-1"/><!-- level="-1" sets a perk to max level -->
						<triggered_effect trigger="onSelfPrimaryActionEnd" action="SetProgressionLevel" progression_name="perkBarBrawling2DropABomb" level="-1"/> 
						<triggered_effect trigger="onSelfPrimaryActionEnd" action="SetProgressionLevel" progression_name="perkBarBrawling3KillerInstinct" level="-1"/> 
						<triggered_effect trigger="onSelfPrimaryActionEnd" action="SetProgressionLevel" progression_name="perkBarBrawling4FinishingMoves" level="-1"/> 
						<triggered_effect trigger="onSelfPrimaryActionEnd" action="SetProgressionLevel" progression_name="perkBarBrawling5AdrenalineHealing" level="-1"/> 
						<triggered_effect trigger="onSelfPrimaryActionEnd" action="SetProgressionLevel" progression_name="perkBarBrawling6RageMode" level="-1"/> 
						<triggered_effect trigger="onSelfPrimaryActionEnd" action="SetProgressionLevel" progression_name="perkBarBrawling7BoozedUp" level="-1"/>  
						<triggered_effect trigger="onSelfPrimaryActionEnd" action="SetProgressionLevel" progression_name="perkBarBrawling8Complete" level="-1"/>
			
					</effect_group>
				</item>
			</append>


</AGFVanillaPlus-BookCollections>
