<AGFVanillaPlus-VehicleSeating>



<!--removing the requirement to have the expanded seating mod-->
		<remove xpath="/vehicles/vehicle/property[@class='seat1']/property[@name='mod']"/><!--motorbike and motorcycle-->
		<remove xpath="/vehicles/vehicle/property[@class='seat2']/property[@name='mod']"/><!--truck-->
		<remove xpath="/vehicles/vehicle/property[@class='seat3']/property[@name='mod']"/><!--truck-->

		

<!--Truck Seats-->		
		<!--Removing the existing extra 2 seats. I've had 5 seats on the truck since A18!!!-->	
		<remove xpath="/vehicles/vehicle[@name='vehicle4x4Truck']/property[@class='seat2']"/>
		<remove xpath="/vehicles/vehicle[@name='vehicle4x4Truck']/property[@class='seat3']"/>
		
		<!--The new 3 extra seats for a total of 5-->
		<append xpath="/vehicles/vehicle[@name='vehicle4x4Truck']">
			<property class="seat2"> <!--seat 3-->
				<property name="class" value="Seat"/>
				<property name="position" value="0, .65, -.9"/>
				<property name="rotation" value="-20, 0, 0"/>
				<property name="exit" value="0,0,-2.8 ~ 0,0,2.6 ~ -1.6,0,-.401 ~ -1.6,0,.401 ~ 0,2.1,0"/>
				<property name="IKHandLPosition" value="-.27, .87, .14"/>
				<property name="IKHandLRotation" value="41, -30, 18"/>
				<property name="IKHandRPosition" value=".27, .87, .14"/>
				<property name="IKHandRRotation" value="41, 30, -18"/>
			</property>

			<property class="seat3"><!--seat 4-->
				<property name="class" value="Seat"/>
				<property name="position" value="-.70, .60, -1.8"/>
				<property name="rotation" value="-20, -90, 0"/>
				<property name="exit" value="-1.3,0,-2.8 ~ -1.3,0,2.6 ~ -1.6,0,-.601 ~ 1.6,0,.601 ~ -1.3,2.1,0"/>
				<property name="IKHandLPosition" value="-.27, .87, .14"/>
				<property name="IKHandLRotation" value="41, -30, 18"/>
				<property name="IKHandRPosition" value=".27, .87, .14"/>
				<property name="IKHandRRotation" value="41, 30, -18"/>
			</property>
		 
			<property class="seat4"><!--seat 5-->
				<property name="class" value="Seat"/>
				<property name="position" value=".70, .60, -1.8"/>
				<property name="rotation" value="-20, 90, 0"/>
				<property name="exit" value="1.3,0,-2.8 ~ 1.3,0,2.6 ~ 1.6,0,-.601 ~ -1.6,0,.601 ~ 1.3,2.1,0"/>
				<property name="IKHandLPosition" value="-.27, .87, .14"/>
				<property name="IKHandLRotation" value="41, -30, 18"/>
				<property name="IKHandRPosition" value=".27, .87, .14"/>
				<property name="IKHandRRotation" value="41, 30, -18"/>
			</property>
		</append>



<!--Gyrocopter Seats, 3 extra... LOL-->	
		<append xpath="/vehicles/vehicle[@name='vehicleGyrocopter']">
			<property class="seat1">
				<property name="class" value="Seat"/>
				<property name="position" value=".45, -.35, .7"/>
				<property name="rotation" value="-27, 0, 0"/>
				<property name="exit" value="-1.3,0,.9 ~ 1.3,0,.9 ~ 0,0,-2.4 ~ 0,0,2.4 ~ 0,2,0"/>
				
				<property name="IKFootLPosition" value="-.35, 0.4, .38"/>
				<property name="IKFootLRotation" value="-22.5, 0, 0"/>
				<property name="IKFootRPosition" value="-.1, .28, .38"/>
				<property name="IKFootRRotation" value="-22.5, 0, 0"/>
				
				<property name="IKHandLPosition" value="-.3, 1.4, 0"/>
				<property name="IKHandLRotation" value="-90, 0, 0"/>
				<property name="IKHandRPosition" value=".5, -.4, -1.8"/>
				<property name="IKHandRRotation" value="100, 0, 0"/>
			</property>
			<property class="seat2">
				<property name="class" value="Seat"/>
				<property name="position" value="-.45, -.35, .7"/>
				<property name="rotation" value="-27, 0, 0"/>
				<property name="exit" value="-1.3,0,.9 ~ 1.3,0,.9 ~ 0,0,-2.4 ~ 0,0,2.4 ~ 0,2,0"/>
				
				<property name="IKFootRPosition" value=".35, 0.4, .38"/>
				<property name="IKFootRRotation" value="-22.5, 0, 0"/>
				<property name="IKFootLPosition" value=".1, .28, .38"/>
				<property name="IKFootLRotation" value="-22.5, 0, 0"/>
				
				<property name="IKHandRPosition" value=".3, 1.4, 0"/>
				<property name="IKHandRRotation" value="-90, 0, 0"/>
				<property name="IKHandLPosition" value="-.5, -.4, -1.8"/>
				<property name="IKHandLRotation" value="100, 0, 0"/>
			</property>	
			<property class="seat3">
				<property name="class" value="Seat"/>
				<property name="position" value="0, -.4, -1.2"/>
				<property name="rotation" value="-5, 180, 0"/>
				<property name="exit" value="-1.3,0,.9 ~ 1.3,0,.9 ~ 0,0,-2.4 ~ 0,0,2.4 ~ 0,2,0"/>
				
				<property name="IKFootLPosition" value="-.11, .8, .6"/>
				<property name="IKFootLRotation" value="-22.5, 0, 0"/>
				<property name="IKFootRPosition" value=".11, .8, .6"/>
				<property name="IKFootRRotation" value="-22.5, 0, 0"/>
				
				<property name="IKHandLPosition" value="-.052, .923, .755"/>
				<property name="IKHandLRotation" value="0, -17.2, 90"/>
				<property name="IKHandRPosition" value=".052, 1.0054, .755"/>
				<property name="IKHandRRotation" value="0, 17.2, -90"/>
			</property>
		</append>



<!--Bicycle Seats, 1 extra-->	
		<append xpath="/vehicles/vehicle[@name='vehicleBicycle']">
			<property class="seat1">
				<property name="class" value="Seat"/>
				<property name="position" value="0, .472, -.33"/>
				<property name="rotation" value="0, 0, 0"/>
				<property name="exit" value="-.8,0,0 ~ .8,0,0 ~ 0,0,-1.4 ~ 0,0,1.4 ~ 0,1.5,0"/>
				<property name="IKHandLPosition" value="-.27, .87, .14"/>
				<property name="IKHandLRotation" value="41, -30, 18"/>
				<property name="IKHandRPosition" value=".27, .87, .14"/>
				<property name="IKHandRRotation" value="41, 30, -18"/>
			</property>
		</append>
		
		

<!--Notes on Positions, rotations, and exits.

		Seat Position Information:
		1st pos, is Left-Right,
		2nd pos, is Up-down, 
		3rd pos, is front-back
		
		Seat Rotation Information:
		1st rot, Spinning on the x-axis. Leaning forward or backwards
		2nd rot, Spinning on the y-axis. Facing front, left, right, backwards, etc.
		3rd rot, Spinning on the z-axis. Leaning left, right, upside down, etc.
		(FOR ROTATIONS, using a negative (-) makes the spinning go counter clockwise)

	Under "Exit" the "~" means "or". Coordinates given are optional exits in case exits are blocked.
	
	Exit of the gyrocopter gives "left ~ right ~ behind ~ infront ~ above" exit options
	With the truck, similar but to each side.

-->
</AGFVanillaPlus-VehicleSeating>