<AGFVanillaPlus-FarmingPlus>

		<!--Plantable Birdnest-->
		<append xpath="/blocks">
			<block name="birdsNestEmpty">
				<property name="Extends" value="cropsGrowingMaster" param1="CustomIcon"/>
				<property name="DescriptionKey" value="birdsNestEmptydesc"/>	
				<property name="CustomIcon" value="cntBirdnest"/>
				<property name="UnlockedBy" value="craftingSeeds"/>
				<property name="StabilitySupport" value="false"/> <!-- build restriction -->
				<property name="Shape" value="ModelEntity"/>
				<property name="Model" value="Entities/Sandbags/sandbag_single_01Prefab"/>
				<property name="MultiBlockDim" value="1,1,1"/>
				<property name="CanMobsSpawnOn" value="false"/>
				<property name="OnlySimpleRotations" value="true"/>
				<property name="PlantGrowing.Next" value="birdsNestLaying"/>
				<property name="PlantGrowing.LightLevelGrow" value="0"/>
				<property name="PlantGrowing.LightLevelStay" value="0"/>
				<property name="PlantGrowing.FertileLevel" value="0"/>
				<property name="Group" value="Food/Cooking"/>
				<drop event="Destroy" name="birdsNestEmpty" count="1"/>
				<property name="Tags" value="seedSkill"/>
				<property name="PlaceAsRandomRotation" value="true"/>
			</block>
			<block name="birdsNestLaying">
				<property name="Extends" value="cropsGrowingMaster"/>
				<property name="CreativeMode" value="None"/>
				<property name="CustomIcon" value="cntBirdnest"/>
				<property name="Model" value="Entities/Sandbags/sandbag_pile_01Prefab"/>
				<property name="Shape" value="ModelEntity"/>
				<property name="PlantGrowing.LightLevelGrow" value="0"/>
				<property name="MultiBlockDim" value="1,1,1"/>
				<property name="PlantGrowing.LightLevelStay" value="0"/>
				<property name="PlantGrowing.FertileLevel" value="0"/>
				<property name="CanMobsSpawnOn" value="false"/>
				<property name="PlantGrowing.Next" value="birdsNestFull"/>
				<drop event="Destroy" name="birdsNestEmpty" count="1"/>
			</block>
			<block name="birdsNestFull">
				<property name="CustomIcon" value="cntBirdnest"/>
				<property name="Extends" value="cropsHarvestableMaster"/>
				<property name="DescriptionKey" value="birdsNestFulldesc"/>
				<property name="Shape" value="ModelEntity"/> 
				<property name="Model" value="@:Entities/LootContainers/birdnestPrefab.prefab"/>
				<property name="MultiBlockDim" value="1,1,1"/>
				<property name="ModelOffset" value="0,0,0"/>
				<property name="Shape" value="ModelEntity"/>
				<property name="CanMobsSpawnOn" value="false"/>
				<drop event="Harvest" name="foodEgg" count="2" tag="cropHarvest"/>
				<drop event="Harvest" name="foodEgg" count="1" prob="0.5" tag="bonusCropHarvest"/>
				<drop event="Harvest" name="resourceFeather" count="1,2" tag="cropHarvest"/>
				<drop event="Destroy" name="birdsNestEmpty" count="1"  prob="0.5"/>
				<property name="PlantGrowing.LightLevelGrow" value="0"/>
				<property name="PlantGrowing.LightLevelStay" value="0"/>
				<property name="PlantGrowing.FertileLevel" value="0"/>
			</block>
		</append>

		<!--Beehive/honey-->
		<append xpath="/blocks">
			<block name="beeFlower"><!--seed-->
				<property name="Extends" value="cropsGrowingMaster" param1="CustomIcon"/>
				<property name="DescriptionKey" value="beeFlowerdesc"/>	
				<property name="CustomIcon" value="forestFlower"/><property name="CustomIconTint" value="A2A41B"/>
				<property name="UnlockedBy" value="craftingSeeds"/>
				<property name="Texture" value="567"/>
				<property name="StabilitySupport" value="false"/> <!-- build restriction -->
				<property name="OnlySimpleRotations" value="true"/>
				<property name="PlantGrowing.Next" value="beeLog"/>
				<property name="Group" value="Food/Cooking"/>
				<drop event="Destroy" name="beeFlower" count="1"/>
				<property name="Tags" value="seedSkill"/>
				<property name="PlaceAsRandomRotation" value="true"/>	
			</block>
			<block name="beeLog"><!--growing-->
				<property name="Extends" value="cropsGrowingMaster" param1="Mesh"/>
				<property name="CreativeMode" value="None"/>
				<property name="CustomIcon" value="driftwood"/>
				<property name="Shape" value="ModelEntity"/>
				<property name="Model" value="Entities/OutdoorDecor/driftwood_01Prefab"/>
				<property name="PlantGrowing.Next" value="beeHive"/>
				<property name="PlantGrowing.FertileLevel" value="1"/>
				<drop event="Destroy" name="beeFlower" count="1"/>
			</block>
			<block name="beeHive"><!--harvest-->
				<property name="Extends" value="cropsHarvestableMaster" param1="Mesh"/>
				<property name="CustomIcon" value="treeStump"/><property name="CustomIconTint" value="A2A41B"/>
				<property name="DescriptionKey" value="beeHivedesc"/>
				<property name="Shape" value="New"/>
				<property name="Model" value="Pole0.5m"/>
				<property name="Texture" value="21,21,116,116,116,116"/>
				<drop event="Harvest" name="foodHoney" count="2" tag="cropHarvest"/>
				<drop event="Harvest" name="foodHoney" count="1" prob="0.5" tag="bonusCropHarvest"/>
				<drop event="Destroy" name="beeFlower" count="1" prob="0.5"/>
				<property name="FilterTags" value="foutdoor,ftrees"/>
				<property name="SortOrder1" value="a0d0"/>
			</block>
		</append>
	
		

		



</AGFVanillaPlus-FarmingPlus>
