key,bucket
modArmorJumpJets,working
modGunBowAdminArcheryReloadRecovery,working
modGunButtkick3000,working
modGunButtkick4000,working
modGunFoldingStock,working
modMeleeGunToolDecapitizer,working
modRadiationReady,working
modRoboticDroneStunWeaponMod,working
modRoboticDroneWeaponMod,working
modVehicleMega,working
adminAssassinQualityArmorBundle,working
adminAthleticQualityArmorBundle,working
adminBikerQualityArmorBundle,working
adminCommandoQualityArmorBundle,working
adminEnforcerQualityArmorBundle,working
adminFarmerQualityArmorBundle,working
adminLumberjackQualityArmorBundle,working
adminMinerQualityArmorBundle,working
adminNerdQualityArmorBundle,working
adminNomadQualityArmorBundle,working
adminPreacherQualityArmorBundle,working
adminPrimitiveQualityArmorBundle,working
adminRaiderQualityArmorBundle,working
adminRangerQualityArmorBundle,working
adminRogueQualityArmorBundle,working
adminScavengerQualityArmorBundle,working
armorLumberjackHelmetDemo,working
drugBluePillAdmin,working
drugRedPillAdmin,working
meleeToolBlockReplaceTool,working
qtest_nextTraderAdmin,working
adminT1QuestTicket,working
adminT2QuestTicket,working
adminT3QuestTicket,working
adminT4QuestTicket,working
adminT5QuestTicket,working
adminT6QuestTicket,working
meleeToolPaintToolAdmin,working
meleeToolSalvageWrenchAdmin,working
gunToolDiggerAdmin,working
gunHandgunPistolAdmin,working
meleeToolHammerOfGodAdmin,working
pimpMiningHelmetAdmin,working
toughGuyShirtAdmin,working
ringOfFireAdmin,working
staminaBootsAdmin,working
staminaOnlyBootsAdmin,working
rocketBootsAdmin,working
drinkJarFullRespecAdmin,working
drinkJarFullRespecWithPointsAdmin,working
noteTestersDelightAdmin,working
noteTestersElectricityAdmin,working
upgradeResourcesPackAdmin,working
craftingResourcesPackAdmin,working
workstationsPackAdmin,working
levelDesignToolsAdmin,working
toolTerrainModelerAdmin,working
thrownGrenadeNukeAdmin,working
adminPerkBook,working
adminSkillMagazine,working
adminModSchematic,working
giveXP_T1_admin,working
giveXP_T2_admin,working
giveXP_T3_admin,working
giveXP_T4_admin,working
giveXP_T5_admin,working
giveXP_T6_admin,working
adminGiveBuffInfection,working
adminGiveBuffAbrasion,working
adminGiveBuffAbrasion1800,working
adminGiveBuffAbrasion2400,working
adminGiveBuffAbrasion3200,working
adminGiveBuffFatigued,working
adminGiveBuffLaceration,working
adminGiveBuffConcussion,working
adminGiveBuffDysentery,working
adminGiveBuffSprainedLeg,working
adminGiveBuffBrokenLeg,working
adminGiveBuffSprainedArm,working
adminGiveBuffBrokenArm,working
modArmorAdminToughGuyShirt,working
