<AGFVanillaPlus-FarmingPlus>


<!--FARMING PLUS-->
	<!--adds ability to craft birdnest and beeflower after reading 20 seed magazines-->
		<append xpath="/progression/crafting_skills/crafting_skill[@name='craftingSeeds']/display_entry[@unlock_level='12,14,16,18,20']/unlock_entry[@item='plantedPotato1']/@item">,birdsNestEmpty,beeFlower</append>
		<append xpath="/progression/crafting_skills/crafting_skill[@name='craftingSeeds']/effect_group/passive_effect[@tags='plantedPotato1']/@tags">,birdsNestEmpty,beeFlower</append>
		
	<!--seed drop system to control probability of a seed per perk level-->
		<append xpath="/progression/perks/perk[@name='perkLivingOffTheLand']/effect_group">		
			<passive_effect name="HarvestCount" operation="base_set" level="0,1,2,3" value="1,0,0,0" tags="seedHarvest0"/>
			<passive_effect name="HarvestCount" operation="base_set" level="0,1,2,3" value="0,1,0,0" tags="seedHarvest1"/>
			<passive_effect name="HarvestCount" operation="base_set" level="0,1,2,3" value="0,0,1,0" tags="seedHarvest2"/>
			<passive_effect name="HarvestCount" operation="base_set" level="0,1,2,3" value="0,0,0,1" tags="seedHarvest3"/>		
		</append>
		
	
</AGFVanillaPlus-FarmingPlus>

 