<AGFVanillaPlus-BookCollections>




	<!--Bundle complete book collections-->
	<!--Why? 2 reasons:
		1. You can sell them for more if you sell a complete set.
		2. Admin purposes -->
		<append xpath="/recipes">
			<recipe name="bookFiremansAlmanacCollection" count="1" craft_time="0" craft_exp_gain="0">
				<ingredient name="bookFiremansAlmanacHeat" count="1"/>
				<ingredient name="bookFiremansAlmanacAxes" count="1"/>
				<ingredient name="bookFiremansAlmanacSpeed" count="1"/>
				<ingredient name="bookFiremansAlmanacMolotov" count="1"/>
				<ingredient name="bookFiremansAlmanacPrevention" count="1"/>
				<ingredient name="bookFiremansAlmanacHarvest" count="1"/>
				<ingredient name="bookFiremansAlmanacEquipment" count="1"/>
			</recipe>
			<recipe name="bookNightStalkerCollection" count="1" craft_time="0" craft_exp_gain="0">
				<ingredient name="bookNightStalkerStealthDamage" count="1"/>
				<ingredient name="bookNightStalkerSilentNight" count="1"/>
				<ingredient name="bookNightStalkerBlades" count="1"/>
				<ingredient name="bookNightStalkerThiefAdrenaline" count="1"/>
				<ingredient name="bookNightStalkerArchery" count="1"/>
				<ingredient name="bookNightStalkerTwilightThief" count="1"/>
				<ingredient name="bookNightStalkerSlumberParty" count="1"/>
			</recipe>
			<recipe name="bookLuckyLooterCollection" count="1" craft_time="0" craft_exp_gain="0">
				<ingredient name="bookLuckyLooterDukes" count="1"/>
				<ingredient name="bookLuckyLooterAmmunition" count="1"/>
				<ingredient name="bookLuckyLooterBrass" count="1"/>
				<ingredient name="bookLuckyLooterLead" count="1"/>
				<ingredient name="bookLuckyLooterBooks" count="1"/>
				<ingredient name="bookLuckyLooterFood" count="1"/>
				<ingredient name="bookLuckyLooterMedical" count="1"/>
			</recipe>
			<recipe name="bookEnforcerCollection" count="1" craft_time="0" craft_exp_gain="0">
				<ingredient name="bookEnforcerDamage" count="1"/>
				<ingredient name="bookEnforcerApparel" count="1"/>
				<ingredient name="bookEnforcerPunks" count="1"/>
				<ingredient name="bookEnforcerIntimidation" count="1"/>
				<ingredient name="bookEnforcerAPAmmo" count="1"/>
				<ingredient name="bookEnforcerHPAmmo" count="1"/>
				<ingredient name="bookEnforcerCriminalPursuit" count="1"/>
			</recipe>
			<recipe name="bookBatterUpCollection" count="1" craft_time="0" craft_exp_gain="0">
				<ingredient name="bookBatterUpBigHits" count="1"/>
				<ingredient name="bookBatterUpMetalChain" count="1"/>
				<ingredient name="bookBatterUpStealingBases" count="1"/>
				<ingredient name="bookBatterUpSlowPitch" count="1"/>
				<ingredient name="bookBatterUpKnockdown" count="1"/>
				<ingredient name="bookBatterUpMaintenance" count="1"/>
				<ingredient name="bookBatterUpFoulBalls" count="1"/>
			</recipe>
			<recipe name="bookGreatHeistCollection" count="1" craft_time="0" craft_exp_gain="0">
				<ingredient name="bookGreatHeistSafes" count="1"/>
				<ingredient name="bookGreatHeistGems" count="1"/>
				<ingredient name="bookGreatHeistGoldRush" count="1"/>
				<ingredient name="bookGreatHeistClaimed" count="1"/>
				<ingredient name="bookGreatHeistAdrenalineFall" count="1"/>
				<ingredient name="bookGreatHeistSprintSneak" count="1"/>
				<ingredient name="bookGreatHeistMotionDetection" count="1"/>
			</recipe>
			<recipe name="bookWasteTreasuresCollection" count="1" craft_time="0" craft_exp_gain="0">
				<ingredient name="bookWasteTreasuresHoney" count="1"/>
				<ingredient name="bookWasteTreasuresCoffins" count="1"/>
				<ingredient name="bookWasteTreasuresAcid" count="1"/>
				<ingredient name="bookWasteTreasuresWater" count="1"/>
				<ingredient name="bookWasteTreasuresDoors" count="1"/>
				<ingredient name="bookWasteTreasuresCloth" count="1"/>
				<ingredient name="bookWasteTreasuresSinks" count="1"/>
			</recipe>
			<recipe name="bookNeedleAndThreadCollection" count="1" craft_time="0" craft_exp_gain="0">
				<ingredient name="bookNeedleAndThreadWinterWear" count="1"/>
				<ingredient name="bookNeedleAndThreadLegwear" count="1"/>
				<ingredient name="bookNeedleAndThreadFootwear" count="1"/>
				<ingredient name="bookNeedleAndThreadDesertWear" count="1"/>
				<ingredient name="bookNeedleAndThreadDusters" count="1"/>
				<ingredient name="bookNeedleAndThreadPufferCoats" count="1"/>
				<ingredient name="bookNeedleAndThreadPockets" count="1"/>
			</recipe>
			<recipe name="bookHuntingJournalCollection" count="1" craft_time="0" craft_exp_gain="0">
				<ingredient name="bookHuntingJournalBears" count="1"/>
				<ingredient name="bookHuntingJournalWolves" count="1"/>
				<ingredient name="bookHuntingJournalCoyotes" count="1"/>
				<ingredient name="bookHuntingJournalMountainLions" count="1"/>
				<ingredient name="bookHuntingJournalDeer" count="1"/>
				<ingredient name="bookHuntingJournalVultures" count="1"/>
				<ingredient name="bookHuntingJournalSelfDefense" count="1"/>
			</recipe>
			<recipe name="bookArtOfMiningCollection" count="1" craft_time="0" craft_exp_gain="0">
				<ingredient name="bookArtOfMiningLuckyStrike" count="1"/>
				<ingredient name="bookArtOfMiningDiamondTools" count="1"/>
				<ingredient name="bookArtOfMiningPallets" count="1"/>
				<ingredient name="bookArtOfMiningCoffee" count="1"/>
				<ingredient name="bookArtOfMiningBlackStrap" count="1"/>
				<ingredient name="bookArtOfMiningDamage" count="1"/>
				<ingredient name="bookArtOfMiningAvalanche" count="1"/>
			</recipe>
			<recipe name="bookRangersCollection" count="1" craft_time="0" craft_exp_gain="0">
				<ingredient name="bookRangersArrowRecovery" count="1"/>
				<ingredient name="bookRangersExplodingBolts" count="1"/>
				<ingredient name="bookRangersCripplingShot" count="1"/>
				<ingredient name="bookRangersAPAmmo" count="1"/>
				<ingredient name="bookRangersFlamingArrows" count="1"/>
				<ingredient name="bookRangersForestGuide" count="1"/>
				<ingredient name="bookRangersKnockdown" count="1"/>
			</recipe>
			<recipe name="bookPistolPeteCollection" count="1" craft_time="0" craft_exp_gain="0">
				<ingredient name="bookPistolPeteTakeAim" count="1"/>
				<ingredient name="bookPistolPeteSwissKnees" count="1"/>
				<ingredient name="bookPistolPeteSteadyHand" count="1"/>
				<ingredient name="bookPistolPeteMaintenance" count="1"/>
				<ingredient name="bookPistolPeteHPAmmo" count="1"/>
				<ingredient name="bookPistolPeteAPAmmo" count="1"/>
				<ingredient name="bookPistolPeteDamage" count="1"/>
			</recipe>
			<recipe name="bookShotgunMessiahCollection" count="1" craft_time="0" craft_exp_gain="0">
				<ingredient name="bookShotgunMessiahDamage" count="1"/>
				<ingredient name="bookShotgunMessiahBreachingSlugs" count="1"/>
				<ingredient name="bookShotgunMessiahLimbShot" count="1"/>
				<ingredient name="bookShotgunMessiahSlugs" count="1"/>
				<ingredient name="bookShotgunMessiahMaintenance" count="1"/>
				<ingredient name="bookShotgunMessiahMagazine" count="1"/>
				<ingredient name="bookShotgunMessiahPartyStarter" count="1"/>
			</recipe>
			<recipe name="bookSniperCollection" count="1" craft_time="0" craft_exp_gain="0">
				<ingredient name="bookSniperDamage" count="1"/>
				<ingredient name="bookSniperCripplingShot" count="1"/>
				<ingredient name="bookSniperHeadShot" count="1"/>
				<ingredient name="bookSniperReload" count="1"/>
				<ingredient name="bookSniperControlledBreathing" count="1"/>
				<ingredient name="bookSniperAPAmmo" count="1"/>
				<ingredient name="bookSniperHPAmmo" count="1"/>
			</recipe>
			<recipe name="bookAutoWeaponsCollection" count="1" craft_time="0" craft_exp_gain="0">
				<ingredient name="bookAutoWeaponsDamage" count="1"/>
				<ingredient name="bookAutoWeaponsUncontrolledBurst" count="1"/>
				<ingredient name="bookAutoWeaponsMaintenance" count="1"/>
				<ingredient name="bookAutoWeaponsDrumMag" count="1"/>
				<ingredient name="bookAutoWeaponsRecoil" count="1"/>
				<ingredient name="bookAutoWeaponsRagdoll" count="1"/>
				<ingredient name="bookAutoWeaponsMachineGuns" count="1"/>
			</recipe>
			<recipe name="bookUrbanCombatCollection" count="1" craft_time="0" craft_exp_gain="0">
				<ingredient name="bookUrbanCombatLanding" count="1"/>
				<ingredient name="bookUrbanCombatCigar" count="1"/>
				<ingredient name="bookUrbanCombatSneaking" count="1"/>
				<ingredient name="bookUrbanCombatJumping" count="1"/>
				<ingredient name="bookUrbanCombatLandMines" count="1"/>
				<ingredient name="bookUrbanCombatAdrenalineRush" count="1"/>
				<ingredient name="bookUrbanCombatRoomClearing" count="1"/>
			</recipe>
			<recipe name="bookTechJunkieCollection" count="1" craft_time="0" craft_exp_gain="0">
				<ingredient name="bookTechJunkie1Damage" count="1"/>
				<ingredient name="bookTechJunkie2Maintenance" count="1"/>
				<ingredient name="bookTechJunkie3APAmmo" count="1"/>
				<ingredient name="bookTechJunkie4Shells" count="1"/>
				<ingredient name="bookTechJunkie5Repulsor" count="1"/>
				<ingredient name="bookTechJunkie6BatonCharge" count="1"/>
				<ingredient name="bookTechJunkie7Hydraulics" count="1"/>
			</recipe>
			<recipe name="bookBarBrawlingCollection" count="1" craft_time="0" craft_exp_gain="0">
				<ingredient name="bookBarBrawling1BasicMoves" count="1"/>
				<ingredient name="bookBarBrawling2DropABomb" count="1"/>
				<ingredient name="bookBarBrawling3KillerInstinct" count="1"/>
				<ingredient name="bookBarBrawling4FinishingMoves" count="1"/>
				<ingredient name="bookBarBrawling5AdrenalineHealing" count="1"/>
				<ingredient name="bookBarBrawling6RageMode" count="1"/>
				<ingredient name="bookBarBrawling7BoozedUp" count="1"/>
			</recipe>
			<recipe name="bookSpearHunterCollection" count="1" craft_time="0" craft_exp_gain="0">
				<ingredient name="bookSpearHunter1Damage" count="1"/>
				<ingredient name="bookSpearHunter2Maintenance" count="1"/>
				<ingredient name="bookSpearHunter3Bleed" count="1"/>
				<ingredient name="bookSpearHunter4KillMove" count="1"/>
				<ingredient name="bookSpearHunter5RapidStrike" count="1"/>
				<ingredient name="bookSpearHunter6PenetratingShaft" count="1"/>
				<ingredient name="bookSpearHunter7QuickStrike" count="1"/>
			</recipe>
			<recipe name="bookCompleteCollection" count="1" craft_time="0" craft_exp_gain="0"><!--Encyclopedia-->
				<ingredient name="bookFiremansAlmanacCollection" count="1"/>
				<ingredient name="bookNightStalkerCollection" count="1"/>
				<ingredient name="bookLuckyLooterCollection" count="1"/>
				<ingredient name="bookEnforcerCollection" count="1"/>
				<ingredient name="bookBatterUpCollection" count="1"/>
				<ingredient name="bookGreatHeistCollection" count="1"/>
				<ingredient name="bookWasteTreasuresCollection" count="1"/>
				<ingredient name="bookNeedleAndThreadCollection" count="1"/>
				<ingredient name="bookHuntingJournalCollection" count="1"/>
				<ingredient name="bookArtOfMiningCollection" count="1"/>
				<ingredient name="bookRangersCollection" count="1"/>
				<ingredient name="bookPistolPeteCollection" count="1"/>
				<ingredient name="bookShotgunMessiahCollection" count="1"/>
				<ingredient name="bookSniperCollection" count="1"/>
				<ingredient name="bookAutoWeaponsCollection" count="1"/>
				<ingredient name="bookUrbanCombatCollection" count="1"/>
				<ingredient name="bookTechJunkieCollection" count="1"/>
				<ingredient name="bookBarBrawlingCollection" count="1"/>
				<ingredient name="bookSpearHunterCollection" count="1"/>
			</recipe>


	</append>


	
	
</AGFVanillaPlus-BookCollections>


