<VehiclePlus>




<!--to jump out of aircrafts safely, lol-->
		<append xpath="buffs/buff[@name='god']/effect_group">
			<triggered_effect trigger="onSelfBuffStart" action="ModifyCVar" cvar="$buffSafeJumperDuration" operation="set" value="0"/>
		</append>

		<insertafter xpath="buffs/buff[@name='buffPlayerFallingDamage']/effect_group/requirement[@buff='buffDrugOhShitzDrops']">
			<requirement name="!HasBuff" buff="buffSafeJumper"/> 
		</insertafter>
		<insertafter xpath="buffs/buff[@name='buffPlayerFallingDamage']/effect_group/triggered_effect/requirement[@buff='buffDrugOhShitzDrops']">
			<requirement name="!HasBuff" buff="buffSafeJumper"/> 
		</insertafter>
		<insertafter xpath="buffs/buff[@name='buffLegSprainedFallTrigger']/effect_group/requirement[@buff='buffDrugOhShitzDrops']">
			<requirement name="!HasBuff" buff="buffSafeJumper"/> 
		</insertafter>

		<append xpath="/buffs">
			<buff name="buffSafeJumper" name_key="SafeJumper" description_key="SafeJumperDesc" icon="ui_game_symbol_candy_oh_shitz">
				<stack_type value="replace"/><duration value="0"/>
				<display_value value=".buffSafeJumperDisplay"/><display_value_format value="time"/>
				<effect_group>
					<triggered_effect trigger="onSelfBuffUpdate" action="ModifyCVar" cvar="$buffSafeJumperDuration" operation="subtract" value="@$MetabolismDuration"/>
					<triggered_effect trigger="onSelfBuffUpdate" action="ModifyCVar" cvar=".buffSafeJumperDisplay" operation="set" value="@$buffSafeJumperDuration"/>
					<triggered_effect trigger="onSelfBuffUpdate" action="ModifyCVar" cvar=".buffSafeJumperDisplay" operation="divide" value="@$MetabolismDuration"/>
				</effect_group>
				<effect_group>
					<triggered_effect trigger="onSelfBuffUpdate" action="RemoveBuff" buff="buffSafeJumper">
						<requirement name="CVarCompare" cvar="$buffSafeJumperDuration" operation="LTE" value="0"/>
					</triggered_effect>
					<triggered_effect trigger="onSelfBuffRemove" action="ModifyCVar" cvar=".buffSafeJumperDisplay" operation="set" value="0"/>
					<triggered_effect trigger="onSelfBuffRemove" action="ModifyCVar" cvar="$buffSafeJumperDuration" operation="set" value="0"/>
				</effect_group>
			</buff>
		</append>




		<append xpath="/buffs">
			<buff name="buffModVehicleOhShitzDrops" hidden="true">
				<stack_type value="replace"/>
				<duration value="0"/>
				
				<effect_group>	
					<triggered_effect trigger="onSelfBuffUpdate" action="ModifyCVar" target="selfAOE" range="2" cvar="$buffSafeJumperDuration" operation="set" value="8">
						<requirement name="EntityTagCompare" target="other" tags="player"/>
					</triggered_effect>
					<triggered_effect trigger="onSelfBuffUpdate" action="AddBuff" target="selfAOE" range="2" buff="buffSafeJumper">
						<requirement name="EntityTagCompare" target="other" tags="player"/>
					</triggered_effect>
				</effect_group>
			</buff>	
		</append>


			
</VehiclePlus>





