<AGFVanillaPlus-ArmorHarvestMods>


	<append xpath="/item_modifiers">

		<item_modifier name="modArmorFarmer" installable_tags="armor" modifier_tags="armorHarvestMods" blocked_tags="noMods,armorFarmerBonus" type="attachment">
			<property name="Extends" value="modGeneralMaster" param1="CustomIcon"/>
			<property name="CustomIcon" value="plantedPumpkin1"/>		
			<property name="CustomIconTint" value="930CF8"/>
			<property name="DescriptionKey" value="modArmorFarmerDesc"/>
			<property name="UnlockedBy" value="craftingArmor"/>
			<property name="TraderStageTemplate" value="modsTier3"/>
			<property name="DisplayType" value="modNoiseReduction"/>
			<property name="Material" value="Msteel"/>

			<effect_group tiered="false">
				<!--Helmet-->
				<passive_effect name="LootProb" operation="perc_add" value="20"  tags="seedSkill"/>
				
				<!--Outfit-->
				<passive_effect name="HarvestCount" operation="base_add" value="1" tags="farmerBonusHarvest"/>

				<!--Gloves-->
		
				<!--Boots-->
				<passive_effect name="HarvestCount" operation="base_add" value="1" tags="farmerBonusSeed">
					<requirement name="RandomRoll" seed_type="Random" min_max="0,100" operation="LTE" value="20"/>
				</passive_effect>
				
				<!--Set Bonus-->
			
			</effect_group>	
			
		</item_modifier>
		
		
		
		<item_modifier name="modArmorMiner" installable_tags="armor" modifier_tags="armorHarvestMods" blocked_tags="noMods,armorMinerCheck" type="attachment">
			<property name="Extends" value="modGeneralMaster" param1="CustomIcon"/>
			<property name="CustomIcon" value="meleeToolPickT2SteelPickaxe"/>		
			<property name="CustomIconTint" value="930CF8"/>
			<property name="DescriptionKey" value="modArmorMinerDesc"/>
			<property name="UnlockedBy" value="craftingArmor"/>
			<property name="TraderStageTemplate" value="modsTier3"/>
			<property name="DisplayType" value="modNoiseReduction"/>
			<property name="Material" value="Msteel"/>

			<effect_group tiered="false">
			
				<!--Helmet-->
				<passive_effect name="HarvestCount" operation="perc_add" value=".30" tags="oreWoodHarvest">
					<requirement name="!HoldingItemHasTags" tags="axe,chainsaw"/><!--This is to account for lumberjack bonus not stacking with oreWoodHarvest-->
				</passive_effect>
				
				<!--Outfit-->
				<passive_effect name="StaminaLoss" operation="perc_add" value="-.3" >
					<requirement name="HoldingItemHasTags" tags="miningTool"/>
				</passive_effect>				
				
				<!--Gloves-->				
				<passive_effect name="DegradationPerUse" operation="perc_add" value="-.35">
					<requirement name="HoldingItemHasTags" tags="miningTool"/>
				</passive_effect>

				<!--Boots, unrelated to mining-->

				<!--Set Bonus-->
				<passive_effect name="BlockDamage" operation="perc_add" value=".5"  tags="ore">
					<requirement name="HoldingItemHasTags" tags="miningTool"/>
				</passive_effect>
			</effect_group>
		</item_modifier>
						
			
		
		<item_modifier name="modArmorScavenger" installable_tags="armor" modifier_tags="armorHarvestMods" blocked_tags="noMods,armorScavengerBonus" type="attachment">
			<property name="Extends" value="modGeneralMaster" param1="CustomIcon"/>
			<property name="CustomIcon" value="meleeToolSalvageT2Ratchet"/>		
			<property name="CustomIconTint" value="930CF8"/>
			<property name="DescriptionKey" value="modArmorScavengerDesc"/>
			<property name="UnlockedBy" value="craftingArmor"/>
			<property name="TraderStageTemplate" value="modsTier3"/>
			<property name="DisplayType" value="modNoiseReduction"/>
			<property name="Material" value="Msteel"/>

			<effect_group tiered="false">
			
				<!--Helmet-->				
				<passive_effect name="PlayerExpGain" operation="perc_add" value=".6" tags="Harvesting">
					<requirement name="HoldingItemHasTags" tags="salvageTool"/>
				</passive_effect>
				
				<!--Outfit-->							
				
				<!--Gloves-->				
				<passive_effect name="HarvestCount" operation="base_add" value="1" tags="salvageHarvest,allHarvest">
					<requirement name="RandomRoll" seed_type="Random" min_max="0,100" operation="LTE" value="30"/>
					<requirement name="HoldingItemHasTags" tags="salvagingSkill"/>
				</passive_effect>

				<!--Boots-->
				<passive_effect name="StaminaLoss" operation="perc_add" value="-.4">
					<requirement name="HoldingItemHasTags" tags="salvageTool"/>
				</passive_effect>
				
				<!--Set Bonus-->

			</effect_group>
		</item_modifier>	
			
			
		
		<item_modifier name="modArmorLumberjack" installable_tags="armor" modifier_tags="armorHarvestMods" blocked_tags="noMods,armorLumberjackCheck" type="attachment">
			<property name="Extends" value="modGeneralMaster" param1="CustomIcon"/>
			<property name="CustomIcon" value="meleeToolAxeT2SteelAxe"/>		
			<property name="CustomIconTint" value="930CF8"/>
			<property name="DescriptionKey" value="modArmorLumberjackDesc"/>
			<property name="UnlockedBy" value="craftingArmor"/>
			<property name="TraderStageTemplate" value="modsTier3"/>
			<property name="DisplayType" value="modNoiseReduction"/>
			<property name="Material" value="Msteel"/>

			<effect_group tiered="false">
			
				<!--Helmet-->				
				<passive_effect name="HarvestCount" operation="perc_add" value=".5" tags="lumberjackHarvest"/>
					
				<!--Outfit-->
				<!--Gloves-->	
				<!--Boots-->	
				
				<!--Set Bonus, adds 20% lootstage. Not this mod.-->
				<passive_effect name="StaminaLoss" operation="perc_add" value="-.3">
					<requirement name="HoldingItemHasTags" tags="axe"/>
				</passive_effect>
				<passive_effect name="HarvestCount" operation="perc_add" value="1" tags="lumberjackHarvest">
					<requirement name="HoldingItemHasTags" tags="axe,chainsaw"/>
				</passive_effect>
				
			</effect_group>
		</item_modifier>			
			
			
	</append>


</AGFVanillaPlus-ArmorHarvestMods>