<AGFVanillaPlus-CosmeticMods>


			

<!--Adjustments to allow Customizations-->
		<!--Adjusting Tags-->
		<append xpath="/items/item[@name='apparelCigar']/property[@name='Tags']/@value">,canHaveCosmetic,face</append>
		<append xpath="/items/item[@name='apparelFacialPiercings']/property[@name='Tags']/@value">,face</append>
		<append xpath="/items/item[@name='apparelBandana']/property[@name='Tags']/@value">,face</append>nd>

		<!--Adjusting Mod Slots on specific apparel-->
		<set xpath="/items/item[@name='apparelCigar']/effect_group/passive_effect[@name='ModSlots']/@value">1</set>		
		<set xpath="/items/item[@name='apparelFacialPiercings']/effect_group/passive_effect[@name='ModSlots']/@value">1</set>		
		<set xpath="/items/item[@name='apparelBandana']/effect_group/passive_effect[@name='ModSlots']/@value">1</set>	


<!--Bundled mods-->		
	<append xpath="/items"><item name="modGhillieSuitHoodBundle"><property name="CustomIcon" value="apparelGhillieSuitHood"/><property name="CustomIconTint" value="930CF8"/><property name="ItemTypeIcon" value="bundle"/><property name="HoldType" value="45"/><property name="Meshfile" value="@:Other/Items/Misc/sackPrefab.prefab"/><property name="DropMeshfile" value="@:Other/Items/Misc/sack_droppedPrefab.prefab"/><property name="Material" value="Morganic"/><property name="Stacknumber" value="50"/><property name="SellableToTrader" value="false"/><property name="Group" value="Mods,Tool/Weapon Mods"/><property class="Action0"><property name="Class" value="OpenBundle"/><property name="Delay" value="0"/><property name="Sound_start" value="close_garbage"/><property name="Create_item" value="modGhillieSuitHood"/><property name="Create_item_count" value="1"/></property></item></append>
	<append xpath="/items"><item name="modHazmatMaskBundle"><property name="CustomIcon" value="apparelHazmatMask"/><property name="CustomIconTint" value="930CF8"/><property name="ItemTypeIcon" value="bundle"/><property name="HoldType" value="45"/><property name="Meshfile" value="@:Other/Items/Misc/sackPrefab.prefab"/><property name="DropMeshfile" value="@:Other/Items/Misc/sack_droppedPrefab.prefab"/><property name="Material" value="Morganic"/><property name="Stacknumber" value="50"/><property name="SellableToTrader" value="false"/><property name="Group" value="Mods,Tool/Weapon Mods"/><property class="Action0"><property name="Class" value="OpenBundle"/><property name="Delay" value="0"/><property name="Sound_start" value="close_garbage"/><property name="Create_item" value="modHazmatMask"/><property name="Create_item_count" value="1"/></property></item></append>
	<append xpath="/items"><item name="modHazmatGlovesBundle"><property name="CustomIcon" value="apparelHazmatGloves"/><property name="CustomIconTint" value="930CF8"/><property name="ItemTypeIcon" value="bundle"/><property name="HoldType" value="45"/><property name="Meshfile" value="@:Other/Items/Misc/sackPrefab.prefab"/><property name="DropMeshfile" value="@:Other/Items/Misc/sack_droppedPrefab.prefab"/><property name="Material" value="Morganic"/><property name="Stacknumber" value="50"/><property name="SellableToTrader" value="false"/><property name="Group" value="Mods,Tool/Weapon Mods"/><property class="Action0"><property name="Class" value="OpenBundle"/><property name="Delay" value="0"/><property name="Sound_start" value="close_garbage"/><property name="Create_item" value="modHazmatGloves"/><property name="Create_item_count" value="1"/></property></item></append>
	<append xpath="/items"><item name="modHazmatBootsBundle"><property name="CustomIcon" value="apparelHazmatBoots"/><property name="CustomIconTint" value="930CF8"/><property name="ItemTypeIcon" value="bundle"/><property name="HoldType" value="45"/><property name="Meshfile" value="@:Other/Items/Misc/sackPrefab.prefab"/><property name="DropMeshfile" value="@:Other/Items/Misc/sack_droppedPrefab.prefab"/><property name="Material" value="Morganic"/><property name="Stacknumber" value="50"/><property name="SellableToTrader" value="false"/><property name="Group" value="Mods,Tool/Weapon Mods"/><property class="Action0"><property name="Class" value="OpenBundle"/><property name="Delay" value="0"/><property name="Sound_start" value="close_garbage"/><property name="Create_item" value="modHazmatBoots"/><property name="Create_item_count" value="1"/></property></item></append>
	<append xpath="/items"><item name="modSuitDressShoesBundle"><property name="CustomIcon" value="apparelSuitDressShoes"/><property name="CustomIconTint" value="930CF8"/><property name="ItemTypeIcon" value="bundle"/><property name="HoldType" value="45"/><property name="Meshfile" value="@:Other/Items/Misc/sackPrefab.prefab"/><property name="DropMeshfile" value="@:Other/Items/Misc/sack_droppedPrefab.prefab"/><property name="Material" value="Morganic"/><property name="Stacknumber" value="50"/><property name="SellableToTrader" value="false"/><property name="Group" value="Mods,Tool/Weapon Mods"/><property class="Action0"><property name="Class" value="OpenBundle"/><property name="Delay" value="0"/><property name="Sound_start" value="close_garbage"/><property name="Create_item" value="modSuitDressShoes"/><property name="Create_item_count" value="1"/></property></item></append>
	<append xpath="/items"><item name="modWornBootsBundle"><property name="CustomIcon" value="apparelWornBoots"/><property name="CustomIconTint" value="930CF8"/><property name="ItemTypeIcon" value="bundle"/><property name="HoldType" value="45"/><property name="Meshfile" value="@:Other/Items/Misc/sackPrefab.prefab"/><property name="DropMeshfile" value="@:Other/Items/Misc/sack_droppedPrefab.prefab"/><property name="Material" value="Morganic"/><property name="Stacknumber" value="50"/><property name="SellableToTrader" value="false"/><property name="Group" value="Mods,Tool/Weapon Mods"/><property class="Action0"><property name="Class" value="OpenBundle"/><property name="Delay" value="0"/><property name="Sound_start" value="close_garbage"/><property name="Create_item" value="modWornBoots"/><property name="Create_item_count" value="1"/></property></item></append>
	<append xpath="/items"><item name="modRunningShoesRegularBundle"><property name="CustomIcon" value="apparelRunningShoesRegular"/><property name="CustomIconTint" value="930CF8"/><property name="ItemTypeIcon" value="bundle"/><property name="HoldType" value="45"/><property name="Meshfile" value="@:Other/Items/Misc/sackPrefab.prefab"/><property name="DropMeshfile" value="@:Other/Items/Misc/sack_droppedPrefab.prefab"/><property name="Material" value="Morganic"/><property name="Stacknumber" value="50"/><property name="SellableToTrader" value="false"/><property name="Group" value="Mods,Tool/Weapon Mods"/><property class="Action0"><property name="Class" value="OpenBundle"/><property name="Delay" value="0"/><property name="Sound_start" value="close_garbage"/><property name="Create_item" value="modRunningShoesRegular"/><property name="Create_item_count" value="1"/></property></item></append>
	<append xpath="/items"><item name="modCowboyBootsBundle"><property name="CustomIcon" value="apparelCowboyBoots"/><property name="CustomIconTint" value="930CF8"/><property name="ItemTypeIcon" value="bundle"/><property name="HoldType" value="45"/><property name="Meshfile" value="@:Other/Items/Misc/sackPrefab.prefab"/><property name="DropMeshfile" value="@:Other/Items/Misc/sack_droppedPrefab.prefab"/><property name="Material" value="Morganic"/><property name="Stacknumber" value="50"/><property name="SellableToTrader" value="false"/><property name="Group" value="Mods,Tool/Weapon Mods"/><property class="Action0"><property name="Class" value="OpenBundle"/><property name="Delay" value="0"/><property name="Sound_start" value="close_garbage"/><property name="Create_item" value="modCowboyBoots"/><property name="Create_item_count" value="1"/></property></item></append>
	<append xpath="/items"><item name="modGothBootsBundle"><property name="CustomIcon" value="apparelGothBoots"/><property name="CustomIconTint" value="930CF8"/><property name="ItemTypeIcon" value="bundle"/><property name="HoldType" value="45"/><property name="Meshfile" value="@:Other/Items/Misc/sackPrefab.prefab"/><property name="DropMeshfile" value="@:Other/Items/Misc/sack_droppedPrefab.prefab"/><property name="Material" value="Morganic"/><property name="Stacknumber" value="50"/><property name="SellableToTrader" value="false"/><property name="Group" value="Mods,Tool/Weapon Mods"/><property class="Action0"><property name="Class" value="OpenBundle"/><property name="Delay" value="0"/><property name="Sound_start" value="close_garbage"/><property name="Create_item" value="modGothBoots"/><property name="Create_item_count" value="1"/></property></item></append>
	<append xpath="/items"><item name="modBandanaBundle"><property name="CustomIcon" value="apparelBandana"/><property name="CustomIconTint" value="930CF8"/><property name="ItemTypeIcon" value="bundle"/><property name="HoldType" value="45"/><property name="Meshfile" value="@:Other/Items/Misc/sackPrefab.prefab"/><property name="DropMeshfile" value="@:Other/Items/Misc/sack_droppedPrefab.prefab"/><property name="Material" value="Morganic"/><property name="Stacknumber" value="50"/><property name="SellableToTrader" value="false"/><property name="Group" value="Mods,Tool/Weapon Mods"/><property class="Action0"><property name="Class" value="OpenBundle"/><property name="Delay" value="0"/><property name="Sound_start" value="close_garbage"/><property name="Create_item" value="modBandana"/><property name="Create_item_count" value="1"/></property></item></append>
	<append xpath="/items"><item name="modFacialPiercingsBundle"><property name="CustomIcon" value="apparelFacialPiercings"/><property name="CustomIconTint" value="930CF8"/><property name="ItemTypeIcon" value="bundle"/><property name="HoldType" value="45"/><property name="Meshfile" value="@:Other/Items/Misc/sackPrefab.prefab"/><property name="DropMeshfile" value="@:Other/Items/Misc/sack_droppedPrefab.prefab"/><property name="Material" value="Morganic"/><property name="Stacknumber" value="50"/><property name="SellableToTrader" value="false"/><property name="Group" value="Mods,Tool/Weapon Mods"/><property class="Action0"><property name="Class" value="OpenBundle"/><property name="Delay" value="0"/><property name="Sound_start" value="close_garbage"/><property name="Create_item" value="modFacialPiercings"/><property name="Create_item_count" value="1"/></property></item></append>
	<append xpath="/items"><item name="modCigarBundle"><property name="CustomIcon" value="apparelCigar"/><property name="CustomIconTint" value="930CF8"/><property name="ItemTypeIcon" value="bundle"/><property name="HoldType" value="45"/><property name="Meshfile" value="@:Other/Items/Misc/sackPrefab.prefab"/><property name="DropMeshfile" value="@:Other/Items/Misc/sack_droppedPrefab.prefab"/><property name="Material" value="Morganic"/><property name="Stacknumber" value="50"/><property name="SellableToTrader" value="false"/><property name="Group" value="Mods,Tool/Weapon Mods"/><property class="Action0"><property name="Class" value="OpenBundle"/><property name="Delay" value="0"/><property name="Sound_start" value="close_garbage"/><property name="Create_item" value="modCigar"/><property name="Create_item_count" value="1"/></property></item></append>

		
		<!--The eyewear part doesn't work visually, at least with alpha 20		
		<set xpath="/items/item[@name='apparelShades']/property[@name='Tags']/@value">head,clothing,canHaveCosmetic,eyesNonAviator,eyesNonSki,eyesNonNerd</set>
		<set xpath="/items/item[@name='apparelToughGuySunglasses']/property[@name='Tags']/@value">head,clothing,canHaveCosmetic,eyesNonAviator,eyesNonSki,eyesNonNerd</set>
		<append xpath="/items/item[@name='apparelSkiGoggles']"><property name="Tags" value="head,clothing,canHaveCosmetic,eyesNonShade,eyesNonAviator,eyesNonNerd"/></append>
		<append xpath="/items/item[@name='apparelNerdGlasses']"><property name="Tags" value="head,clothing,canHaveCosmetic,eyesNonShade,eyesNonAviator,eyesNonSki"/></append>
		<append xpath="/items/item[@name='apparelAviatorGoggles']"><property name="Tags" value="head,clothing,canHaveCosmetic,eyesNonShade,eyesNonSki,eyesNonNerd"/></appe
		
		<set xpath="/items/item[@name='apparelShades']/effect_group/passive_effect[@name='ModSlots']/@value">1</set>		
		<set xpath="/items/item[@name='apparelAviatorGoggles']/effect_group/passive_effect[@name='ModSlots']/@value">1</set>		
		<set xpath="/items/item[@name='apparelSkiGoggles']/effect_group/passive_effect[@name='ModSlots']/@value">1</set>		
		<set xpath="/items/item[@name='apparelNerdGlasses']/effect_group/passive_effect[@name='ModSlots']/@value">1</set>		
		<set xpath="/items/item[@name='apparelToughGuySunglasses']/effect_group/passive_effect[@name='ModSlots']/@value">1</set>	
		-->
	

</AGFVanillaPlus-CosmeticMods>