<AGFVanillaPlus-CosmeticMods>


		<!--Visual/Cosmetic Mods to make armor look like other clothing-->
		<append xpath="/item_modifiers">
			<item_modifier name="modGhillieSuitHood" installable_tags="head" modifier_tags="rare" blocked_tags="noMods,clothing" type="attachment">
				<property name="CustomIcon" value="apparelGhillieSuitHood"/>
				<property name="Stacknumber" value="1"/> <property name="Group" value="Mods"/>
				<property name="DropMeshfile" value="@:Other/Items/Misc/sack_droppedPrefab.prefab"/>
				<property name="EconomicValue" value="5"/>
				<property name="DisplayType" value="clothingGhillieHood"/>
				<property name="Material" value="Mplants"/>
				<property name="Weight" value="5"/>
				<property name="DescriptionKey" value="modCosmeticDesc"/>
				<item_property_overrides name="*">
					<property name="UMA.Mesh" value="ghillie_suit_hat"/>
					<property name="UMA.Overlay0" value="ghillie_suit"/>
					<property name="UMA.Layer" value="2"/>
					<property name="UMA.UISlot" value="Headgear"/>
					<property name="UMA.Mask0" value="Head" param1="outer"/>
					<property name="UMA.ShowAltHair" value="true"/>
				</item_property_overrides>
				<effect_group tiered="false">
					<passive_effect name="HypothermalResist" operation="base_add" value="1"/>
					<passive_effect name="HyperthermalResist" operation="base_add" value="1,3.5"/>
				</effect_group>
			</item_modifier>
			<item_modifier name="modHazmatMask" installable_tags="head" modifier_tags="rare" blocked_tags="noMods,clothing" type="attachment">
				<property name="CustomIcon" value="apparelHazmatMask"/>
				<property name="Stacknumber" value="1"/> <property name="Group" value="Mods"/>
				<property name="DropMeshfile" value="@:Other/Items/Misc/sack_droppedPrefab.prefab"/>
				<property name="EconomicValue" value="400"/>
				<property name="DisplayType" value="clothing"/>
				<property name="Material" value="MmilitaryFiber"/>
				<property name="Weight" value="5"/>
				<property name="DescriptionKey" value="modCosmeticDesc"/>
				<item_property_overrides name="*">
					<property name="UMA.Mesh" value="armor_hazmat_head"/>
					<property name="UMA.Overlay0" value="armor_hazmat_hood"/>
					<property name="UMA.Layer" value="middle"/>
					<property name="UMA.UISlot" value="Headgear"/>
					<property name="UMA.Mask1" value="Head" param1="inner"/>
					<property name="UMA.Mask3" value="Face" param1="inner"/>
					<property name="UMA.Mask4" value="Face" param1="middle"/>
					<property name="UMA.Mask5" value="Face" param1="outer"/>
					<property name="UMA.ShowAltHair" value="true"/>
				</item_property_overrides>	
				<effect_group tiered="false">
					<passive_effect name="HypothermalResist" operation="base_add" value="6.5,9.5"/>
					<passive_effect name="HyperthermalResist" operation="base_add" value="1"/>
				</effect_group>
			</item_modifier>
			<item_modifier name="modHazmatGloves" installable_tags="hands" modifier_tags="rare" blocked_tags="noMods,clothing" type="attachment">
				<property name="CustomIcon" value="apparelHazmatGloves"/>
				<property name="Stacknumber" value="1"/> <property name="Group" value="Mods"/>
				<property name="DropMeshfile" value="@:Other/Items/Misc/sack_droppedPrefab.prefab"/>
				<property name="EconomicValue" value="400"/>
				<property name="DisplayType" value="clothing"/>
				<property name="Material" value="MmilitaryFiber"/>
				<property name="Weight" value="5"/>
				<property name="DescriptionKey" value="modCosmeticDesc"/>
				<item_property_overrides name="*">
					<property name="UMA.Mesh" value="armor_hazmat_hands"/>
					<property name="UMA.Overlay0" value="armor_hazmat_gloves"/>
					<property name="UMA.Layer" value="0"/>
					<property name="UMA.UISlot" value="Gloves"/>
				</item_property_overrides>	
				<effect_group tiered="false">
					<passive_effect name="HypothermalResist" operation="base_add" value="2.8,5.2"/>
					<passive_effect name="HyperthermalResist" operation="base_add" value="1"/>
				</effect_group>
			</item_modifier>	
			<item_modifier name="modHazmatBoots" installable_tags="armorFeet" modifier_tags="rare" blocked_tags="noMods,clothing" type="attachment">
				<property name="CustomIcon" value="apparelHazmatBoots"/>
				<property name="Stacknumber" value="1"/> <property name="Group" value="Mods"/>
				<property name="DropMeshfile" value="@:Other/Items/Misc/sack_droppedPrefab.prefab"/>
				<property name="EconomicValue" value="400"/>
				<property name="DisplayType" value="clothing"/>
				<property name="Material" value="MmilitaryFiber"/>
				<property name="Weight" value="5"/>
				<property name="DescriptionKey" value="modCosmeticDesc"/>
				<item_property_overrides name="*">
					<property name="UMA.Mesh" value="armor_hazmat_feet"/>
					<property name="UMA.Overlay0" value="armor_hazmat_boots"/>
					<property name="UMA.Layer" value="0"/>
					<property name="UMA.UISlot" value="Footwear"/>
				</item_property_overrides>	
				<effect_group tiered="false">
					<passive_effect name="HypothermalResist" operation="base_add" value="2.8,5.2"/>
					<passive_effect name="HyperthermalResist" operation="base_add" value="1"/>
				</effect_group>
			</item_modifier>
			<item_modifier name="modSuitDressShoes" installable_tags="armorFeet" modifier_tags="rare" blocked_tags="noMods,clothing" type="attachment">
				<property name="CustomIcon" value="apparelSuitDressShoes"/>
				<property name="Stacknumber" value="1"/> <property name="Group" value="Mods"/>
				<property name="DropMeshfile" value="@:Other/Items/Misc/sack_droppedPrefab.prefab"/>
				<property name="EconomicValue" value="250"/>
				<property name="DisplayType" value="clothing"/>
				<property name="Material" value="Mleather"/>
				<property name="Weight" value="25"/>
				<property name="DescriptionKey" value="modCosmeticDesc"/>
				<item_property_overrides name="*">
					<property name="UMA.Mesh" value="clothes_dress_shoes"/>
					<property name="UMA.Overlay0" value="unisex_clothes_dress_shoes"/>
					<property name="UMA.Layer" value="0"/>
					<property name="UMA.UISlot" value="Footwear"/>
				</item_property_overrides>	
				<effect_group tiered="false">
					<passive_effect name="HypothermalResist" operation="base_add" value="2.8,5.2"/>
					<passive_effect name="HyperthermalResist" operation="base_add" value="1"/>
				</effect_group>
			</item_modifier>
			<item_modifier name="modWornBoots" installable_tags="armorFeet" modifier_tags="rare" blocked_tags="noMods,clothing" type="attachment">
				<property name="CustomIcon" value="apparelWornBoots"/>
				<property name="Stacknumber" value="1"/> <property name="Group" value="Mods"/>
				<property name="DropMeshfile" value="@:Other/Items/Misc/sack_droppedPrefab.prefab"/>
				<property name="EconomicValue" value="60"/>
				<property name="DisplayType" value="clothing"/>
				<property name="Material" value="Mcloth"/>
				<property name="Weight" value="15"/>
				<property name="DescriptionKey" value="modCosmeticDesc"/>
				<item_property_overrides name="*">
					<property name="UMA.Mesh" value="worn_boots"/>
					<property name="UMA.Overlay0" value="worn_boots"/>
					<property name="UMA.Layer" value="0"/>
					<property name="UMA.UISlot" value="Footwear"/>
				</item_property_overrides>	
				<item_property_overrides name="armorSteelLegs">
					<property name="UMA.Mesh" value="worn_boots"/>
					<property name="UMA.Overlay0" value="worn_boots"/>
					<property name="Layer" value="3"/>
					<property name="UMA.UISlot" value="Footwear"/>
				</item_property_overrides>	
				<effect_group tiered="false">
					<passive_effect name="HypothermalResist" operation="base_add" value="1.8,4.2"/>
					<passive_effect name="HyperthermalResist" operation="base_add" value="1.5,2.5"/>
				</effect_group>
			</item_modifier>
			<item_modifier name="modRunningShoesRegular" installable_tags="armorFeet" modifier_tags="rare" blocked_tags="noMods,clothing" type="attachment">
				<property name="CustomIcon" value="apparelRunningShoesRegular"/>
				<property name="Stacknumber" value="1"/> <property name="Group" value="Mods"/>
				<property name="DropMeshfile" value="@:Other/Items/Misc/sack_droppedPrefab.prefab"/>
				<property name="EconomicValue" value="250"/>
				<property name="DisplayType" value="clothing"/>
				<property name="Material" value="Mleather"/>
				<property name="Weight" value="25"/>
				<property name="DescriptionKey" value="modCosmeticDesc"/>
				<item_property_overrides name="*">
					<property name="UMA.Mesh" value="running_shoes"/>
					<property name="UMA.Overlay0" value="running_shoes"/>
					<property name="UMA.Layer" value="0"/>
					<property name="UMA.UISlot" value="Footwear"/>
				</item_property_overrides>	
				<effect_group tiered="false">
					<passive_effect name="HypothermalResist" operation="base_add" value="1.8,4.2"/>
					<passive_effect name="HyperthermalResist" operation="base_add" value="1.5,2.5"/>
				</effect_group>
			</item_modifier>
			<item_modifier name="modCowboyBoots" installable_tags="armorFeet" modifier_tags="rare" blocked_tags="noMods,clothing" type="attachment">
				<property name="CustomIcon" value="apparelCowboyBoots"/>
				<property name="Stacknumber" value="1"/> <property name="Group" value="Mods"/>
				<property name="DropMeshfile" value="@:Other/Items/Misc/sack_droppedPrefab.prefab"/>
				<property name="EconomicValue" value="250"/>
				<property name="DisplayType" value="clothing"/>
				<property name="Material" value="Mleather"/>
				<property name="Weight" value="20"/>
				<property name="DescriptionKey" value="modCosmeticDesc"/>
				<item_property_overrides name="*">
					<property name="UMA.Mesh" value="boot02"/>
					<property name="UMA.Overlay0" value="boot02"/>
					<property name="UMA.Layer" value="0"/>
					<property name="UMA.UISlot" value="Footwear"/>
				</item_property_overrides>	
				<effect_group tiered="false">
					<passive_effect name="HypothermalResist" operation="base_add" value="2.8,5.2"/>
					<passive_effect name="HyperthermalResist" operation="base_add" value="3.5,4.5"/>
				</effect_group>
			</item_modifier>
			<item_modifier name="modGothBoots" installable_tags="armorFeet" modifier_tags="rare" blocked_tags="noMods,clothing" type="attachment">
				<property name="CustomIcon" value="apparelGothBoots"/>
				<property name="Stacknumber" value="1"/> <property name="Group" value="Mods"/>
				<property name="DropMeshfile" value="@:Other/Items/Misc/sack_droppedPrefab.prefab"/>
				<property name="EconomicValue" value="250"/>
				<property name="DisplayType" value="clothing"/>
				<property name="Material" value="Mleather"/>
				<property name="Weight" value="20"/>
				<property name="DescriptionKey" value="modCosmeticDesc"/>
				<item_property_overrides name="*">
					<property name="UMA.Mesh" value="goth_boots"/>
					<property name="UMA.Overlay0" value="goth_boots"/>
					<property name="UMA.Layer" value="0"/>
					<property name="UMA.UISlot" value="Footwear"/>
				</item_property_overrides>	
				<effect_group tiered="false">
					<passive_effect name="HypothermalResist" operation="base_add" value="2.8,5.2"/>
					<passive_effect name="HyperthermalResist" operation="base_add" value="3.5,4.5"/>
				</effect_group>
			</item_modifier>
			<item_modifier name="modBandana" installable_tags="face" modifier_tags="rare" type="attachment">
				<property name="CustomIcon" value="apparelBandana"/>
				<property name="Stacknumber" value="1"/> <property name="Group" value="Mods"/>
				<property name="DropMeshfile" value="@:Other/Items/Misc/sack_droppedPrefab.prefab"/>
				<property name="EconomicValue" value="10"/>
				<property name="DisplayType" value="clothing"/>
				<property name="Material" value="Mcloth"/>
				<property name="Weight" value="15"/>
				<property name="DescriptionKey" value="modCosmeticDesc"/>
				<item_property_overrides name="*">
					<property name="UMA.Mesh" value="gear_bandana"/>
					<property name="UMA.Overlay0" value="gear_bandana"/>
					<property name="UMA.Layer" value="0"/>
					<property name="UMA.UISlot" value="Face"/>
					<property name="UMA.Mask0" value="Face"  param1="base"/>
				</item_property_overrides>	
			</item_modifier>
			<item_modifier name="modFacialPiercings" installable_tags="face" modifier_tags="rare" type="attachment">
				<property name="CustomIcon" value="apparelFacialPiercings"/>
				<property name="Stacknumber" value="1"/> <property name="Group" value="Mods"/>
				<property name="DropMeshfile" value="@:Other/Items/Misc/sack_droppedPrefab.prefab"/>
				<property name="EconomicValue" value="50"/>
				<property name="DisplayType" value="clothing"/>
				<property name="Material" value="Mmetal"/>
				<property name="Weight" value="1"/>
				<property name="DescriptionKey" value="modCosmeticDesc"/>
				<item_property_overrides name="*">
					<property name="UMA.Mesh" value="piercings"/>
					<property name="UMA.Overlay0" value="piercings"/>
					<property name="UMA.Layer" value="1"/>
					<property name="UMA.UISlot" value="Face"/>
				</item_property_overrides>	
			</item_modifier>
			<item_modifier name="modCigar" installable_tags="face" modifier_tags="rare" type="attachment">
				<property name="CustomIcon" value="apparelCigar"/>
				<property name="Stacknumber" value="1"/> <property name="Group" value="Mods"/>
				<property name="DropMeshfile" value="@:Other/Items/Misc/sack_droppedPrefab.prefab"/>
				<property name="EconomicValue" value="50"/>
				<property name="DisplayType" value="clothing"/>
				<property name="Material" value="Mplants"/>
				<property name="Weight" value="1"/>
				<property name="DescriptionKey" value="modCosmeticDesc"/>
				<item_property_overrides name="*">
					<property name="UMA.Mesh" value="gear_cigar"/>
					<property name="UMA.Overlay0" value="gear_cigar"/>
					<property name="UMA.Layer" value="1"/>
					<property name="UMA.UISlot" value="Face"/>
				</item_property_overrides>	
			</item_modifier>
			<!--<item_modifier name="modShades" installable_tags="eyesNonShade" modifier_tags="rare" type="attachment">
				<property name="CustomIcon" value="apparelShades"/>
				<property name="Stacknumber" value="1"/> <property name="Group" value="Mods"/>
				<property name="DropMeshfile" value="@:Other/Items/Misc/sack_droppedPrefab.prefab"/>
				<property name="EconomicValue" value="500"/>
				<property name="DisplayType" value="clothing"/>
				<property name="Material" value="Mmetal"/>
				<property name="Weight" value="5"/>
				<property name="DescriptionKey" value="modCosmeticDesc"/>
				<item_property_overrides name="*">
					<property name="UMA.Mesh" value="gear_shades"/>
					<property name="UMA.Overlay0" value="gear_shades"/>
				</item_property_overrides>	
			</item_modifier>			
			<item_modifier name="modAviatorGoggles" installable_tags="eyesNonAviator" modifier_tags="rare" type="attachment">
				<property name="CustomIcon" value="apparelAviatorGoggles"/>
				<property name="Stacknumber" value="1"/> <property name="Group" value="Mods"/>
				<property name="DropMeshfile" value="@:Other/Items/Misc/sack_droppedPrefab.prefab"/>
				<property name="EconomicValue" value="500"/>
				<property name="DisplayType" value="clothing"/>
				<property name="Material" value="Mmetal"/>
				<property name="Weight" value="5"/>
				<property name="DescriptionKey" value="modCosmeticDesc"/>
				<item_property_overrides name="*">
					<property name="UMA.Mesh" value="aviator_goggles"/>
					<property name="UMA.Overlay0" value="aviator_goggles"/>
				</item_property_overrides>
			</item_modifier>		
			<item_modifier name="modSkiGoggles" installable_tags="eyesNonSki" modifier_tags="rare" type="attachment">
				<property name="CustomIcon" value="apparelSkiGoggles"/>
				<property name="Stacknumber" value="1"/> <property name="Group" value="Mods"/>
				<property name="DropMeshfile" value="@:Other/Items/Misc/sack_droppedPrefab.prefab"/>
				<property name="EconomicValue" value="500"/>
				<property name="DisplayType" value="clothing"/>
				<property name="Material" value="Mmetal"/>
				<property name="Weight" value="5"/>
				<property name="DescriptionKey" value="modCosmeticDesc"/>
				<item_property_overrides name="*">
					<property name="UMA.Mesh" value="gear_goggles"/>
					<property name="UMA.Overlay0" value="gear_goggles"/>
				</item_property_overrides>				
			</item_modifier>		
			<item_modifier name="modNerdGlasses" installable_tags="eyesNonNerd" modifier_tags="rare" type="attachment">
				<property name="CustomIcon" value="apparelNerdGlasses"/>
				<property name="Stacknumber" value="1"/> <property name="Group" value="Mods"/>
				<property name="DropMeshfile" value="@:Other/Items/Misc/sack_droppedPrefab.prefab"/>
				<property name="EconomicValue" value="500"/>
				<property name="DisplayType" value="clothing"/>
				<property name="Material" value="Mmetal"/>
				<property name="Weight" value="5"/>
				<property name="DescriptionKey" value="modCosmeticDesc"/>
				<item_property_overrides name="*">
					<property name="UMA.Mesh" value="specs"/>
					<property name="UMA.Overlay0" value="specs"/>
				</item_property_overrides>
			</item_modifier>	-->				
		</append>

		<!--Updating the existing hat mod descriptions-->	
		<append xpath="/item_modifiers/item_modifier[@name='modArmorBallCap']"><property name="DescriptionKey" value="modCosmeticDesc"/></append>
		<append xpath="/item_modifiers/item_modifier[@name='modArmorPressboyCap']"><property name="DescriptionKey" value="modCosmeticDesc"/></append>
		<append xpath="/item_modifiers/item_modifier[@name='modArmorSkullCap']"><property name="DescriptionKey" value="modCosmeticDesc"/></append>
		<append xpath="/item_modifiers/item_modifier[@name='modArmorCowboyHat']"><property name="DescriptionKey" value="modCosmeticDesc"/></append>
	
	

</AGFVanillaPlus-CosmeticMods>
