<AGF-QuickerQuestStart>

<!--I changed the objective requirements so by just receiving all the equipment, these are complete-->

<set xpath="/challenges/challenge[@name='gatherResources']/objective/@count">2</set>
<set xpath="/challenges/challenge[@name='gatherResourcesStoneAxe']/objective/@count">2</set>

<set xpath="/challenges/challenge[@name='craftStoneAxe']/objective/@type">Gather</set>
<set xpath="/challenges/challenge[@name='gatherResourcesStoneAxe']/objective/@type">Gather</set>
<set xpath="/challenges/challenge[@name='craftClothes']/objective/@type">Gather</set>
<set xpath="/challenges/challenge[@name='wearClothes']/objective/@type">Gather</set>
<set xpath="/challenges/challenge[@name='craftWoodClub']/objective/@type">Gather</set>
<set xpath="/challenges/challenge[@name='craftBow']/objective/@type">Gather</set>
<set xpath="/challenges/challenge[@name='craftArrows']/objective/@type">Gather</set>





</AGF-QuickerQuestStart>