<AGFVanillaPlus-DyesPlus>




	
<!--Dye Recipes at campfires-->			
		<append xpath="/recipes">
			<recipe name="modDyeInvisible" count="1" craft_area="campfire" craft_tool="toolCookingPot">
				<ingredient name="resourceOilShale" count="10"/>
				<ingredient name="resourceGlue" count="1"/>
			</recipe>		
			<recipe name="modDyeRed" count="1"  craft_area="campfire" craft_tool="toolCookingPot">
				<ingredient name="resourceOilShale" count="10"/>
				<ingredient name="resourceGlue" count="1"/>
			</recipe>			
			<recipe name="modDyeGreen" count="1"  craft_area="campfire" craft_tool="toolCookingPot">
				<ingredient name="resourceOilShale" count="10"/>
				<ingredient name="resourceGlue" count="1"/>
			</recipe>			
			<recipe name="modDyeBlack" count="1"  craft_area="campfire" craft_tool="toolCookingPot">
				<ingredient name="resourceOilShale" count="10"/>
				<ingredient name="resourceGlue" count="1"/>
			</recipe>			
			<recipe name="modDyeBlue" count="1"  craft_area="campfire" craft_tool="toolCookingPot">
				<ingredient name="resourceOilShale" count="10"/>
				<ingredient name="resourceGlue" count="1"/>
			</recipe>			
			<recipe name="modDyeBrown" count="1"  craft_area="campfire" craft_tool="toolCookingPot">
				<ingredient name="resourceOilShale" count="10"/>
				<ingredient name="resourceGlue" count="1"/>
			</recipe>		
			<recipe name="modDyePink" count="1"  craft_area="campfire" craft_tool="toolCookingPot">
				<ingredient name="resourceOilShale" count="10"/>
				<ingredient name="resourceGlue" count="1"/>
			</recipe>				
			<recipe name="modDyePurple" count="1"  craft_area="campfire" craft_tool="toolCookingPot">
				<ingredient name="resourceOilShale" count="10"/>
				<ingredient name="resourceGlue" count="1"/>
			</recipe>				
			<recipe name="modDyeYellow" count="1"  craft_area="campfire" craft_tool="toolCookingPot">
				<ingredient name="resourceOilShale" count="10"/>
				<ingredient name="resourceGlue" count="1"/>
			</recipe>	
			<recipe name="modDyeOrange" count="1"  craft_area="campfire" craft_tool="toolCookingPot">
				<ingredient name="resourceOilShale" count="10"/>
				<ingredient name="resourceGlue" count="1"/>
			</recipe>
		</append>
	

<!--Dye Recipes at chemistry station-->	
		<append xpath="/recipes">
			<recipe name="modDyeInvisible" count="1" craft_area="chemistryStation" >
				<ingredient name="resourceOilShale" count="10"/>
				<ingredient name="resourceGlue" count="1"/>
			</recipe>		
			<recipe name="modDyeRed" count="1"  craft_area="chemistryStation" >
				<ingredient name="resourceOilShale" count="10"/>
				<ingredient name="resourceGlue" count="1"/>
			</recipe>			
			<recipe name="modDyeGreen" count="1"  craft_area="chemistryStation" >
				<ingredient name="resourceOilShale" count="10"/>
				<ingredient name="resourceGlue" count="1"/>
			</recipe>			
			<recipe name="modDyeBlack" count="1"  craft_area="chemistryStation" >
				<ingredient name="resourceOilShale" count="10"/>
				<ingredient name="resourceGlue" count="1"/>
			</recipe>			
			<recipe name="modDyeBlue" count="1"  craft_area="chemistryStation" >
				<ingredient name="resourceOilShale" count="10"/>
				<ingredient name="resourceGlue" count="1"/>
			</recipe>			
			<recipe name="modDyeBrown" count="1"  craft_area="chemistryStation" >
				<ingredient name="resourceOilShale" count="10"/>
				<ingredient name="resourceGlue" count="1"/>
			</recipe>		
			<recipe name="modDyePink" count="1"  craft_area="chemistryStation" >
				<ingredient name="resourceOilShale" count="10"/>
				<ingredient name="resourceGlue" count="1"/>
			</recipe>				
			<recipe name="modDyePurple" count="1"  craft_area="chemistryStation" >
				<ingredient name="resourceOilShale" count="10"/>
				<ingredient name="resourceGlue" count="1"/>
			</recipe>				
			<recipe name="modDyeYellow" count="1"  craft_area="chemistryStation" >
				<ingredient name="resourceOilShale" count="10"/>
				<ingredient name="resourceGlue" count="1"/>
			</recipe>	
			<recipe name="modDyeOrange" count="1"  craft_area="chemistryStation" >
				<ingredient name="resourceOilShale" count="10"/>
				<ingredient name="resourceGlue" count="1"/>
			</recipe>
		</append>
	
	
<!--Bundle Dye Recipes-->					
		<append xpath="/recipes">			
			<recipe name="modDyeRedBundle" count="1" craft_time="0" craft_exp_gain="0">
				<ingredient name="modDyeRed" count="1"/>
			</recipe>
			<recipe name="modDyeGreenBundle" count="1" craft_time="0" craft_exp_gain="0">
				<ingredient name="modDyeGreen" count="1"/>
			</recipe>
			<recipe name="modDyeBlackBundle" count="1" craft_time="0" craft_exp_gain="0">
				<ingredient name="modDyeBlack" count="1"/>
			</recipe>
			<recipe name="modDyeBlueBundle" count="1" craft_time="0" craft_exp_gain="0">
				<ingredient name="modDyeBlue" count="1"/>
			</recipe>
			<recipe name="modDyeBrownBundle" count="1" craft_time="0" craft_exp_gain="0">
				<ingredient name="modDyeBrown" count="1"/>
			</recipe>
			<recipe name="modDyePinkBundle" count="1" craft_time="0" craft_exp_gain="0">
				<ingredient name="modDyePink" count="1"/>
			</recipe>
			<recipe name="modDyePurpleBundle" count="1" craft_time="0" craft_exp_gain="0">
				<ingredient name="modDyePurple" count="1"/>
			</recipe>
			<recipe name="modDyeYellowBundle" count="1" craft_time="0" craft_exp_gain="0">
				<ingredient name="modDyeYellow" count="1"/>
			</recipe>
			<recipe name="modDyeOrangeBundle" count="1" craft_time="0" craft_exp_gain="0">
				<ingredient name="modDyeOrange" count="1"/>
			</recipe>	
			<recipe name="modDyeInvisibleBundle" count="1" craft_time="0" craft_exp_gain="0">
				<ingredient name="modDyeInvisible" count="1"/>
			</recipe>
		</append>

	
	

	
</AGFVanillaPlus-DyesPlus>


