<AGF-HUDPlus-BMCounter-KeepDayCount>

	<conditional>
		<if cond="gamepref('BloodMoonFrequency') == 1 and gamepref('BloodMoonRange') == 0 and mod_loaded('AGF-V2-HUDPlus-1Main')">
			<append xpath="/windows/window[@name='windowCompass']">
				<rect name="hud" pos="70,-53" width="380">
					<!--<sprite pos="0,0" name="Background" sprite="ui_game_header_fill" color="0,0,0,225" foregroundlayer="true" height="30" width="380" type="sliced" />-->
					<label depth="3" pos="0,-4" text="{# localization('agfNextBloodMoon')}:   [{daycolor}]{# localization('01daycountdown_0')}[-]" width="380" font_size="22" justify="center"  height="24" visible="{showtime}"/>
				</rect>	
			</append>	
		</if>
		<if cond="gamepref('BloodMoonFrequency') == 1 and gamepref('BloodMoonRange') == 0 and mod_loaded('AGF-V2-HUDPlus-HealthBars') == false">
			<insertAfter xpath="/windows/window[@name='windowCompass']/sprite/label">						
				<label depth="3" pos="0,-26" text="{# localization('agfNextBloodMoon')}:   [{daycolor}]{# localization('01daycountdown_0')}[-]" width="300" font_size="22" justify="center" pivot="center" height="24" visible="{showtime}"/>
			</insertAfter>		
			<set xpath="/windows/window[@name='windowTargetBar']/rect[@pos='-200,-85']/@pos">-200,-110</set>
			<set xpath="/windows/window[@name='windowTargetBar']/rect[@pos='-267,-85']/@pos">-267,-110</set>
		</if>
	</conditional>	
	
	<conditional>
		<if cond="gamepref('BloodMoonFrequency') == 2 and gamepref('BloodMoonRange') == 0 and mod_loaded('AGF-V2-HUDPlus-1Main')">
			<append xpath="/windows/window[@name='windowCompass']">
				<rect name="hud" pos="70,-53" width="380">
					<!--<sprite pos="0,0" name="Background" sprite="ui_game_header_fill" color="0,0,0,225" foregroundlayer="true" height="30" width="380" type="sliced" />-->
					<label depth="3" pos="0,-4" text="{# localization('agfNextBloodMoon')}:   [{daycolor}]{# localization('02daycountdown_' + day%2)}[-]" width="380" font_size="22" justify="center"  height="24" visible="{showtime}"/>
				</rect>	
			</append>	
		</if>
		<if cond="gamepref('BloodMoonFrequency') == 2 and gamepref('BloodMoonRange') == 0 and mod_loaded('AGF-V2-HUDPlus-HealthBars') == false">
			<insertAfter xpath="/windows/window[@name='windowCompass']/sprite/label">						
				<label depth="3" pos="0,-26" text="{# localization('agfNextBloodMoon')}:   [{daycolor}]{# localization('02daycountdown_' + day%2)}[-]" width="300" font_size="22" justify="center" pivot="center" height="24" visible="{showtime}"/>
			</insertAfter>	
			<set xpath="/windows/window[@name='windowTargetBar']/rect[@pos='-200,-85']/@pos">-200,-110</set>
			<set xpath="/windows/window[@name='windowTargetBar']/rect[@pos='-267,-85']/@pos">-267,-110</set>	
		</if>
	</conditional>	
	
	<conditional>
		<if cond="gamepref('BloodMoonFrequency') == 3 and gamepref('BloodMoonRange') == 0 and mod_loaded('AGF-V2-HUDPlus-1Main')">
			<append xpath="/windows/window[@name='windowCompass']">
				<rect name="hud" pos="70,-53" width="380">
					<!--<sprite pos="0,0" name="Background" sprite="ui_game_header_fill" color="0,0,0,225" foregroundlayer="true" height="30" width="380" type="sliced" />-->
					<label depth="3" pos="0,-4" text="{# localization('agfNextBloodMoon')}:   [{daycolor}]{# localization('03daycountdown_' + day%3)}[-]" width="380" font_size="22" justify="center"  height="24" visible="{showtime}"/>
				</rect>	
			</append>	
		</if>
		<if cond="gamepref('BloodMoonFrequency') == 3 and gamepref('BloodMoonRange') == 0 and mod_loaded('AGF-V2-HUDPlus-HealthBars') == false">
			<insertAfter xpath="/windows/window[@name='windowCompass']/sprite/label">						
				<label depth="3" pos="0,-26" text="{# localization('agfNextBloodMoon')}:   [{daycolor}]{# localization('03daycountdown_' + day%3)}[-]" width="300" font_size="22" justify="center" pivot="center" height="24" visible="{showtime}"/>
			</insertAfter>	
			<set xpath="/windows/window[@name='windowTargetBar']/rect[@pos='-200,-85']/@pos">-200,-110</set>
			<set xpath="/windows/window[@name='windowTargetBar']/rect[@pos='-267,-85']/@pos">-267,-110</set>
		</if>
	</conditional>	
	
	<conditional>
		<if cond="gamepref('BloodMoonFrequency') == 4 and gamepref('BloodMoonRange') == 0 and mod_loaded('AGF-V2-HUDPlus-1Main')">
			<append xpath="/windows/window[@name='windowCompass']">
				<rect name="hud" pos="70,-53" width="380">
					<!--<sprite pos="0,0" name="Background" sprite="ui_game_header_fill" color="0,0,0,225" foregroundlayer="true" height="30" width="380" type="sliced" />-->
					<label depth="3" pos="0,-4" text="{# localization('agfNextBloodMoon')}:   [{daycolor}]{# localization('04daycountdown_' + day%4)}[-]" width="380" font_size="22" justify="center"  height="24" visible="{showtime}"/>
				</rect>	
			</append>	
		</if>
		<if cond="gamepref('BloodMoonFrequency') == 4 and gamepref('BloodMoonRange') == 0 and mod_loaded('AGF-V2-HUDPlus-HealthBars') == false">
			<insertAfter xpath="/windows/window[@name='windowCompass']/sprite/label">						
				<label depth="3" pos="0,-26" text="{# localization('agfNextBloodMoon')}:   [{daycolor}]{# localization('04daycountdown_' + day%4)}[-]" width="300" font_size="22" justify="center" pivot="center" height="24" visible="{showtime}"/>
			</insertAfter>		
			<set xpath="/windows/window[@name='windowTargetBar']/rect[@pos='-200,-85']/@pos">-200,-110</set>
			<set xpath="/windows/window[@name='windowTargetBar']/rect[@pos='-267,-85']/@pos">-267,-110</set>
		</if>
	</conditional>		
	
	<conditional>
		<if cond="gamepref('BloodMoonFrequency') == 5 and gamepref('BloodMoonRange') == 0 and mod_loaded('AGF-V2-HUDPlus-1Main')">
			<append xpath="/windows/window[@name='windowCompass']">
				<rect name="hud" pos="70,-53" width="380">
					<!--<sprite pos="0,0" name="Background" sprite="ui_game_header_fill" color="0,0,0,225" foregroundlayer="true" height="30" width="380" type="sliced" />-->
					<label depth="3" pos="0,-4" text="{# localization('agfNextBloodMoon')}:   [{daycolor}]{# localization('05daycountdown_' + day%5)}[-]" width="380" font_size="22" justify="center"  height="24" visible="{showtime}"/>
				</rect>	
			</append>	
		</if>
		<if cond="gamepref('BloodMoonFrequency') == 5 and gamepref('BloodMoonRange') == 0 and mod_loaded('AGF-V2-HUDPlus-HealthBars') == false">
			<insertAfter xpath="/windows/window[@name='windowCompass']/sprite/label">						
				<label depth="3" pos="0,-26" text="{# localization('agfNextBloodMoon')}:   [{daycolor}]{# localization('05daycountdown_' + day%5)}[-]" width="300" font_size="22" justify="center" pivot="center" height="24" visible="{showtime}"/>
			</insertAfter>		
			<set xpath="/windows/window[@name='windowTargetBar']/rect[@pos='-200,-85']/@pos">-200,-110</set>
			<set xpath="/windows/window[@name='windowTargetBar']/rect[@pos='-267,-85']/@pos">-267,-110</set>
		</if>
	</conditional>		
	
	<conditional>
		<if cond="gamepref('BloodMoonFrequency') == 6 and gamepref('BloodMoonRange') == 0 and mod_loaded('AGF-V2-HUDPlus-1Main')">
			<append xpath="/windows/window[@name='windowCompass']">
				<rect name="hud" pos="70,-53" width="380">
					<!--<sprite pos="0,0" name="Background" sprite="ui_game_header_fill" color="0,0,0,225" foregroundlayer="true" height="30" width="380" type="sliced" />-->
					<label depth="3" pos="0,-4" text="{# localization('agfNextBloodMoon')}:   [{daycolor}]{# localization('06daycountdown_' + day%6)}[-]" width="380" font_size="22" justify="center"  height="24" visible="{showtime}"/>
				</rect>	
			</append>	
		</if>
		<if cond="gamepref('BloodMoonFrequency') == 6 and gamepref('BloodMoonRange') == 0 and mod_loaded('AGF-V2-HUDPlus-HealthBars') == false">
			<insertAfter xpath="/windows/window[@name='windowCompass']/sprite/label">						
				<label depth="3" pos="0,-26" text="{# localization('agfNextBloodMoon')}:   [{daycolor}]{# localization('06daycountdown_' + day%6)}[-]" width="300" font_size="22" justify="center" pivot="center" height="24" visible="{showtime}"/>
			</insertAfter>		
			<set xpath="/windows/window[@name='windowTargetBar']/rect[@pos='-200,-85']/@pos">-200,-110</set>
			<set xpath="/windows/window[@name='windowTargetBar']/rect[@pos='-267,-85']/@pos">-267,-110</set>
		</if>
	</conditional>		
	
	<conditional>
		<if cond="gamepref('BloodMoonFrequency') == 7 and gamepref('BloodMoonRange') == 0 and mod_loaded('AGF-V2-HUDPlus-1Main')">
			<append xpath="/windows/window[@name='windowCompass']">
				<rect name="hud" pos="70,-53" width="380">
				
					<label depth="3" pos="0,-4" text="{# localization('agfNextBloodMoon')}:   [{daycolor}]{# localization('07daycountdown_' + day%7)}[-]" width="380" font_size="22" justify="center"  height="24" visible="{showtime}"/>
				</rect>	
			</append>	
		</if>
		<if cond="gamepref('BloodMoonFrequency') == 7 and gamepref('BloodMoonRange') == 0 and mod_loaded('AGF-V2-HUDPlus-HealthBars') == false">
			<insertAfter xpath="/windows/window[@name='windowCompass']/sprite/label">						
				<label depth="3" pos="0,-26" text="{# localization('agfNextBloodMoon')}:   [{daycolor}]{# localization('07daycountdown_' + day%7)}[-]" width="300" font_size="22" justify="center" pivot="center" height="24" visible="{showtime}"/>
			</insertAfter>	
			<set xpath="/windows/window[@name='windowTargetBar']/rect[@pos='-200,-85']/@pos">-200,-110</set>
			<set xpath="/windows/window[@name='windowTargetBar']/rect[@pos='-267,-85']/@pos">-267,-110</set>
		</if>
	</conditional>		
	
	<conditional>
		<if cond="gamepref('BloodMoonFrequency') == 8 and gamepref('BloodMoonRange') == 0 and mod_loaded('AGF-V2-HUDPlus-1Main')">
			<append xpath="/windows/window[@name='windowCompass']">
				<rect name="hud" pos="70,-53" width="380">
					<!--<sprite pos="0,0" name="Background" sprite="ui_game_header_fill" color="0,0,0,225" foregroundlayer="true" height="30" width="380" type="sliced" />-->
					<label depth="3" pos="0,-4" text="{# localization('agfNextBloodMoon')}:   [{daycolor}]{# localization('08daycountdown_' + day%8)}[-]" width="380" font_size="22" justify="center"  height="24" visible="{showtime}"/>
				</rect>	
			</append>	
		</if>
		<if cond="gamepref('BloodMoonFrequency') == 8 and gamepref('BloodMoonRange') == 0 and mod_loaded('AGF-V2-HUDPlus-HealthBars') == false">
			<insertAfter xpath="/windows/window[@name='windowCompass']/sprite/label">						
				<label depth="3" pos="0,-26" text="{# localization('agfNextBloodMoon')}:   [{daycolor}]{# localization('08daycountdown_' + day%8)}[-]" width="300" font_size="22" justify="center" pivot="center" height="24" visible="{showtime}"/>
			</insertAfter>		
			<set xpath="/windows/window[@name='windowTargetBar']/rect[@pos='-200,-85']/@pos">-200,-110</set>
			<set xpath="/windows/window[@name='windowTargetBar']/rect[@pos='-267,-85']/@pos">-267,-110</set>
		</if>
	</conditional>			
	
	<conditional>
		<if cond="gamepref('BloodMoonFrequency') == 9 and gamepref('BloodMoonRange') == 0 and mod_loaded('AGF-V2-HUDPlus-1Main')">
			<append xpath="/windows/window[@name='windowCompass']">
				<rect name="hud" pos="70,-53" width="380">
					<!--<sprite pos="0,0" name="Background" sprite="ui_game_header_fill" color="0,0,0,225" foregroundlayer="true" height="30" width="380" type="sliced" />-->
					<label depth="3" pos="0,-4" text="{# localization('agfNextBloodMoon')}:   [{daycolor}]{# localization('09daycountdown_' + day%9)}[-]" width="380" font_size="22" justify="center"  height="24" visible="{showtime}"/>
				</rect>	
			</append>	
		</if>
		<if cond="gamepref('BloodMoonFrequency') == 9 and gamepref('BloodMoonRange') == 0 and mod_loaded('AGF-V2-HUDPlus-HealthBars') == false">
			<insertAfter xpath="/windows/window[@name='windowCompass']/sprite/label">						
				<label depth="3" pos="0,-26" text="{# localization('agfNextBloodMoon')}:   [{daycolor}]{# localization('09daycountdown_' + day%9)}[-]" width="300" font_size="22" justify="center" pivot="center" height="24" visible="{showtime}"/>
			</insertAfter>	
			<set xpath="/windows/window[@name='windowTargetBar']/rect[@pos='-200,-85']/@pos">-200,-110</set>
			<set xpath="/windows/window[@name='windowTargetBar']/rect[@pos='-267,-85']/@pos">-267,-110</set>	
		</if>
	</conditional>		
	
	<conditional>
		<if cond="gamepref('BloodMoonFrequency') == 10 and gamepref('BloodMoonRange') == 0 and mod_loaded('AGF-V2-HUDPlus-1Main')">
			<append xpath="/windows/window[@name='windowCompass']">
				<rect name="hud" pos="70,-53" width="380">
					<!--<sprite pos="0,0" name="Background" sprite="ui_game_header_fill" color="0,0,0,225" foregroundlayer="true" height="30" width="380" type="sliced" />-->
					<label depth="3" pos="0,-4" text="{# localization('agfNextBloodMoon')}:   [{daycolor}]{# localization('10daycountdown_' + day%10)}[-]" width="380" font_size="22" justify="center"  height="24" visible="{showtime}"/>
				</rect>	
			</append>	
		</if>
		<if cond="gamepref('BloodMoonFrequency') == 10 and gamepref('BloodMoonRange') == 0 and mod_loaded('AGF-V2-HUDPlus-HealthBars') == false">
			<insertAfter xpath="/windows/window[@name='windowCompass']/sprite/label">						
				<label depth="3" pos="0,-26" text="{# localization('agfNextBloodMoon')}:   [{daycolor}]{# localization('10daycountdown_' + day%10)}[-]" width="300" font_size="22" justify="center" pivot="center" height="24" visible="{showtime}"/>
			</insertAfter>		
			<set xpath="/windows/window[@name='windowTargetBar']/rect[@pos='-200,-85']/@pos">-200,-110</set>
			<set xpath="/windows/window[@name='windowTargetBar']/rect[@pos='-267,-85']/@pos">-267,-110</set>
		</if>
	</conditional>	
	
	<conditional>
		<if cond="gamepref('BloodMoonFrequency') == 14 and gamepref('BloodMoonRange') == 0 and mod_loaded('AGF-V2-HUDPlus-1Main')">
			<append xpath="/windows/window[@name='windowCompass']">
				<rect name="hud" pos="70,-53" width="380">
					<!--<sprite pos="0,0" name="Background" sprite="ui_game_header_fill" color="0,0,0,225" foregroundlayer="true" height="30" width="380" type="sliced" />-->
					<label depth="3" pos="0,-4" text="{# localization('agfNextBloodMoon')}:   [{daycolor}]{# localization('14daycountdown_' + day%14)}[-]" width="380" font_size="22" justify="center"  height="24" visible="{showtime}"/>
				</rect>	
			</append>	
		</if>
		<if cond="gamepref('BloodMoonFrequency') == 14 and gamepref('BloodMoonRange') == 0 and mod_loaded('AGF-V2-HUDPlus-HealthBars') == false">
			<insertAfter xpath="/windows/window[@name='windowCompass']/sprite/label">						
				<label depth="3" pos="0,-26" text="{# localization('agfNextBloodMoon')}:   [{daycolor}]{# localization('14daycountdown_' + day%14)}[-]" width="300" font_size="22" justify="center" pivot="center" height="24" visible="{showtime}"/>
			</insertAfter>		
			<set xpath="/windows/window[@name='windowTargetBar']/rect[@pos='-200,-85']/@pos">-200,-110</set>
			<set xpath="/windows/window[@name='windowTargetBar']/rect[@pos='-267,-85']/@pos">-267,-110</set>
		</if>
	</conditional>	
	
	<conditional>
		<if cond="gamepref('BloodMoonFrequency') == 15 and gamepref('BloodMoonRange') == 0 and mod_loaded('AGF-V2-HUDPlus-1Main')">
			<append xpath="/windows/window[@name='windowCompass']">
				<rect name="hud" pos="70,-53" width="380">
					<!--<sprite pos="0,0" name="Background" sprite="ui_game_header_fill" color="0,0,0,225" foregroundlayer="true" height="30" width="380" type="sliced" />-->
					<label depth="3" pos="0,-4" text="{# localization('agfNextBloodMoon')}:   [{daycolor}]{# localization('15daycountdown_' + day%15)}[-]" width="380" font_size="22" justify="center"  height="24" visible="{showtime}"/>
				</rect>	
			</append>
		</if>
		<if cond="gamepref('BloodMoonFrequency') == 15 and gamepref('BloodMoonRange') == 0 and mod_loaded('AGF-V2-HUDPlus-HealthBars') == false">
			<insertAfter xpath="/windows/window[@name='windowCompass']/sprite/label">						
				<label depth="3" pos="0,-26" text="{# localization('agfNextBloodMoon')}:   [{daycolor}]{# localization('15daycountdown_' + day%15)}[-]" width="300" font_size="22" justify="center" pivot="center" height="24" visible="{showtime}"/>
			</insertAfter>		
			<set xpath="/windows/window[@name='windowTargetBar']/rect[@pos='-200,-85']/@pos">-200,-110</set>
			<set xpath="/windows/window[@name='windowTargetBar']/rect[@pos='-267,-85']/@pos">-267,-110</set>
		</if>
	</conditional>	
	
	<conditional>
		<if cond="gamepref('BloodMoonFrequency') == 20 and gamepref('BloodMoonRange') == 0 and mod_loaded('AGF-V2-HUDPlus-1Main')">
			<append xpath="/windows/window[@name='windowCompass']">
				<rect name="hud" pos="70,-53" width="380">
					<!--<sprite pos="0,0" name="Background" sprite="ui_game_header_fill" color="0,0,0,225" foregroundlayer="true" height="30" width="380" type="sliced" />-->
					<label depth="3" pos="0,-4" text="{# localization('agfNextBloodMoon')}:   [{daycolor}]{# localization('20daycountdown_' + day%20)}[-]" width="380" font_size="22" justify="center"  height="24" visible="{showtime}"/>
				</rect>	
			</append>	
		</if>
		<if cond="gamepref('BloodMoonFrequency') == 20 and gamepref('BloodMoonRange') == 0 and mod_loaded('AGF-V2-HUDPlus-HealthBars') == false">
			<insertAfter xpath="/windows/window[@name='windowCompass']/sprite/label">						
				<label depth="3" pos="0,-26" text="{# localization('agfNextBloodMoon')}:   [{daycolor}]{# localization('20daycountdown_' + day%20)}[-]" width="300" font_size="22" justify="center" pivot="center" height="24" visible="{showtime}"/>
			</insertAfter>		
			<set xpath="/windows/window[@name='windowTargetBar']/rect[@pos='-200,-85']/@pos">-200,-110</set>
			<set xpath="/windows/window[@name='windowTargetBar']/rect[@pos='-267,-85']/@pos">-267,-110</set>
		</if>
	</conditional>
	
	<conditional>
		<if cond="gamepref('BloodMoonFrequency') == 28 and gamepref('BloodMoonRange') == 0 and mod_loaded('AGF-V2-HUDPlus-1Main')">
			<append xpath="/windows/window[@name='windowCompass']">
				<rect name="hud" pos="70,-53" width="380">
					<!--<sprite pos="0,0" name="Background" sprite="ui_game_header_fill" color="0,0,0,225" foregroundlayer="true" height="30" width="380" type="sliced" />-->
					<label depth="3" pos="0,-4" text="{# localization('agfNextBloodMoon')}:   [{daycolor}]{# localization('28daycountdown_' + day%28)}[-]" width="380" font_size="22" justify="center"  height="24" visible="{showtime}"/>
				</rect>	
			</append>	
		</if>
		<if cond="gamepref('BloodMoonFrequency') == 28 and gamepref('BloodMoonRange') == 0 and mod_loaded('AGF-V2-HUDPlus-HealthBars') == false">
			<insertAfter xpath="/windows/window[@name='windowCompass']/sprite/label">						
				<label depth="3" pos="0,-26" text="{# localization('agfNextBloodMoon')}:   [{daycolor}]{# localization('28daycountdown_' + day%28)}[-]" width="300" font_size="22" justify="center" pivot="center" height="24" visible="{showtime}"/>
			</insertAfter>		
			<set xpath="/windows/window[@name='windowTargetBar']/rect[@pos='-200,-85']/@pos">-200,-110</set>
			<set xpath="/windows/window[@name='windowTargetBar']/rect[@pos='-267,-85']/@pos">-267,-110</set>
		</if>
	</conditional>
	
	<conditional>
		<if cond="gamepref('BloodMoonFrequency') == 30 and gamepref('BloodMoonRange') == 0 and mod_loaded('AGF-V2-HUDPlus-1Main')">
			<append xpath="/windows/window[@name='windowCompass']">
				<rect name="hud" pos="70,-53" width="380">
					<!--<sprite pos="0,0" name="Background" sprite="ui_game_header_fill" color="0,0,0,225" foregroundlayer="true" height="30" width="380" type="sliced" />-->
					<label depth="3" pos="0,-4" text="{# localization('agfNextBloodMoon')}:   [{daycolor}]{# localization('30daycountdown_' + day%30)}[-]" width="380" font_size="22" justify="center"  height="24" visible="{showtime}"/>
				</rect>	
			</append>	
		</if>
		<if cond="gamepref('BloodMoonFrequency') == 30 and gamepref('BloodMoonRange') == 0 and mod_loaded('AGF-V2-HUDPlus-HealthBars') == false">
			<insertAfter xpath="/windows/window[@name='windowCompass']/sprite/label">						
				<label depth="3" pos="0,-26" text="{# localization('agfNextBloodMoon')}:   [{daycolor}]{# localization('30daycountdown_' + day%30)}[-]"  width="300" font_size="22" justify="center" pivot="center" height="24" visible="{showtime}"/>
			</insertAfter>		
			<set xpath="/windows/window[@name='windowTargetBar']/rect[@pos='-200,-85']/@pos">-200,-110</set>
			<set xpath="/windows/window[@name='windowTargetBar']/rect[@pos='-267,-85']/@pos">-267,-110</set>
		</if>
	</conditional>

	<conditional>
		<if cond="gamepref('BloodMoonFrequency') == 60 and gamepref('BloodMoonRange') == 0 and mod_loaded('AGF-V2-HUDPlus-1Main')">
			<append xpath="/windows/window[@name='windowCompass']">
				<rect name="hud" pos="70,-53" width="380">
					<!--<sprite pos="0,0" name="Background" sprite="ui_game_header_fill" color="0,0,0,225" foregroundlayer="true" height="30" width="380" type="sliced" />-->
					<label depth="3" pos="0,-4" text="{# localization('agfNextBloodMoon')}:   [{daycolor}]{# localization('60daycountdown_' + day%60)}[-]" width="380" font_size="22" justify="center"  height="24" visible="{showtime}"/>
				</rect>	
			</append>	
		</if>
		<if cond="gamepref('BloodMoonFrequency') == 60 and gamepref('BloodMoonRange') == 0 and mod_loaded('AGF-V2-HUDPlus-HealthBars') == false">
			<insertAfter xpath="/windows/window[@name='windowCompass']/sprite/label">						
				<label depth="3" pos="0,-26" text="{# localization('agfNextBloodMoon')}:   [{daycolor}]{# localization('60daycountdown_' + day%60)}[-]"  width="300" font_size="22" justify="center" pivot="center" height="24" visible="{showtime}"/>
			</insertAfter>		
			<set xpath="/windows/window[@name='windowTargetBar']/rect[@pos='-200,-85']/@pos">-200,-110</set>
			<set xpath="/windows/window[@name='windowTargetBar']/rect[@pos='-267,-85']/@pos">-267,-110</set>
		</if>
	</conditional>


</AGF-HUDPlus-BMCounter-KeepDayCount>