<AGFVanillaPlus-FarmingPlus>

<append xpath="/materials">
	<material id="Mfarmlandx5">
		<property name="damage_category" value="earth"/>
		<property name="surface_category" value="earth"/>
		<property name="Hardness" type="float" value="1"/>
		<property name="stepsound" value="dirt"/>
		<property name="fertile_level" value="20"/>
		<property name="stability_glue" value="20"/>
		<property name="Mass" type="int" value="10"/>
		<property name="MaxDamage" value="1000"/>
		<property name="Experience" value="2"/>
	</material>
	<material id="Mfarmlandx25">
		<property name="damage_category" value="earth"/>
		<property name="surface_category" value="earth"/>
		<property name="Hardness" type="float" value="1"/>
		<property name="stepsound" value="dirt"/>
		<property name="fertile_level" value="30"/>
		<property name="stability_glue" value="20"/>
		<property name="Mass" type="int" value="10"/>
		<property name="MaxDamage" value="2500"/>
		<property name="Experience" value="2"/>
	</material>
</append>

</AGFVanillaPlus-FarmingPlus>