<AGFVanillaPlus-SmeltingPlus>


	<!--3rd Forge Smelting Slot-->
		<set xpath="/windows/window[@name='windowForgeInput']/@height">280</set>
		<set xpath="/windows/window[@name='windowForgeInput']/sprite/@height">229</set>
		<set xpath="/windows/window[@name='windowForgeInput']/rect[@name='content']/grid/@rows">3</set>
		<set xpath="/windows/window[@name='windowForgeInput']/rect[@name='content']/@height">228</set>
		<set xpath="/windows/window[@name='windowForgeInput']/rect[@name='content2']/@height">224</set>
		<set xpath="/windows/window[@name='windowForgeInput']/rect[@name='content2']/grid/@cell_height">38</set>
		
		<setattribute xpath="/windows/window[@name='windowForgeInput']/rect/sprite" name="pos">-1,0</setattribute>
		<setattribute xpath="/windows/window[@name='windowForgeInput']/rect/sprite" name="width">149</setattribute>
		<setattribute xpath="/windows/window[@name='windowForgeInput']/rect/sprite" name="height">225</setattribute>
		<setattribute xpath="/windows/window[@name='windowForgeInput']/sprite" name="width">228</setattribute>
		
		<!--numbered labels on the 3 slots-->
		<append xpath="/windows/window[@name='windowForgeInput']/rect[@name='content']">
			<label depth="10" pos="7,-13"  height="64" width="64" color="255,255,255,120" text="1" font_size="54" justify="center" />
			<label depth="10" pos="7,-88" height="64" width="64" color="255,255,255,120" text="2" font_size="54" justify="center" />
			<label depth="10" pos="7,-163" height="64" width="64" color="255,255,255,120" text="3" font_size="54" justify="center" />
		</append>


	<!--Purple Book Addition for the 1:5 smeltables-->
	<conditional>
		<if cond="mod_loaded('AGF-V2-HUDPlus-PurpleBook') and game_version() &gt;= version(1,2,0) and game_version() &lt; version(1,2,5)">
			<!--Add to Purple Book-->
				<!--ALL section-->
				<set xpath="/windows/window[@name='Schematics']/rect[@name='tabs']/rect[@name='tabsContents']/rect[@name='craftinglistTab']/rect[@name='tabs']/rect[@name='tabsContents']/rect[@name='allChecklists']/grid[@name='checklistWorkstations']/entry[@name='ADVSmelt1']/sprite[@name='backgroundSection']/@height">84</set>
				<set xpath="/windows/window[@name='Schematics']/rect[@name='tabs']/rect[@name='tabsContents']/rect[@name='craftinglistTab']/rect[@name='tabs']/rect[@name='tabsContents']/rect[@name='allChecklists']/grid[@name='checklistWorkstations']/entry[@name='ADVSmelt1']/sprite[@name='backgroundBorderSection']/@height">84</set>
				<set xpath="/windows/window[@name='Schematics']/rect[@name='tabs']/rect[@name='tabsContents']/rect[@name='craftinglistTab']/rect[@name='tabs']/rect[@name='tabsContents']/rect[@name='allChecklists']/grid[@name='checklistWorkstations']/entry[@name='ADVSmelt1']/filledsprite[@name='yesUnlocked']/@height">82</set>
					
				<append xpath="/windows/window[@name='Schematics']/rect[@name='tabs']/rect[@name='tabsContents']/rect[@name='craftinglistTab']/rect[@name='tabs']/rect[@name='tabsContents']/rect[@name='allChecklists']/grid[@name='checklistWorkstations']/entry[@name='ADVSmelt2']">
					<sprite name="itemIcon" depth="3" pos="-21,-28" size="21,21" foregroundlayer="true" atlas="ItemIconAtlas" sprite="resourceScrapIron" color="247, 115, 7" tooltip_key="resourceScrapIronAdvSmelt"/>
					<sprite name="itemIcon" depth="3" pos="1,-28" size="21,21" foregroundlayer="true" atlas="ItemIconAtlas" sprite="resourceScrapLead" color="247, 115, 7" tooltip_key="resourceScrapLeadAdvSmelt"/>
					<sprite name="itemIcon" depth="3" pos="-21,-48" size="21,21" foregroundlayer="true" atlas="ItemIconAtlas" sprite="resourceScrapBrass" color="247, 115, 7" tooltip_key="resourceScrapBrassAdvSmelt"/>
					<sprite depth="8" name="itemtypeicon" width="10" height="10" sprite="ui_game_symbol_forge" pos="-21,-28" foregroundlayer="true" color=""/>
					<sprite depth="8" name="itemtypeicon" width="10" height="10" sprite="ui_game_symbol_forge" pos="1,-28" foregroundlayer="true" color=""/>
					<sprite depth="8" name="itemtypeicon" width="10" height="10" sprite="ui_game_symbol_forge" pos="-21,-48" foregroundlayer="true" color=""/>
				</append>	
				
				<!--Zoomed In Section-->
				<set xpath="/windows/window[@name='Schematics']/rect[@name='tabs']/rect[@name='tabsContents']/rect[@name='craftinglistTab']/rect[@name='tabs']/rect[@name='tabsContents']/rect[@name='zoomedWorkstations']/grid[@name='checklistWorkstations']/entry[@name='ADVSmelt']/sprite[@name='backgroundSection']/@width">302</set>
				<set xpath="/windows/window[@name='Schematics']/rect[@name='tabs']/rect[@name='tabsContents']/rect[@name='craftinglistTab']/rect[@name='tabs']/rect[@name='tabsContents']/rect[@name='zoomedWorkstations']/grid[@name='checklistWorkstations']/entry[@name='ADVSmelt']/sprite[@name='backgroundBorderSection']/@width">302</set>
				<set xpath="/windows/window[@name='Schematics']/rect[@name='tabs']/rect[@name='tabsContents']/rect[@name='craftinglistTab']/rect[@name='tabs']/rect[@name='tabsContents']/rect[@name='zoomedWorkstations']/grid[@name='checklistWorkstations']/entry[@name='ADVSmelt']/filledsprite[@name='yesUnlocked']/@width">302</set>
				
				
				<set xpath="/windows/window[@name='Schematics']/rect[@name='tabs']/rect[@name='tabsContents']/rect[@name='craftinglistTab']/rect[@name='tabs']/rect[@name='tabsContents']/rect[@name='zoomedWorkstations']/grid[@name='checklistWorkstations']/entry[@name='ADVSmelt']/sprite[@sprite='toolForgeCrucible']/@pos">36,-40</set>
				<append xpath="/windows/window[@name='Schematics']/rect[@name='tabs']/rect[@name='tabsContents']/rect[@name='craftinglistTab']/rect[@name='tabs']/rect[@name='tabsContents']/rect[@name='zoomedWorkstations']/grid[@name='checklistWorkstations']/entry[@name='ADVSmelt']">
					<sprite name="itemIcon" depth="3" pos="100,-40" size="50,50" foregroundlayer="true" atlas="ItemIconAtlas" sprite="resourceScrapIron" color="247, 115, 7" tooltip_key="resourceScrapIronAdvSmelt"/>
					<sprite name="itemIcon" depth="3" pos="158,-40" size="50,50" foregroundlayer="true" atlas="ItemIconAtlas" sprite="resourceScrapLead" color="247, 115, 7" tooltip_key="resourceScrapLeadAdvSmelt"/>
					<sprite name="itemIcon" depth="3" pos="216,-40" size="50,50" foregroundlayer="true" atlas="ItemIconAtlas" sprite="resourceScrapBrass" color="247, 115, 7" tooltip_key="resourceScrapBrassAdvSmelt"/>
					
					<sprite depth="8" name="itemtypeicon" width="20" height="20" sprite="ui_game_symbol_forge" pos="100,-40" foregroundlayer="true" color=""/>
					<sprite depth="8" name="itemtypeicon" width="20" height="20" sprite="ui_game_symbol_forge" pos="158,-40" foregroundlayer="true" color=""/>
					<sprite depth="8" name="itemtypeicon" width="20" height="20" sprite="ui_game_symbol_forge" pos="216,-40" foregroundlayer="true" color=""/>
				</append>
		</if>
		<if cond="mod_loaded('AGF-V2-HUDPlus-PurpleBook') and game_version() &gt;= version(1,2,5)">
			<!--Add to Purple Book-->
				<!--ALL section-->
				<set xpath="/windows/window[@name='Schematics']/rect[@name='tabs']/rect[@name='tabsContents']/rect[@name='craftinglistTab']/rect[@name='tabs']/rect[@name='tabsContents']/rect[@name='allChecklists']//grid[@name='checklistWorkstations']/entry[141]/sprite[@name='backgroundSection']/@height">84</set>
				<set xpath="/windows/window[@name='Schematics']/rect[@name='tabs']/rect[@name='tabsContents']/rect[@name='craftinglistTab']/rect[@name='tabs']/rect[@name='tabsContents']/rect[@name='allChecklists']//grid[@name='checklistWorkstations']/entry[141]/sprite[@name='backgroundBorderSection']/@height">84</set>
				<set xpath="/windows/window[@name='Schematics']/rect[@name='tabs']/rect[@name='tabsContents']/rect[@name='craftinglistTab']/rect[@name='tabs']/rect[@name='tabsContents']/rect[@name='allChecklists']//grid[@name='checklistWorkstations']/entry[141]/filledsprite[@name='yesUnlocked']/@height">82</set>
					
				<append xpath="/windows/window[@name='Schematics']/rect[@name='tabs']/rect[@name='tabsContents']/rect[@name='craftinglistTab']/rect[@name='tabs']/rect[@name='tabsContents']/rect[@name='allChecklists']//grid[@name='checklistWorkstations']/entry[144]">
					<sprite name="itemIcon" depth="3" pos="-21,-28" size="21,21" foregroundlayer="true" atlas="ItemIconAtlas" sprite="resourceScrapIron" color="247, 115, 7" tooltip_key="resourceScrapIronAdvSmelt"/>
					<sprite name="itemIcon" depth="3" pos="1,-28" size="21,21" foregroundlayer="true" atlas="ItemIconAtlas" sprite="resourceScrapLead" color="247, 115, 7" tooltip_key="resourceScrapLeadAdvSmelt"/>
					<sprite name="itemIcon" depth="3" pos="-21,-48" size="21,21" foregroundlayer="true" atlas="ItemIconAtlas" sprite="resourceScrapBrass" color="247, 115, 7" tooltip_key="resourceScrapBrassAdvSmelt"/>
					<sprite depth="8" name="itemtypeicon" width="10" height="10" sprite="ui_game_symbol_forge" pos="-21,-28" foregroundlayer="true" color=""/>
					<sprite depth="8" name="itemtypeicon" width="10" height="10" sprite="ui_game_symbol_forge" pos="1,-28" foregroundlayer="true" color=""/>
					<sprite depth="8" name="itemtypeicon" width="10" height="10" sprite="ui_game_symbol_forge" pos="-21,-48" foregroundlayer="true" color=""/>
				</append>	
				
				<!--Zoomed In Section-->	
				<insertafter xpath="/windows/window[@name='Schematics']/rect[@name='tabs']/rect[@name='tabsContents']/rect[@name='craftinglistTab']/rect[@name='tabs']/rect[@name='tabsContents']//rect[@name='zoomedWorkstations']/grid[@name='checklistWorkstations']/entry[4]">
					<entry name="QSection">
						<!--Background of Section-->
						<sprite depth="1" name="backgroundSection" sprite="menu_empty3px" width="203" height="100" color="[darkGrey]" type="sliced" fillcenter="true"/>
						<sprite depth="3" name="backgroundBorderSection" sprite="menu_empty3px" foregroundlayer="true" pos="0,0" width="200" height="100" color="[black]" type="sliced" fillcenter="false"/>
						<!--If completed-->
						<filledsprite depth="2" name="yesUnlocked" color="0,180,0,180" pos="0,0" width="200" height="100" fillcenter="true" type="filled" fill="{cvar(craftingWorkstationsCheck75)}"/>
						<!--Q1-->
						<sprite depth="3" name="backgroundBorder" sprite="menu_empty3px" pos="0,0" width="50" height="30" color="[black]" type="sliced" fillcenter="false"/>
						<sprite depth="2" name="background" sprite="menu_empty3px" pos="0,0" width="50" height="30" color="156, 136, 103" type="sliced" fillcenter="true"/>
						<label depth="3" name="checkunlock" pos="0,-4" width="50" height="30" justify="center" text="75" color="[black]" font_size="26"/>
						<!--Icons-->
						<sprite name="itemIcon" depth="3" pos="25,-40" size="50,50" foregroundlayer="true" atlas="ItemIconAtlas" sprite="resourceScrapIron" color="247, 115, 7" tooltip_key="resourceScrapIronAdvSmelt"/>
						<sprite name="itemIcon" depth="3" pos="75,-40" size="50,50" foregroundlayer="true" atlas="ItemIconAtlas" sprite="resourceScrapLead" color="247, 115, 7" tooltip_key="resourceScrapLeadAdvSmelt"/>
						<sprite name="itemIcon" depth="3" pos="125,-40" size="50,50" foregroundlayer="true" atlas="ItemIconAtlas" sprite="resourceScrapBrass" color="247, 115, 7" tooltip_key="resourceScrapBrassAdvSmelt"/>
						
						<sprite depth="8" name="itemtypeicon" width="20" height="20" sprite="ui_game_symbol_forge" pos="25,-40" foregroundlayer="true" color=""/>
						<sprite depth="8" name="itemtypeicon" width="20" height="20" sprite="ui_game_symbol_forge" pos="75,-40" foregroundlayer="true" color=""/>
						<sprite depth="8" name="itemtypeicon" width="20" height="20" sprite="ui_game_symbol_forge" pos="125,-40" foregroundlayer="true" color=""/>
					</entry>				
				</insertafter>
				<set xpath="/windows/window[@name='Schematics']/rect[@name='tabs']/rect[@name='tabsContents']/rect[@name='craftinglistTab']/rect[@name='tabs']/rect[@name='tabsContents']//rect[@name='zoomedWorkstations']/grid[@name='checklistWorkstations']/@pos">695,-185</set>
		</if>
	</conditional>		

</AGFVanillaPlus-SmeltingPlus>
