<AGFVanillaPlus-SmeltingPlus>

			
<!--SMELTING PLUS-->

		<!--Make crushed sand smelting amount equal to stones and clay. 1 full stack of 6,000 will fill it-->
		<set xpath="/items/item[@name='resourceCrushedSand']/property[@name='Weight']/@value">5</set>



		<append xpath="/items">
			<!-- smelt time per unit of .1, weight of 100, takes 300 to smelt to 30k, without bellows 50 minutes. With, ~39.-->
			<item name="resourceScrapIronAdvSmelt">
				<property name="CustomIcon" value="resourceScrapIron"/><property name="CustomIconTint" value="172,33,50"/>
				<property name="ItemTypeIcon" value="treasure"/>
				<property name="HoldType" value="45"/>
				<property name="Meshfile" value="@:Other/Items/Misc/sackPrefab.prefab"/>
				<property name="DropMeshfile" value="@:Other/Items/Misc/sack_droppedPrefab.prefab"/>
				<property name="Material" value="MresourceScrapIron"/>
				<property name="Weight" value="600"/>
				<property name="Stacknumber" value="50"/>
				<property name="MeltTimePerUnit" value=".12"/>
				<property name="Group" value="Resources"/>	
				<property name="SellableToTrader" value="false"/>
				<property name="NoScrapping" value="true"/>
			</item>
		
		
		<!--smelt time formula?
		
		 WEIGHT x MELTTIMEPERUNIT = SECONDS IT TAKES TO SMELT
		 
		   600  x      0.12       =      72 seconds
		
		
		
		50 Stacks, at 600 Weight and .12 melt time per unit = 1 hour to fill forge with 30k without bellows... 40 minutes with bellows
			-when all in one slot. ~60 minutes/ 40 w/bellows
			-When in 2 slots, half time. ~30 minutes/ 20 w/bellows
			-When in 3 slots.... a bit less than half time. ~20minutes/ 10 w/bellows
		
		
		-->
		
		</append>

	

		<!--Forge Resource Management-->
		<append xpath="/items">
			<item name="resourceClayLumpTrash"> 
				<property name="HoldType" value="45"/>
				<property name="CustomIcon" value="resourceClayLump"/>
				<property name="CustomIconTint" value="525354"/>
				<property name="Meshfile" value="@:Other/Items/Misc/sackPrefab.prefab"/>
				<property name="DropMeshfile" value="@:Other/Items/Misc/sack_droppedPrefab.prefab"/>
				<property name="Material" value="MresourceClayLump"/>
				<property name="Weight" value="1"/>
				<property name="Stacknumber" value="50"/> 
				<property name="Group" value="Resources"/>
				<property name="MeltTimePerUnit" value=".2"/>
			</item>
			<item name="resourceCrushedSandTrash"> 
				<property name="HoldType" value="45"/>
				<property name="CustomIcon" value="resourceCrushedSand"/>
				<property name="CustomIconTint" value="525354"/>
				<property name="Meshfile" value="@:Other/Items/Misc/sackPrefab.prefab"/>
				<property name="DropMeshfile" value="@:Other/Items/Misc/sack_droppedPrefab.prefab"/>
				<property name="Material" value="MresourceCrushedSand"/>
				<property name="Weight" value="1"/>
				<property name="Stacknumber" value="50"/> 
				<property name="Group" value="Resources"/>
				<property name="MeltTimePerUnit" value=".2"/>
			</item>
			<item name="resourceRockSmallTrash"> 
				<property name="HoldType" value="45"/>
				<property name="CustomIcon" value="resourceRockSmall"/>
				<property name="CustomIconTint" value="525354"/>
				<property name="Meshfile" value="@:Other/Items/Misc/sackPrefab.prefab"/>
				<property name="DropMeshfile" value="@:Other/Items/Misc/sack_droppedPrefab.prefab"/>
				<property name="Material" value="MresourceRockSmall"/>
				<property name="Weight" value="1"/>
				<property name="Stacknumber" value="50"/> 
				<property name="Group" value="Resources"/>
				<property name="MeltTimePerUnit" value=".2"/>
			</item>
		</append>
	
	
	
</AGFVanillaPlus-SmeltingPlus>



	<!--Old method. Didn't quite work and it's too complicted. Can make it work, but I don't find it simple enough.
		To make these take on the designated material, apparently we need to add the param1="Material" thing to the extend.
	
		Smelt Bundles directly
		<set xpath="/items/item[@name='resourceRockSmallBundle']/property[@name='Material']/@value">MresourceRockSmall</set>
		<append xpath="/items/item[@name='resourceRockSmallBundle']">
			<property name="NoScrapping" value="true"/>
			<property name="Weight" value="30000"/>takes just 1 bundle to fill forge slot
			<property name="MeltTimePerUnit" value=".5"/>without bellows, 250 minutes to fill forge slot
		</append>
		
		<append xpath="/items/item[@name='resourceScrapIronBundle']">
			<property name="NoScrapping" value="true"/>
			<porperty name="Material" value="MresourceScrapIron"/>
			<property name="Weight" value="6000"/>takes 5 bundles to fill forge slot
			<property name="MeltTimePerUnit" value="1"/>without bellows, 500 minutes to fill forge slot
		</append>
		
		<append xpath="/items/item[@name='resourceLeadBundle']">
			<property name="NoScrapping" value="true"/>
			<porperty name="Material" value="MresourceScrapLeadSmall"/>
			<property name="Weight" value="6000"/>takes 5 bundles to fill forge slot
			<property name="MeltTimePerUnit" value="1"/>without bellows, 500 minutes to fill forge slot
		</append>
		
		<append xpath="/items/item[@name='resourceScrapBrassBundle']">
			<property name="NoScrapping" value="true"/>
			<porperty name="Material" value="MresourceScrapBrassSmall"/>
			<property name="Weight" value="6000"/>takes 5 bundles to fill forge slot
			<property name="MeltTimePerUnit" value=".4"/>without bellows, 200 minutes to fill forge slot
		</append>
		
		<append xpath="/items/item[@name='resourceCrushedSandBundle']">
			<property name="NoScrapping" value="true"/>
			<porperty name="Material" value="MresourceCrushedSand"/>
			<property name="Weight" value="30000"/>takes just 1 bundle to fill forge slot
			<property name="MeltTimePerUnit" value="1"/>without bellows, 500 minutes to fill forge slot
		</append>

		<append xpath="/items/item[@name='resourceClayLumpBundle']">
			<property name="NoScrapping" value="true"/>
			<porperty name="Material" value="MresourceClayLump"/>
			<property name="Weight" value="30000"/>takes just 1 bundle to fill forge slot
			<property name="MeltTimePerUnit" value="1"/>without bellows, 500 minutes to fill forge slot
		</append>-->