<AGF-Backpack84>

<!--Larger Versions of Player Chests-->
	<!--Notes: I kept the health the same as original. Recipe, repair, and upgrade cost is x3. I made economic value 9, where original is 6.-->
		<append xpath="/blocks">
			<!--Wood Writable Crate, Secure-->
				<block name="cntWoodWritableCrateLarge">
					<property name="CustomIcon" value="cntWoodWritableCrate"/><property name="CustomIconTint" value="930CF8"/>
					<property name="CreativeMode" value="Player"/>
					<property name="Class" value="CompositeTileEntity"/>
					<property class="CompositeFeatures">
						<property class="TEFeatureStorage">
							<property name="LootList" value="playerWoodWritableStorageLarge"/>
						</property>
						<property class="TEFeatureLockable"/>
						<property class="TEFeatureSignable">
							<property name="FontSize" value="90"/>
							<property name="LineCount" value="3"/>
							<property name="LineWidth" value="0.55"/>
						</property>
					</property>
					<property name="DescriptionKey" value="cntWoodWritableCrateDesc"/>
					<property name="Material" value="MwoodReinforced"/>
					<property name="Shape" value="ModelEntity"/>
					<property name="Model" value="@:Entities/LootContainers/woodWritableCratePrefab.prefab"/>
					<property name="WaterFlow" value="permitted"/>
					<property name="Path" value="solid"/>
					<property name="Place" value="TowardsPlacerInverted"/>
					<property name="AllowedRotations" value="Basic90"/>
					<property name="FuelValue" value="300"/>
					<property name="EconomicValue" value="9"/>
					<property name="MaxDamage" value="500"/>
					<property class="RepairItems">
						<property name="resourceWood" value="30"/>
					</property>
					<drop event="Destroy" name="resourceWood" count="1,3"/>
					<drop event="Fall" name="terrDestroyedWoodDebris" count="1" prob="0.75" stick_chance="1"/>
					<property name="DowngradeBlock" value="cntWoodWritableCrateInsecureLarge"/>
					<property class="UpgradeBlock">
						<property name="ToBlock" value="cntIronWritableCrateLarge"/>
						<property name="Item" value="resourceForgedIron"/>
						<property name="ItemCount" value="30"/>
						<property name="UpgradeHitCount" value="4"/>
					</property>
					<property name="UpgradeSound" value="place_block_metal"/>
					<property name="SortOrder1" value="B106"/>
					<property name="SortOrder2" value="0000"/>
					<property name="Group" value="Basics,Building,advBuilding"/>
					<property name="Tags" value="timecharge"/>
					<property name="FilterTags" value="MC_playerBlocks,SC_decor"/>
				</block>

			<!--Wood Writable Crate, Insecure-->
				<block name="cntWoodWritableCrateInsecureLarge">
					<property name="CreativeMode" value="None"/>
					<property name="Class" value="CompositeTileEntity"/>
					<property class="CompositeFeatures">
						<property class="TEFeatureStorage">
							<property name="LootList" value="playerWoodWritableStorageLarge"/>
						</property>
						<property class="TEFeatureSignable">
							<property name="FontSize" value="90"/>
							<property name="LineCount" value="3"/>
							<property name="LineWidth" value="0.55"/>
						</property>
					</property>

					<property name="CustomIcon" value="cntWoodWritableCrate"/>
					<property name="Material" value="MwoodReinforced"/>
					<property name="Shape" value="ModelEntity"/>
					<property name="Model" value="@:Entities/LootContainers/woodWritableCratePrefab.prefab"/>
					<property name="WaterFlow" value="permitted"/>
					<property name="AllowedRotations" value="Basic90"/>
					<property name="Path" value="solid"/>
					<property name="MaxDamage" value="500"/>
					<property class="RepairItems">
						<property name="resourceWood" value="30"/>
					</property>
					<drop event="Destroy" name="resourceWood" count="1,3"/>
					<drop event="Fall" name="terrDestroyedWoodDebris" count="1" prob="0.75" stick_chance="1"/>
					<property name="SortOrder1" value="B106"/>
					<property name="SortOrder2" value="0001"/>
					<property name="FilterTags" value="MC_playerBlocks,SC_decor"/>
				</block>

			<!--Iron Writable Crate, Secure-->
				<block name="cntIronWritableCrateLarge">
					<property name="CustomIcon" value="cntIronWritableCrate"/><property name="CustomIconTint" value="930CF8"/>
					<property name="CreativeMode" value="Player"/>
					<property name="Class" value="CompositeTileEntity"/>
					<property class="CompositeFeatures">
						<property class="TEFeatureStorage">
							<property name="LootList" value="playerIronWritableStorageLarge"/>
						</property>
						<property class="TEFeatureLockable"/>
						<property class="TEFeatureSignable">
							<property name="FontSize" value="90"/>
							<property name="LineCount" value="3"/>
							<property name="LineWidth" value="0.55"/>
						</property>
					</property>

					<property name="DescriptionKey" value="cntIronWritableCrateDesc"/>
					<property name="Material" value="Mmetal"/>
					<property name="Shape" value="ModelEntity"/>
					<property name="Model" value="@:Entities/LootContainers/ironWritableCratePrefab.prefab"/>
					<property name="WaterFlow" value="permitted"/>
					<property name="Path" value="solid"/>
					<property name="Place" value="TowardsPlacerInverted"/>
					<property name="AllowedRotations" value="Basic90"/>
					<property name="FuelValue" value="300"/>
					<property name="EconomicValue" value="9"/>
					<property name="MaxDamage" value="2500"/>
					<property class="RepairItems">
						<property name="resourceForgedIron" value="30"/>
					</property>
					<drop event="Destroy" name="resourceScrapIron" count="10,30"/>
					<drop event="Fall" name="scrapMetalPile" count="1" prob="0.75" stick_chance="1"/>
					<property name="DowngradeBlock" value="cntIronWritableCrateInsecureLarge"/>
					<property class="UpgradeBlock">
						<property name="ToBlock" value="cntSteelWritableCrateLarge"/>
						<property name="Item" value="resourceForgedSteel"/>
						<property name="ItemCount" value="30"/>
						<property name="UpgradeHitCount" value="4"/>
					</property>
					<property name="UpgradeSound" value="place_block_metal"/>
					<property name="SortOrder1" value="B106"/>
					<property name="SortOrder2" value="0002"/>
					<property name="Group" value="Building,advBuilding"/>
					<property name="Tags" value="timecharge"/>
					<property name="FilterTags" value="MC_playerBlocks,SC_decor"/>
				</block>

			<!--Iron Writable Crate, Insecure-->
				<block name="cntIronWritableCrateInsecureLarge">
					<property name="CreativeMode" value="None"/>
					<property name="Class" value="CompositeTileEntity"/>
					<property class="CompositeFeatures">
						<property class="TEFeatureStorage">
							<property name="LootList" value="playerIronWritableStorageLarge"/>
						</property>
						<property class="TEFeatureSignable">
							<property name="FontSize" value="90"/>
							<property name="LineCount" value="3"/>
							<property name="LineWidth" value="0.55"/>
						</property>
					</property>

					<property name="CustomIcon" value="cntIronWritableCrate"/>
					<property name="Material" value="Mmetal"/>
					<property name="Shape" value="ModelEntity"/>
					<property name="Model" value="@:Entities/LootContainers/ironWritableCratePrefab.prefab"/>
					<property name="WaterFlow" value="permitted"/>
					<property name="AllowedRotations" value="Basic90"/>
					<property name="Path" value="solid"/>
					<property name="MaxDamage" value="2500"/>
					<property class="RepairItems">
						<property name="resourceForgedIron" value="30"/>
					</property>
					<drop event="Destroy" name="resourceScrapIron" count="10,30"/>
					<drop event="Fall" name="scrapMetalPile" count="1" prob="0.75" stick_chance="1"/>
					<property name="SortOrder1" value="B106"/>
					<property name="SortOrder2" value="0003"/>
				</block>

			<!--Steel Writable Crate, Secure-->
				<block name="cntSteelWritableCrateLarge">
					<property name="CustomIcon" value="cntSteelWritableCrate"/><property name="CustomIconTint" value="930CF8"/>
					<property name="CreativeMode" value="Player"/>
					<property name="Class" value="CompositeTileEntity"/>
					<property class="CompositeFeatures">
						<property class="TEFeatureStorage">
							<property name="LootList" value="playerSteelWritableStorageLarge"/>
						</property>
						<property class="TEFeatureLockable"/>
						<property class="TEFeatureSignable">
							<property name="FontSize" value="90"/>
							<property name="LineCount" value="3"/>
							<property name="LineWidth" value="0.55"/>
						</property>
					</property>

					<property name="DescriptionKey" value="cntSteelWritableCrateDesc"/>
					<property name="Material" value="Msteel"/>
					<property name="Shape" value="ModelEntity"/>
					<property name="Model" value="@:Entities/LootContainers/steelWritableCratePrefab.prefab"/>
					<property name="WaterFlow" value="permitted"/>
					<property name="Path" value="solid"/>
					<property name="Place" value="TowardsPlacerInverted"/>
					<property name="AllowedRotations" value="Basic90"/>
					<property name="FuelValue" value="300"/>
					<property name="EconomicValue" value="9"/>
					<property name="MaxDamage" value="5000"/>
					<property class="RepairItems">
						<property name="resourceForgedSteel" value="30"/>
					</property>
					<drop event="Destroy" name="resourceScrapIron" count="30,50"/>
					<drop event="Fall" name="scrapMetalPile" count="1" prob="0.75" stick_chance="1"/>
					<property name="DowngradeBlock" value="cntSteelWritableCrateInsecureLarge"/>
					<property name="SortOrder1" value="B106"/>
					<property name="SortOrder2" value="0004"/>
					<property name="Group" value="Building,advBuilding"/>
					<property name="Tags" value="timecharge"/>
					<property name="FilterTags" value="MC_playerBlocks,SC_decor"/>
				</block>

			<!--Steel Writable Crate, Insecure-->
				<block name="cntSteelWritableCrateInsecureLarge">
					<property name="CreativeMode" value="None"/>
					<property name="Class" value="CompositeTileEntity"/>
					<property class="CompositeFeatures">
						<property class="TEFeatureStorage">
							<property name="LootList" value="playerSteelWritableStorageLarge"/>
						</property>
						<property class="TEFeatureSignable">
							<property name="FontSize" value="90"/>
							<property name="LineCount" value="3"/>
							<property name="LineWidth" value="0.55"/>
						</property>
					</property>

					<property name="CustomIcon" value="cntSteelWritableCrate"/>
					<property name="Material" value="Msteel"/>
					<property name="Shape" value="ModelEntity"/>
					<property name="Model" value="@:Entities/LootContainers/steelWritableCratePrefab.prefab"/>
					<property name="WaterFlow" value="permitted"/>
					<property name="AllowedRotations" value="Basic90"/>
					<property name="Path" value="solid"/>
					<property name="MaxDamage" value="5000"/>
					<property class="RepairItems">
						<property name="resourceForgedSteel" value="30"/>
					</property>
					<drop event="Destroy" name="resourceScrapIron" count="30,50"/>
					<drop event="Fall" name="scrapMetalPile" count="1" prob="0.75" stick_chance="1"/>
					<property name="SortOrder1" value="B106"/>
					<property name="SortOrder2" value="0005"/>
				</block>
		</append>


</AGF-Backpack84>
