Key,File,Type,UsedInMainMenu,NoTranslate,KeepLoaded,english,Context / Alternate Text,german,spanish,french,italian,japanese,koreana,polish,brazilian,russian,turkish,schinese,tchinese
cntSortingCart,,,,,,"Sorting Cart","","Sortierwagen","Carrito de clasificación","Chariot de tri","Carrello di smistamento","仕分けカート","분류 카트","Wózek sortujący","Carrinho de triagem","Сортировочная тележка","Sıralama arabası","分拣推车","分類推車"
cntSortingCartUtilityCart,,,,,,"Sorting Cart","","Sortierwagen","Carrito de clasificación","Chariot de tri","Carrello di smistamento","仕分けカート","분류 카트","Wózek sortujący","Carrinho de triagem","Сортировочная тележка","Sıralama arabası","分拣推车","分類推車"
cntSortingCartUtilityCartBrown,,,,,,"Sorting Cart","","Sortierwagen","Carrito de clasificación","Chariot de tri","Carrello di smistamento","仕分けカート","분류 카트","Wózek sortujący","Carrinho de triagem","Сортировочная тележка","Sıralama arabası","分拣推车","分類推車"
cntSortingCartUtilityCartRed,,,,,,"Sorting Cart","","Sortierwagen","Carrito de clasificación","Chariot de tri","Carrello di smistamento","仕分けカート","분류 카트","Wózek sortujący","Carrinho de triagem","Сортировочная тележка","Sıralama arabası","分拣推车","分類推車"
cntSortingCartUtilityCartYellow,,,,,,"Sorting Cart","","Sortierwagen","Carrito de clasificación","Chariot de tri","Carrello di smistamento","仕分けカート","분류 카트","Wózek sortujący","Carrinho de triagem","Сортировочная тележка","Sıralama arabası","分拣推车","分類推車"
cntSortingCartUtilityCartGreen,,,,,,"Sorting Cart","","Sortierwagen","Carrito de clasificación","Chariot de tri","Carrello di smistamento","仕分けカート","분류 카트","Wózek sortujący","Carrinho de triagem","Сортировочная тележка","Sıralama arabası","分拣推车","分類推車"
cntSortingCartUtilityCartBlue,,,,,,"Sorting Cart","","Sortierwagen","Carrito de clasificación","Chariot de tri","Carrello di smistamento","仕分けカート","분류 카트","Wózek sortujący","Carrinho de triagem","Сортировочная тележка","Sıralama arabası","分拣推车","分類推車"
cntSortingCartUtilityCartGrey,,,,,,"Sorting Cart","","Sortierwagen","Carrito de clasificación","Chariot de tri","Carrello di smistamento","仕分けカート","분류 카트","Wózek sortujący","Carrinho de triagem","Сортировочная тележка","Sıralama arabası","分拣推车","分類推車"
cntSortingCartUtilityCartBlack,,,,,,"Sorting Cart","","Sortierwagen","Carrito de clasificación","Chariot de tri","Carrello di smistamento","仕分けカート","분류 카트","Wózek sortujący","Carrinho de triagem","Сортировочная тележка","Sıralama arabası","分拣推车","分類推車"
cntSortingCartShoppingCart,,,,,,"Sorting Cart","","Sortierwagen","Carrito de clasificación","Chariot de tri","Carrello di smistamento","仕分けカート","분류 카트","Wózek sortujący","Carrinho de triagem","Сортировочная тележка","Sıralama arabası","分拣推车","分類推車"
cntSortingCartShoppingCartRed,,,,,,"Sorting Cart","","Sortierwagen","Carrito de clasificación","Chariot de tri","Carrello di smistamento","仕分けカート","분류 카트","Wózek sortujący","Carrinho de triagem","Сортировочная тележка","Sıralama arabası","分拣推车","分類推車"
cntSortingCartShoppingCartOrange,,,,,,"Sorting Cart","","Sortierwagen","Carrito de clasificación","Chariot de tri","Carrello di smistamento","仕分けカート","분류 카트","Wózek sortujący","Carrinho de triagem","Сортировочная тележка","Sıralama arabası","分拣推车","分類推車"
cntSortingCartShoppingCartYellow,,,,,,"Sorting Cart","","Sortierwagen","Carrito de clasificación","Chariot de tri","Carrello di smistamento","仕分けカート","분류 카트","Wózek sortujący","Carrinho de triagem","Сортировочная тележка","Sıralama arabası","分拣推车","分類推車"
cntSortingCartShoppingCartGreen,,,,,,"Sorting Cart","","Sortierwagen","Carrito de clasificación","Chariot de tri","Carrello di smistamento","仕分けカート","분류 카트","Wózek sortujący","Carrinho de triagem","Сортировочная тележка","Sıralama arabası","分拣推车","分類推車"
cntSortingCartShoppingCartBlue,,,,,,"Sorting Cart","","Sortierwagen","Carrito de clasificación","Chariot de tri","Carrello di smistamento","仕分けカート","분류 카트","Wózek sortujący","Carrinho de triagem","Сортировочная тележка","Sıralama arabası","分拣推车","分類推車"
cntSortingCartShoppingCartGrey,,,,,,"Sorting Cart","","Sortierwagen","Carrito de clasificación","Chariot de tri","Carrello di smistamento","仕分けカート","분류 카트","Wózek sortujący","Carrinho de triagem","Сортировочная тележка","Sıralama arabası","分拣推车","分類推車"
cntSortingCartLaundryCart,,,,,,"Sorting Cart","","Sortierwagen","Carrito de clasificación","Chariot de tri","Carrello di smistamento","仕分けカート","분류 카트","Wózek sortujący","Carrinho de triagem","Сортировочная тележка","Sıralama arabası","分拣推车","分類推車"
cntSortingCartFull,,,,,,"Sorting Cart","","Sortierwagen","Carrito de clasificación","Chariot de tri","Carrello di smistamento","仕分けカート","분류 카트","Wózek sortujący","Carrinho de triagem","Сортировочная тележка","Sıralama arabası","分拣推车","分類推車"
cntSortingCartUtilityCartFull,,,,,,"Sorting Cart","","Sortierwagen","Carrito de clasificación","Chariot de tri","Carrello di smistamento","仕分けカート","분류 카트","Wózek sortujący","Carrinho de triagem","Сортировочная тележка","Sıralama arabası","分拣推车","分類推車"
cntSortingCartUtilityCartBrownFull,,,,,,"Sorting Cart","","Sortierwagen","Carrito de clasificación","Chariot de tri","Carrello di smistamento","仕分けカート","분류 카트","Wózek sortujący","Carrinho de triagem","Сортировочная тележка","Sıralama arabası","分拣推车","分類推車"
cntSortingCartUtilityCartRedFull,,,,,,"Sorting Cart","","Sortierwagen","Carrito de clasificación","Chariot de tri","Carrello di smistamento","仕分けカート","분류 카트","Wózek sortujący","Carrinho de triagem","Сортировочная тележка","Sıralama arabası","分拣推车","分類推車"
cntSortingCartUtilityCartYellowFull,,,,,,"Sorting Cart","","Sortierwagen","Carrito de clasificación","Chariot de tri","Carrello di smistamento","仕分けカート","분류 카트","Wózek sortujący","Carrinho de triagem","Сортировочная тележка","Sıralama arabası","分拣推车","分類推車"
cntSortingCartUtilityCartGreenFull,,,,,,"Sorting Cart","","Sortierwagen","Carrito de clasificación","Chariot de tri","Carrello di smistamento","仕分けカート","분류 카트","Wózek sortujący","Carrinho de triagem","Сортировочная тележка","Sıralama arabası","分拣推车","分類推車"
cntSortingCartUtilityCartBlueFull,,,,,,"Sorting Cart","","Sortierwagen","Carrito de clasificación","Chariot de tri","Carrello di smistamento","仕分けカート","분류 카트","Wózek sortujący","Carrinho de triagem","Сортировочная тележка","Sıralama arabası","分拣推车","分類推車"
cntSortingCartUtilityCartGreyFull,,,,,,"Sorting Cart","","Sortierwagen","Carrito de clasificación","Chariot de tri","Carrello di smistamento","仕分けカート","분류 카트","Wózek sortujący","Carrinho de triagem","Сортировочная тележка","Sıralama arabası","分拣推车","分類推車"
cntSortingCartUtilityCartBlackFull,,,,,,"Sorting Cart","","Sortierwagen","Carrito de clasificación","Chariot de tri","Carrello di smistamento","仕分けカート","분류 카트","Wózek sortujący","Carrinho de triagem","Сортировочная тележка","Sıralama arabası","分拣推车","分類推車"
cntSortingCartShoppingCartFull,,,,,,"Sorting Cart","","Sortierwagen","Carrito de clasificación","Chariot de tri","Carrello di smistamento","仕分けカート","분류 카트","Wózek sortujący","Carrinho de triagem","Сортировочная тележка","Sıralama arabası","分拣推车","分類推車"
cntSortingCartShoppingCartRedFull,,,,,,"Sorting Cart","","Sortierwagen","Carrito de clasificación","Chariot de tri","Carrello di smistamento","仕分けカート","분류 카트","Wózek sortujący","Carrinho de triagem","Сортировочная тележка","Sıralama arabası","分拣推车","分類推車"
cntSortingCartShoppingCartOrangeFull,,,,,,"Sorting Cart","","Sortierwagen","Carrito de clasificación","Chariot de tri","Carrello di smistamento","仕分けカート","분류 카트","Wózek sortujący","Carrinho de triagem","Сортировочная тележка","Sıralama arabası","分拣推车","分類推車"
cntSortingCartShoppingCartYellowFull,,,,,,"Sorting Cart","","Sortierwagen","Carrito de clasificación","Chariot de tri","Carrello di smistamento","仕分けカート","분류 카트","Wózek sortujący","Carrinho de triagem","Сортировочная тележка","Sıralama arabası","分拣推车","分類推車"
cntSortingCartShoppingCartGreenFull,,,,,,"Sorting Cart","","Sortierwagen","Carrito de clasificación","Chariot de tri","Carrello di smistamento","仕分けカート","분류 카트","Wózek sortujący","Carrinho de triagem","Сортировочная тележка","Sıralama arabası","分拣推车","分類推車"
cntSortingCartShoppingCartBlueFull,,,,,,"Sorting Cart","","Sortierwagen","Carrito de clasificación","Chariot de tri","Carrello di smistamento","仕分けカート","분류 카트","Wózek sortujący","Carrinho de triagem","Сортировочная тележка","Sıralama arabası","分拣推车","分類推車"
cntSortingCartShoppingCartGreyFull,,,,,,"Sorting Cart","","Sortierwagen","Carrito de clasificación","Chariot de tri","Carrello di smistamento","仕分けカート","분류 카트","Wózek sortujący","Carrinho de triagem","Сортировочная тележка","Sıralama arabası","分拣推车","分類推車"
cntSortingCartLaundryCartFull,,,,,,"Sorting Cart","","Sortierwagen","Carrito de clasificación","Chariot de tri","Carrello di smistamento","仕分けカート","분류 카트","Wózek sortujący","Carrinho de triagem","Сортировочная тележка","Sıralama arabası","分拣推车","分類推車"
cntSortingCartVariantHelper,,,,,,"Sorting Cart","","Sortierwagen","Carrito de clasificación","Chariot de tri","Carrello di smistamento","仕分けカート","분류 카트","Wózek sortujący","Carrinho de triagem","Сортировочная тележка","Sıralama arabası","分拣推车","分類推車"
agfSortingCartNothingSorted,UI,Tooltip,,,,"Nothing sorted","","Nichts sortiert","Nada clasificado","Rien trié","Niente ordinato","仕分けなし","분류 없음","Nic nie posortowano","Nada classificado","Ничего не отсортировано","Hiçbir şey sıralanmadı","未分拣","未分類"
agfSortingCartSomeSorted,UI,Tooltip,,,,"Some sorted","","Teilweise sortiert","Algo clasificado","Partiellement trié","Qualcosa ordinato","一部仕分け","일부 분류","Częściowo posortowano","Algo classificado","Частично отсортировано","Bir kısmı sıralandı","部分分拣","部分分類"
agfSortingCartAllSorted,UI,Tooltip,,,,"All sorted","","Alles sortiert","Todo clasificado","Tout trié","Tutto ordinato","すべて仕分け","모두 분류","Wszystko posortowano","Tudo classificado","Всё отсортировано","Hepsi sıralandı","全部分拣","全部分類"
cntSortingCartGroupDesc,,,,,,"Close this cart to sort matching items into nearby player storage.\nIf the cart is outside a land claim, range matches land claim size from the cart.\nIf the cart is inside a land claim, range is that claim.\nBackpacks, vehicles, other sorting carts, and world loot are ignored.\nSorts into unlocked storage.\nIf the cart is locked, it can also sort into locked storage that shares the same password.\nBreak it to recover the Sorting Cart.","","Schließe diesen Wagen, um passende Gegenstände in nahegelegene Spielerlager zu sortieren.\nLiegt der Wagen außerhalb eines Gebietsschutzes, entspricht die Reichweite der Gebietsschutz-Größe ab dem Wagen.\nLiegt der Wagen in einem Gebietsschutz, ist die Reichweite dieses Gebietsschutzes.\nRucksäcke, Fahrzeuge, andere Sortierwagen und Weltbeute werden ignoriert.\nSortiert in unverschlossene Lager.\nWenn der Wagen verschlossen ist, sortiert er außerdem in verschlossene Lager mit demselben Passwort.\nZerstöre ihn, um den Sortierwagen zurückzuerhalten.","Cierra este carrito para clasificar objetos coincidentes en el almacenamiento de jugador cercano.\nSi el carrito está fuera de un reclamo de territorio, el alcance coincide con el tamaño del reclamo desde el carrito.\nSi el carrito está dentro de un reclamo de territorio, el alcance es ese reclamo.\nSe ignoran las mochilas, los vehículos, otros carritos de clasificación y el botín del mundo.\nClasifica en almacenamiento desbloqueado.\nSi el carrito está bloqueado, también puede clasificar en almacenamiento bloqueado que comparta la misma contraseña.\nRómpelo para recuperar el Carrito de clasificación.","Fermez ce chariot pour trier les objets correspondants vers le stockage de joueur à proximité.\nHors d'une revendication de terrain, la portée correspond à la taille de revendication à partir du chariot.\nDans une revendication de terrain, la portée est cette revendication.\nLes sacs à dos, les véhicules, les autres chariots de tri et le butin du monde sont ignorés.\nTrie dans le stockage déverrouillé.\nSi le chariot est verrouillé, il peut aussi trier dans le stockage verrouillé qui partage le même mot de passe.\nCassez-le pour récupérer le Chariot de tri.","Chiudi questo carrello per smistare gli oggetti corrispondenti nei depositi del giocatore vicini.\nFuori da un territorio rivendicato, la portata corrisponde alle dimensioni della rivendicazione dal carrello.\nDentro un territorio rivendicato, la portata è quella rivendicazione.\nZaini, veicoli, altri carrelli di smistamento e il bottino del mondo vengono ignorati.\nSmista nei depositi sbloccati.\nSe il carrello è bloccato, può anche smistare nei depositi bloccati che condividono la stessa password.\nRompilo per recuperare il Carrello di smistamento.","このカートを閉じると、一致するアイテムを近くのプレイヤー保管庫に仕分けます。\n土地主張の外では、範囲はカートからの土地主張サイズになります。\n土地主張の中では、範囲はその土地主張です。\nバックパック、車両、他の仕分けカート、ワールドのルートは無視されます。\n施錠されていない保管庫に仕分けます。\nカートが施錠されている場合、同じパスワードの施錠された保管庫にも仕分けできます。\n壊すと仕分けカートが戻ります。","이 카트를 닫으면 일치하는 아이템을 근처 플레이어 보관함에 분류합니다.\n토지 소유권 밖이면 범위는 카트 기준 토지 소유권 크기입니다.\n토지 소유권 안이면 범위는 그 토지 소유권입니다.\n배낭, 차량, 다른 분류 카트, 월드 루트는 무시됩니다.\n잠기지 않은 보관함에 분류합니다.\n카트가 잠겨 있으면 같은 비밀번호의 잠긴 보관함에도 분류할 수 있습니다.\n부수면 분류 카트가 돌아옵니다.","Zamknij ten wózek, aby posortować pasujące przedmioty do pobliskich schowków gracza.\nPoza prawem własności do ziemi zasięg odpowiada jego rozmiarowi od wózka.\nWewnątrz prawa własności do ziemi zasięg to ten obszar.\nPlecaki, pojazdy, inne wózki sortujące i łup świata są ignorowane.\nSortuje do odblokowanych schowków.\nJeśli wózek jest zablokowany, może też sortować do zablokowanych schowków z tym samym hasłem.\nZniszcz go, aby odzyskać Wózek sortujący.","Feche este carrinho para fazer a triagem de itens correspondentes no armazenamento de jogador próximo.\nFora de uma reivindicação de terra, o alcance segue o tamanho da reivindicação a partir do carrinho.\nDentro de uma reivindicação de terra, o alcance é essa reivindicação.\nMochilas, veículos, outros carrinhos de triagem e o saque do mundo são ignorados.\nFaz a triagem em armazenamento destrancado.\nSe o carrinho estiver trancado, também pode fazer a triagem em armazenamento trancado que compartilhe a mesma senha.\nQuebre-o para recuperar o Carrinho de triagem.","Закройте эту тележку, чтобы сортировать совпадающие предметы в ближайшие хранилища игрока.\nВне притязания на землю дальность равна размеру притязания от тележки.\nВнутри притязания на землю дальность равна этому притязанию.\nРюкзаки, транспорт, другие сортировочные тележки и мировой лут игнорируются.\nСортирует в отпертые хранилища.\nЕсли тележка заперта, она также может сортировать в запертые хранилища с тем же паролем.\nРазрушьте её, чтобы вернуть Сортировочную тележку.","Eşleşen eşyaları yakındaki oyuncu depolamasına sıralamak için bu arabayı kapatın.\nAlana el koyma dışındaysa menzil, arabadan alana el koyma boyutudur.\nAlana el koyma içindeyse menzil o alandır.\nSırt çantaları, araçlar, diğer sıralama arabaları ve dünya ganimeti yok sayılır.\nKilidi açık depolamaya sıralar.\nAraba kilitliyse, aynı şifreyi paylaşan kilitli depolamaya da sıralayabilir.\nSıralama arabasını geri almak için kırın.","关闭此推车，将相同物品分拣到附近的玩家储存中。\n若不在土地征用内，范围以推车为中心、等同土地征用大小。\n若在土地征用内，范围就是该土地征用。\n背包、载具、其他分拣推车以及世界掉落会被忽略。\n会分拣到未锁定的储存。\n若推车已锁定，也可分拣到使用相同密码的已锁定储存。\n破坏后可收回分拣推车。","關閉此推車，將相同物品分類到附近的玩家儲存中。\n若不在領地內，範圍以推車為中心、等同領地大小。\n若在領地內，範圍就是該領地。\n背包、車輛、其他分類推車以及世界掉落會被忽略。\n會分類到未鎖定的儲存。\n若推車已鎖定，也可分類到使用相同密碼的已鎖定儲存。\n破壞後可收回分類推車。"
