<AGFVanillaPlus-RebundleBundles>


	<!--Bundle Icon Color, for differentiation-->
		<append xpath="/items/item[@name='resourceRockSmallBundle']"> 
			<property name="CustomIconTint" value="930CF8"/>
		</append>
		<append xpath="/items/item[@name='resourceLockPickBundle']"> 
			<property name="CustomIconTint" value="930CF8"/>
		</append>
		<append xpath="/items/item[@name='ammoBundleMaster']"> 
			<property name="CustomIconTint" value="930CF8"/>
		</append>

			

</AGFVanillaPlus-RebundleBundles>