<AGF-SurvivableImmersiveStorms>

	<!--Normally I advise against using large removes, but in "overhaul" type situations, I recommend it.-->
	<remove xpath="/buffs/buff[@name='buffBurnt_Storm']"/>
	<remove xpath="/buffs/buff[@name='buffDesert_Storm']"/>
	<remove xpath="/buffs/buff[@name='buffSnow_Storm']"/>
	<remove xpath="/buffs/buff[@name='buffWasteland_Storm']"/>

<!--This damn thing functions now.... as I didnt know I had this "other mod with the same name" preventing any changes from within here... so a couple hours of work trashed DAMMIT!-->

	<append xpath="/buffs">	
		<buff name="buffLearnerAGF" name_key="buffLearnerAGFName" description_key="buffLearnerAGFDesc" tooltip_key="buffLearnerAGFTooltip" icon="ui_game_symbol_skills" icon_color="0,255,0" icon_blink="true">
			<stack_type value="replace"/>
			<duration value="20"/>
			<display_value_format value="time"/>
			<display_value value="duration"/>
			<update_rate value="1"/>

			<effect_group><!--Ensures you are actually in a storm-->
				<requirements compare_type="or">
					<requirement name="HasBuff" buff="buffForest_Storm"/>
					<requirement name="HasBuff" buff="buffBurnt_Storm"/>
					<requirement name="HasBuff" buff="buffDesert_Storm"/>
					<requirement name="HasBuff" buff="buffSnow_Storm"/>
					<requirement name="HasBuff" buff="buffWasteland_Storm"/>
				</requirements>	
				
				<passive_effect name="PlayerExpGain" operation="perc_add" value=".1"/>
			</effect_group>		
			
			<effect_group><!--Removes buff if you leave storm-->
					<requirement name="!HasBuff" buff="buffForest_Storm"/>
					<requirement name="!HasBuff" buff="buffBurnt_Storm"/>
					<requirement name="!HasBuff" buff="buffDesert_Storm"/>
					<requirement name="!HasBuff" buff="buffSnow_Storm"/>
					<requirement name="!HasBuff" buff="buffWasteland_Storm"/>
			
				<triggered_effect trigger="onSelfBuffUpdate" action="RemoveBuff" buff="buffLearnerAGF"/>
			</effect_group>			
			
		</buff>	
	</append>
	
	<append xpath="/buffs">	
		<!--Forest Storm, negative effect potential is Lightning Strike, aka shocked.-->
		<buff name="buffForest_Storm" name_key="buffForest_StormName" description_key="buffForest_StormDesc" icon="ui_game_symbol_storm" icon_color="150,100,50" icon_blink="true">
			<damage_type value="weather"/>
			<update_rate value="1"/>
			<display_value value=".StormTimerDisplay"/>
			<display_value_format value="time"/>

			<effect_group><!-- Grace Period before negative effect chances start increasing. No Badge for this biome.-->
				<triggered_effect trigger="onSelfBuffStart" action="ModifyCVar" cvar=".StormTimerGrace" operation="set" value="30"/>
			</effect_group>

			<effect_group><!-- Grace Timer Countdown and Display-->
				<requirement name="CVarCompare" cvar=".StormTimerGrace" operation="GT" value="0"/>
				<triggered_effect trigger="onSelfBuffUpdate" action="ModifyCVar" cvar=".StormTimerGrace" operation="subtract" value="1"/>
				<triggered_effect trigger="onSelfBuffUpdate" action="ModifyCVar" cvar=".StormTimerDisplay" operation="set" value="@.StormTimerGrace"/>
			</effect_group>		

			<effect_group>
				<requirement name="!HasBuff" buff="god"/>
				<requirement name="CVarCompare" cvar=".StormTimerGrace" operation="LTE" value="0"/><!--Requirement: Grace Timer is over-->
				<requirement name="RandomRoll" seed_type="Random" min_max="1,100" operation="LTE" value="1"/>			
					<triggered_effect trigger="onSelfBuffUpdate" action="AddBuff" buff="buffTwitchShocked"/>	
					<triggered_effect trigger="onSelfBuffUpdate" action="PlaySound" sound="twitch_weather_thunder"/>				
					<triggered_effect trigger="onSelfBuffUpdate" action="AddBuff" buff="buffLearnerAGF"/>			
			</effect_group>

			<effect_group><!-- Remove CVars -->
				<triggered_effect trigger="onSelfBuffRemove" action="RemoveCVar" cvar=".StormTimerGrace,.StormTimerDisplay"/>
				<passive_effect name="Mobility" operation="base_add" value="-.05"/>		
			</effect_group>
		</buff>
	</append>

	<append xpath="/buffs">

		<!--Burnt Biome-->
		<buff name="buffBurnt_Storm" name_key="buffBurnt_StormName" description_key="buffBurnt_StormDesc" icon="ui_game_symbol_storm" icon_color="150,100,50" icon_blink="true">
			<damage_type value="weather"/>
			<update_rate value="1"/>
			<display_value value=".StormTimerDisplay"/>
			<display_value_format value="time"/>

			<effect_group><!-- Without Badge -->
				<requirement name="CVarCompare" cvar="$BiomeBadgeLevel" operation="LT" value="1"/>
					<triggered_effect trigger="onSelfBuffStart" action="ModifyCVar" cvar=".StormTimerGrace" operation="set" value="10"/>
					<triggered_effect trigger="onSelfBuffStart" action="ModifyScreenEffect" intensity="1" fade="10" effect_name="StormBurnt">
						<requirement name="!HasBuff" buff="god"/>
					</triggered_effect>
					<triggered_effect trigger="onSelfBuffRemove" action="ModifyScreenEffect" intensity="0" fade="10" effect_name="StormBurnt"/>
					<triggered_effect trigger="onSelfLeaveGame" action="RemoveBuff" buff="buffBurnt_Storm"/>
			</effect_group>
			
			<effect_group><!-- With Badge -->
				<requirement name="CVarCompare" cvar="$BiomeBadgeLevel" operation="GTE" value="1"/>
					<triggered_effect trigger="onSelfBuffStart" action="ModifyCVar" cvar=".StormTimerGrace" operation="set" value="30"/>
					<triggered_effect trigger="onSelfBuffStart" action="ModifyScreenEffect" intensity="1" fade="10" effect_name="StormBurnt">
						<requirement name="!HasBuff" buff="god"/>
					</triggered_effect>
					<triggered_effect trigger="onSelfBuffRemove" action="ModifyScreenEffect" intensity="0" fade="10" effect_name="StormBurnt"/>
					<triggered_effect trigger="onSelfLeaveGame" action="RemoveBuff" buff="buffBurnt_Storm"/>
			</effect_group>
			
			<effect_group><!--Smoothie Effect-->
				<requirement name="HasBuff" buff="buffBurntSmoothieRun"/>		
				<triggered_effect trigger="onSelfBuffStart" action="ModifyCVar" cvar=".SmoothieTimer" operation="set" value="60"/>				
				<triggered_effect trigger="onSelfBuffUpdate" action="ModifyCVar" cvar=".SmoothieTimer" operation="subtract" value="1">
					<requirement name="CVarCompare" cvar=".SmoothieTimer" operation="GT" value="0"/>
				</triggered_effect>		
			</effect_group>
			
			<effect_group><!--End of smoothie benefit-->
				<requirement name="CVarCompare" cvar=".SmoothieTimer" operation="LTE" value="0"/>
				<requirement name="HasBuff" buff="buffBurntSmoothieRun"/>		

				<triggered_effect trigger="onSelfBuffUpdate" action="ModifyCVar" cvar=".StormTimerGrace" operation="set" value="10"/>				
				<triggered_effect trigger="onSelfBuffUpdate" action="ModifyCVar" cvar=".SmoothieTimer" operation="set" value="60"/>
			</effect_group>			
			
			<effect_group><!-- Grace Time -->
				<requirement name="CVarCompare" cvar=".StormTimerGrace" operation="GT" value="0"/>
				<triggered_effect trigger="onSelfBuffUpdate" action="ModifyCVar" cvar=".StormTimerGrace" operation="subtract" value="1"/>
				<triggered_effect trigger="onSelfBuffUpdate" action="ModifyCVar" cvar=".StormTimerDisplay" operation="set" value="@.StormTimerGrace"/>
			</effect_group>

			<effect_group><!--Negative effect-->
				<requirement name="!HasBuff" buff="god"/>
				<requirement name="CVarCompare" cvar=".StormTimerGrace" operation="LTE" value="0"/>
				<requirement name="RandomRoll" seed_type="Random" min_max="1,100" operation="LTE" value="3"/>			
					<triggered_effect trigger="onSelfBuffUpdate" action="AddBuff" buff="buffTwitchBurn"/>				
					<triggered_effect trigger="onSelfBuffUpdate" action="AddBuff" buff="buffLearnerAGF"/>					
			</effect_group>

			<effect_group><!-- Remove CVars -->
				<triggered_effect trigger="onSelfBuffRemove" action="RemoveCVar" cvar=".StormTimerGrace,.StormTimerDisplay,.SmoothieTimer"/>
				<passive_effect name="Mobility" operation="base_add" value="-.05"/>
			</effect_group>
		</buff>

		<!--Desert Storm-->
		<buff name="buffDesert_Storm" name_key="buffDesert_StormName" description_key="buffDesert_StormDesc" icon="ui_game_symbol_storm" icon_color="200,200,100" icon_blink="true">
			<damage_type value="weather"/>
			<update_rate value="1"/>
			<display_value value=".StormTimerDisplay"/>
			<display_value_format value="time"/>

			<effect_group><!-- Start/stop -->
				<triggered_effect trigger="onSelfBuffStart" action="ModifyCVar" cvar=".StormTimerGrace" operation="set" value="10"/>
				<triggered_effect trigger="onSelfBuffStart" action="ModifyScreenEffect" intensity="1" fade="10" effect_name="StormDesert">
					<requirement name="!HasBuff" buff="god"/>
				</triggered_effect>
				<triggered_effect trigger="onSelfBuffRemove" action="ModifyScreenEffect" intensity="0" fade="10" effect_name="StormDesert"/>
				<triggered_effect trigger="onSelfLeaveGame" action="RemoveBuff" buff="buffDesert_Storm"/>
			</effect_group>

			<effect_group><!-- Start/stop -->
				<requirement name="CVarCompare" cvar="$BiomeBadgeLevel" operation="GTE" value="2"/>
					<triggered_effect trigger="onSelfBuffStart" action="ModifyCVar" cvar=".StormTimerGrace" operation="set" value="30"/>
					<triggered_effect trigger="onSelfBuffStart" action="ModifyScreenEffect" intensity="1" fade="10" effect_name="StormDesert">
						<requirement name="!HasBuff" buff="god"/>
					</triggered_effect>
					<triggered_effect trigger="onSelfBuffRemove" action="ModifyScreenEffect" intensity="0" fade="10" effect_name="StormDesert"/>
					<triggered_effect trigger="onSelfLeaveGame" action="RemoveBuff" buff="buffDesert_Storm"/>
			</effect_group>
			
			<effect_group><!-- Grace Time -->
				<requirement name="CVarCompare" cvar=".StormTimerGrace" operation="GT" value="0"/>
				<triggered_effect trigger="onSelfBuffUpdate" action="ModifyCVar" cvar=".StormTimerGrace" operation="subtract" value="1"/>
				<triggered_effect trigger="onSelfBuffUpdate" action="ModifyCVar" cvar=".StormTimerDisplay" operation="set" value="@.StormTimerGrace"/>
			</effect_group>
			
			<effect_group><!--Smoothie Effect-->
				<requirement name="HasBuff" buff="buffOasisSmoothieRun"/>		
				<triggered_effect trigger="onSelfBuffStart" action="ModifyCVar" cvar=".SmoothieTimer" operation="set" value="60"/>				
				<triggered_effect trigger="onSelfBuffUpdate" action="ModifyCVar" cvar=".SmoothieTimer" operation="subtract" value="1">
					<requirement name="CVarCompare" cvar=".SmoothieTimer" operation="GT" value="0"/>
				</triggered_effect>		
			</effect_group>
			
			<effect_group><!--End of smoothie benefit-->
				<requirement name="CVarCompare" cvar=".SmoothieTimer" operation="LTE" value="0"/>
				<requirement name="HasBuff" buff="buffOasisSmoothieRun"/>		

				<triggered_effect trigger="onSelfBuffUpdate" action="ModifyCVar" cvar=".StormTimerGrace" operation="set" value="10"/>				
				<triggered_effect trigger="onSelfBuffUpdate" action="ModifyCVar" cvar=".SmoothieTimer" operation="set" value="60"/>
			</effect_group>	

			<effect_group><!--Negative effect 1-->
				<requirement name="!HasBuff" buff="god"/>
				<requirement name="CVarCompare" cvar=".StormTimerGrace" operation="LTE" value="0"/>
				<requirement name="RandomRoll" seed_type="Random" min_max="1,100" operation="LTE" value="5"/>	
					<triggered_effect trigger="onSelfBuffUpdate" action="AddBuff" buff="triggerAbrasion"/>	
					<triggered_effect trigger="onSelfBuffUpdate" action="PlaySound" sound="player#painsm"/>	

			</effect_group>

			<effect_group><!--Negative effect 2-->
				<requirement name="!HasBuff" buff="god"/>
				<requirement name="CVarCompare" cvar=".StormTimerGrace" operation="LTE" value="0"/>
				<requirement name="RandomRoll" seed_type="Random" min_max="1,100" operation="LTE" value="3"/>	
					<triggered_effect trigger="onSelfBuffUpdate" action="ModifyStats" stat="Water" operation="add" value="-20"/>				
					<triggered_effect trigger="onSelfBuffUpdate" action="AddBuff" buff="buffLearnerAGF"/>			
					<triggered_effect trigger="onSelfBuffUpdate" action="PlaySound" sound="player#smoke"/>
			</effect_group>

			<effect_group><!-- Remove CVars -->
				<triggered_effect trigger="onSelfBuffRemove" action="RemoveCVar" cvar=".StormTimerGrace,.StormTimerDisplay,.SmoothieTimer"/>
				<passive_effect name="Mobility" operation="base_add" value="-.1"/>
			</effect_group>
		</buff>

		<!--Snow Biome-->
		<buff name="buffSnow_Storm" name_key="buffSnow_StormName" description_key="buffSnow_StormDesc" icon="ui_game_symbol_storm" icon_color="179,255,255" icon_blink="true">
			<damage_type value="weather"/>
			<update_rate value="1"/>
			<display_value value=".StormTimerDisplay"/>
			<display_value_format value="time"/>

			<effect_group><!-- Start/stop -->
				<triggered_effect trigger="onSelfBuffStart" action="ModifyCVar" cvar=".StormTimerGrace" operation="set" value="10"/> <!--Storm Lasts 210 seconds-->
				<triggered_effect trigger="onSelfBuffStart" action="ModifyScreenEffect" intensity="5" fade="10" effect_name="StormSnow">
					<requirement name="!HasBuff" buff="god"/>
				</triggered_effect>
				<triggered_effect trigger="onSelfBuffRemove" action="ModifyScreenEffect" intensity="0" fade="10" effect_name="StormSnow"/>
				<triggered_effect trigger="onSelfLeaveGame" action="RemoveBuff" buff="buffSnow_Storm"/>
			</effect_group>

			<effect_group><!-- Start/stop -->
				<requirement name="CVarCompare" cvar="$BiomeBadgeLevel" operation="GTE" value="3"/>
					<triggered_effect trigger="onSelfBuffStart" action="ModifyCVar" cvar=".StormTimerGrace" operation="set" value="30"/> <!--Storm Lasts 210 seconds-->
					<triggered_effect trigger="onSelfBuffStart" action="ModifyScreenEffect" intensity="5" fade="10" effect_name="StormSnow">
						<requirement name="!HasBuff" buff="god"/>
					</triggered_effect>
					<triggered_effect trigger="onSelfBuffRemove" action="ModifyScreenEffect" intensity="0" fade="10" effect_name="StormSnow"/>
					<triggered_effect trigger="onSelfLeaveGame" action="RemoveBuff" buff="buffSnow_Storm"/>
			</effect_group>

			<effect_group><!-- Grace Time -->
				<requirement name="CVarCompare" cvar=".StormTimerGrace" operation="GT" value="0"/>
				<triggered_effect trigger="onSelfBuffUpdate" action="ModifyCVar" cvar=".StormTimerGrace" operation="subtract" value="1"/>
				<triggered_effect trigger="onSelfBuffUpdate" action="ModifyCVar" cvar=".StormTimerDisplay" operation="set" value="@.StormTimerGrace"/>
			</effect_group>
			
			<effect_group><!--Smoothie Effect-->
				<requirement name="HasBuff" buff="buffFrostbiteSmoothieRun"/>		
				<triggered_effect trigger="onSelfBuffStart" action="ModifyCVar" cvar=".SmoothieTimer" operation="set" value="60"/>				
				<triggered_effect trigger="onSelfBuffUpdate" action="ModifyCVar" cvar=".SmoothieTimer" operation="subtract" value="1">
					<requirement name="CVarCompare" cvar=".SmoothieTimer" operation="GT" value="0"/>
				</triggered_effect>		
			</effect_group>
			
			<effect_group><!--End of smoothie benefit-->
				<requirement name="CVarCompare" cvar=".SmoothieTimer" operation="LTE" value="0"/>
				<requirement name="HasBuff" buff="buffFrostbiteSmoothieRun"/>		

				<triggered_effect trigger="onSelfBuffUpdate" action="ModifyCVar" cvar=".StormTimerGrace" operation="set" value="10"/>				
				<triggered_effect trigger="onSelfBuffUpdate" action="ModifyCVar" cvar=".SmoothieTimer" operation="set" value="60"/>
			</effect_group>				

			<effect_group><!--Not in a vehicle-->
				<requirement name="!HasBuff" buff="god"/>
				<requirement name="CVarCompare" cvar=".StormTimerGrace" operation="LTE" value="0"/>
				<requirement name="RandomRoll" seed_type="Random" min_max="1,100" operation="LTE" value="2"/>	
				<requirement name="!IsAttachedToEntity" />
					<triggered_effect trigger="onSelfBuffUpdate" action="AddBuff" buff="buffInjuryKnockdown02"/>				
					<triggered_effect trigger="onSelfBuffUpdate" action="AddBuff" buff="buffLearnerAGF"/>					
					<triggered_effect trigger="onSelfBuffUpdate" action="AddBuff" buff="buffInjuryConcussion"/>	
					<triggered_effect trigger="onSelfBuffUpdate" action="ModifyStats" stat="Health" operation="add" value="-20"/>		
			</effect_group>
			
			<effect_group><!-- In a vehicle-->
				<requirement name="!HasBuff" buff="god"/>
				<requirement name="CVarCompare" cvar=".StormTimerGrace" operation="LTE" value="0"/>
				<requirement name="RandomRoll" seed_type="Random" min_max="1,100" operation="LTE" value="2"/>	
				<requirement name="IsAttachedToEntity" />
					<triggered_effect trigger="onSelfBuffUpdate" action="AddBuff" buff="buffInjuryStunned01"/>					
					<triggered_effect trigger="onSelfBuffUpdate" action="AddBuff" buff="buffLearnerAGF"/>				
					<triggered_effect trigger="onSelfBuffUpdate" action="AddBuff" buff="buffInjuryConcussion"/>	
					<triggered_effect trigger="onSelfBuffUpdate" action="ModifyStats" stat="Health" operation="add" value="-20"/>		
			</effect_group>

			<effect_group><!-- Remove CVars -->
				<triggered_effect trigger="onSelfBuffRemove" action="RemoveCVar" cvar=".StormTimerGrace,.StormTimerDisplay,.SmoothieTimer"/>
				<passive_effect name="Mobility" operation="base_add" value="-.1"/>
			</effect_group>
		</buff>

		<!--Buffs for the wasteland stuff-->
		<buff name="triggerBleedingAGF" name_key="trigger" icon="ui_game_symbol_quest">
			<duration value=".1"/>

			<effect_group>
				<passive_effect name="BuffResistance" operation="base_subtract" value="5" tags="buffInjuryBleedingTwoAGF"/>
				<triggered_effect trigger="onSelfBuffStart" action="AddBuff" buff="buffInjuryBleedingTwoAGF"/>
			</effect_group>
		</buff>

		<buff name="buffInjuryBleedingTwoAGF" name_key="buffInjuryBleedingTwo" icon="ui_game_symbol_critical" icon_color="255,255,0" icon_blink="true" hidden="true">
			<damage_type value="bloodloss"/>
			<duration value=".1"/>

			<effect_group>
				<triggered_effect trigger="onSelfBuffStart" action="RemoveCVar" cvar="bleedCounter">
					<!-- check for leftover counters without buff -->
					<requirement name="!HasBuff" buff="buffInjuryBleeding"/>
				</triggered_effect>

				<!-- Limit the amount of bleeding stacks that enemies can put on. -->
				<triggered_effect trigger="onSelfBuffStart" action="ModifyCVar" cvar="bleedCounter" operation="add" value="1">
					<requirement name="CVarCompare" cvar="bleedCounter" operation="LT" value="2"/>
				</triggered_effect>
				<triggered_effect trigger="onSelfBuffStart" action="ModifyCVar" cvar="bleedCounter" operation="add" value="1">
					<requirement name="CVarCompare" cvar="bleedCounter" operation="LT" value="2"/>
				</triggered_effect>

				<triggered_effect trigger="onSelfBuffStart" action="AddBuff" buff="buffInjuryBleedingAGF">
					<!-- They can still extend/refresh the buff. -->
					<requirement name="CVarCompare" cvar="bleedCounter" operation="GT" value="0"/>
				</triggered_effect>
			</effect_group>

			<effect_group>
				<triggered_effect trigger="onSelfBuffStart" action="AddBuff" buff="buffInjuryBleedingParticle"/>
			</effect_group>
			
			<effect_group>
				<triggered_effect trigger="onSelfBuffStart" action="AddBuff" buff="buffInjuryBleedingCooldown"/>
			</effect_group>
		</buff>
		
		<buff name="buffInjuryBleedingAGF" name_key="buffInjuryBleedingName" description_key="buffInjuryBleedingDesc" tooltip_key="buffInjuryBleedingTooltip" icon="ui_game_symbol_critical" icon_color="255,0,0" icon_blink="true">
			<damage_type value="bloodloss"/>
			<damage_source value="Internal"/>
			<stack_type value="replace"/>
			<duration value="0"/>
			<display_value value="$bleedDuration"/>
			<display_value_format value="time"/>

			<effect_group>
				<triggered_effect trigger="onSelfBuffStart" action="ModifyCVar" cvar="$bleedDuration" operation="set" value="2"/>
				<triggered_effect trigger="onSelfBuffStack" action="ModifyCVar" cvar="$bleedDuration" operation="set" value="2"/>
				<triggered_effect trigger="onSelfBuffUpdate" action="ModifyCVar" cvar="$bleedDuration" operation="add" value="-1"/>
				<triggered_effect trigger="onSelfBuffStart" action="AddBuff" buff="buffLacerationBleedingStatus"/>

				<triggered_effect trigger="onSelfBuffUpdate" action="RemoveBuff" buff="buffInjuryBleedingAGF">
					<requirement name="CVarCompare" cvar="$bleedDuration" operation="LTE" value="0"/>
				</triggered_effect>
				<triggered_effect trigger="onSelfBuffUpdate" action="RemoveBuff" buff="buffInjuryBleedingAGF">
					<requirement name="CVarCompare" cvar="bleedCounter" operation="Equals" value="0"/>
				</triggered_effect>

				<triggered_effect trigger="onSelfBuffStart" action="ModifyCVar" cvar="$bleedAmount" operation="set" value="@bleedCounter"/>
				<triggered_effect trigger="onSelfBuffStart" action="ModifyCVar" cvar="$bleedAmount" operation="divide" value="2">
					<requirement name="ProgressionLevel" progression_name="perkGreatHeistAdrenalineFall" operation="Equals" value="1"/>
					<requirement name="CVarCompare" cvar="CharismaticNatureLevel" operation="GTE" value="3"/>
				</triggered_effect>

				<triggered_effect trigger="onSelfBuffUpdate" action="ModifyCVar" cvar="$bleedAmount" operation="set" value="@bleedCounter"/>
				<triggered_effect trigger="onSelfBuffUpdate" action="ModifyCVar" cvar="$bleedAmount" operation="divide" value="2">
					<requirement name="CVarCompare" cvar="CharismaticNatureLevel" operation="GTE" value="3"/>
				</triggered_effect>

				<passive_effect name="HealthChangeOT" operation="base_subtract" value="@$bleedAmount"/>

				<passive_effect name="RunSpeed" operation="perc_add" value="@$bleedSlowdown"/>

				<triggered_effect trigger="onSelfBuffRemove" action="RemoveCVar" cvar="bleedCounter,$bleedAmount,$bleedSlowdown,$bleedDuration"/>

				<triggered_effect trigger="onSelfBuffStart" action="PlaySound" sound="buff_bleeding" play_in_head="true"/>
				<triggered_effect trigger="onSelfBuffRemove" action="StopSound" sound="buff_bleeding" play_in_head="true"/>
				<triggered_effect trigger="onSelfLeaveGame" action="StopSound" sound="buff_bleeding" play_in_head="true"/>
				<triggered_effect trigger="onSelfEnteredGame" action="PlaySound" sound="buff_bleeding" play_in_head="true"/>

				<triggered_effect trigger="onSelfBuffStart" action="ModifyScreenEffect" effect_name="Blur" intensity=".6" fade="0.5"/>
				<triggered_effect trigger="onSelfBuffRemove" action="ModifyScreenEffect" effect_name="Blur" intensity="0" fade="1"/>
				<triggered_effect trigger="onSelfDied" action="ModifyScreenEffect" effect_name="Infected" intensity="0" fade="0"/>
				<triggered_effect trigger="onSelfDied" action="RemoveBuff" buff="buffInjuryBleedingAGF"/>
			</effect_group>

			<effect_group>
				<triggered_effect trigger="onSelfBuffStart" action="AddBuff" buff="buffInjuryBleedingParticle"/>
			</effect_group>
		</buff>

		<buff name="buffPuking01AGF" name_key="buffPuking01Name" icon="ui_game_symbol_skull" icon_color="255,0,0" >
			<damage_type value="Disease"/>
			<stack_type value="ignore"/>
			<duration value="4"/>
			<update_rate value="2"/>

			<effect_group>
				
				<triggered_effect trigger="onSelfBuffStart" action="ModifyStats" stat="water" operation="add" value="-20"/>
				<triggered_effect trigger="onSelfBuffStart" action="ModifyStats" stat="Food" operation="add" value="-20"/>
				<passive_effect name="WalkSpeed" operation="perc_add" duration="0,4" value="-.9,-.7"/>
				<passive_effect name="RunSpeed" operation="perc_add" duration="0,4" value="-.9,-.7"/>
				<passive_effect name="CrouchSpeed" operation="perc_add" duration="0,4" value="-.9,-.7"/>

				<triggered_effect trigger="onSelfBuffStart" action="RemoveCVar" cvar="$foodAmountAdd"/>

				<triggered_effect trigger="onSelfBuffStart" action="ModifyScreenEffect" intensity="0.4" fade=".8" effect_name="Drunk"/>
				<triggered_effect trigger="onSelfBuffUpdate" action="ModifyScreenEffect" intensity="0" fade=".8" effect_name="Drunk"/>
				<triggered_effect trigger="onSelfBuffRemove" action="ModifyScreenEffect" intensity="0" effect_name="Drunk"/>

				<triggered_effect trigger="onSelfBuffStart" action="PlaySound" sound="player#vomit" play_in_head="true"/>
			</effect_group>
		</buff>

		<!--Wasteland Storm-->
		<buff name="buffWasteland_Storm" name_key="buffWasteland_StormName" description_key="buffWasteland_StormDesc" icon="ui_game_symbol_storm" icon_color="100,255,100" icon_blink="true">
			<damage_type value="weather"/>
			<update_rate value="1"/>
			<display_value value=".StormTimerDisplay"/>
			<display_value_format value="time"/>

			<effect_group><!-- Start/stop -->
				<triggered_effect trigger="onSelfBuffStart" action="ModifyCVar" cvar=".StormTimerGrace" operation="set" value="10"/>
				<triggered_effect trigger="onSelfBuffStart" action="ModifyScreenEffect" intensity="1" fade="10" effect_name="StormWasteland">
					<requirement name="!HasBuff" buff="god"/>
				</triggered_effect>
				<triggered_effect trigger="onSelfBuffRemove" action="ModifyScreenEffect" intensity="0" fade="10" effect_name="StormWasteland"/>
				<triggered_effect trigger="onSelfLeaveGame" action="RemoveBuff" buff="buffWasteland_Storm"/>
			</effect_group>

			<effect_group><!-- Start/stop -->
				<requirement name="CVarCompare" cvar="$BiomeBadgeLevel" operation="GTE" value="4"/>
					<triggered_effect trigger="onSelfBuffStart" action="ModifyCVar" cvar=".StormTimerGrace" operation="set" value="30"/>
					<triggered_effect trigger="onSelfBuffStart" action="ModifyScreenEffect" intensity="1" fade="10" effect_name="StormWasteland">
						<requirement name="!HasBuff" buff="god"/>
					</triggered_effect>
					<triggered_effect trigger="onSelfBuffRemove" action="ModifyScreenEffect" intensity="0" fade="10" effect_name="StormWasteland"/>
					<triggered_effect trigger="onSelfLeaveGame" action="RemoveBuff" buff="buffWasteland_Storm"/>
			</effect_group>

			<effect_group><!-- Grace Time -->
				<requirement name="CVarCompare" cvar=".StormTimerGrace" operation="GT" value="0"/>
				<triggered_effect trigger="onSelfBuffUpdate" action="ModifyCVar" cvar=".StormTimerGrace" operation="subtract" value="1"/>
				<triggered_effect trigger="onSelfBuffUpdate" action="ModifyCVar" cvar=".StormTimerDisplay" operation="set" value="@.StormTimerGrace"/>
			</effect_group>
			
			<effect_group><!--Smoothie Effect-->
				<requirement name="HasBuff" buff="buffAtomicSmoothieRun"/>		
				<triggered_effect trigger="onSelfBuffStart" action="ModifyCVar" cvar=".SmoothieTimer" operation="set" value="60"/>				
				<triggered_effect trigger="onSelfBuffUpdate" action="ModifyCVar" cvar=".SmoothieTimer" operation="subtract" value="1">
					<requirement name="CVarCompare" cvar=".SmoothieTimer" operation="GT" value="0"/>
				</triggered_effect>		
			</effect_group>
			
			<effect_group><!--End of smoothie benefit-->
				<requirement name="CVarCompare" cvar=".SmoothieTimer" operation="LTE" value="0"/>
				<requirement name="HasBuff" buff="buffAtomicSmoothieRun"/>		

				<triggered_effect trigger="onSelfBuffUpdate" action="ModifyCVar" cvar=".StormTimerGrace" operation="set" value="10"/>				
				<triggered_effect trigger="onSelfBuffUpdate" action="ModifyCVar" cvar=".SmoothieTimer" operation="set" value="60"/>
			</effect_group>			

			<effect_group>
				<requirement name="!HasBuff" buff="god"/>
				<requirement name="CVarCompare" cvar=".StormTimerGrace" operation="LTE" value="0"/>
				<requirement name="RandomRoll" seed_type="Random" min_max="1,100" operation="LTE" value="2"/>			
					<triggered_effect trigger="onSelfBuffUpdate" action="AddBuff" buff="buffFatigued"/>		
			</effect_group>

			<effect_group>
				<requirement name="!HasBuff" buff="god"/>
				<requirement name="CVarCompare" cvar=".StormTimerGrace" operation="LTE" value="0"/>
				<requirement name="RandomRoll" seed_type="Random" min_max="1,100" operation="LTE" value="5"/>		
					<triggered_effect trigger="onSelfBuffUpdate" action="AddBuff" buff="triggerBleedingAGF"/>
			</effect_group>

			<effect_group>
				<requirement name="!HasBuff" buff="god"/>
				<requirement name="CVarCompare" cvar=".StormTimerGrace" operation="LTE" value="0"/>
				<requirement name="RandomRoll" seed_type="Random" min_max="1,100" operation="LTE" value="3"/>		
					<triggered_effect trigger="onSelfBuffUpdate" action="AddBuff" buff="buffPuking01AGF"/>				
					<triggered_effect trigger="onSelfBuffUpdate" action="AddBuff" buff="buffLearnerAGF"/>						
			</effect_group>	
			
			<effect_group><!-- Remove CVars -->
				<triggered_effect trigger="onSelfBuffRemove" action="RemoveCVar" cvar=".StormTimerGrace,.StormTimerDisplay,.SmoothieTimer"/>
				<passive_effect name="Mobility" operation="base_add" value="-.1"/>
			</effect_group>
		</buff>


	</append>



</AGF-SurvivableImmersiveStorms>