<AGFVanillaPlus-MasterTool>


<!--Master Tool Schematic-->
		<!--Has a 10% chance to be found ONLY in the Tier 6 (infested quests) loot box.-->
		<insertafter xpath="/lootcontainers/lootgroup[@name='groupHardenedChestT5_08']">
			<lootgroup name="groupAGFMasterToolInfested">
				<item name="noteAGFMasterTool" count="1"/>
				<item name="meleeMasterToolSchematic" count="1" prob=".10"/>
			</lootgroup>				
		</insertafter>

		<append xpath="/lootcontainers/lootgroup[@name='groupInfestedT5']">
			<item group="groupAGFMasterToolInfested" count="1"/> 
		</append>	
	
	
		
</AGFVanillaPlus-MasterTool>