<AGFVanillaPlus-MasterTool>

<append xpath="/blocks">

	<block name="cntMasterToolSchematic">
		<property name="Class" value="SecureLoot"/>
		<property name="LootList" value="cntMasterToolSchematicLoot"/>
		<property name="LockPickItem" value="resourceLockPick"/>
		<property name="LockPickTime" value="30"/>
		<property name="LockPickBreakChance" value="0.9"/>
		<property name="ItemTypeIcon" value="lock"/>
		<property name="Material" value="Msteel"/>
		<property name="Shape" value="ModelEntity"/>
		<property name="Model" value="@:Entities/LootContainers/tier3LootChestPrefab.prefab"/>
		<property name="WaterFlow" value="permitted"/>
		<property name="Place" value="TowardsPlacerInverted"/>
		<property name="Path" value="solid"/>
		<property name="EconomicValue" value="156"/>
		<property name="MaxDamage" value="10000"/>
		<property class="RepairItems">
			<property name="resourceForgedIron" value="6"/>
		</property>
		<drop event="Harvest" name="resourceScrapIron" count="50,100" tag="allHarvest"/>
		<drop event="Destroy" count="0"/>
		<drop event="Fall" name="scrapMetalPile" count="1" prob="0.75" stick_chance="1"/>
		<property name="DowngradeBlock" value="cntMasterToolSchematicInsecure"/>
		<property name="SortOrder1" value="B104"/>
		<property name="SortOrder2" value="0003"/>
		<property name="Tags" value="timecharge,lockedSafe"/>
		<property name="FilterTags" value="MC_building,SC_loot,MC_helpers,SC_treasureRoom"/>
	
	</block>
	
	<block name="cntMasterToolSchematicInsecure">
		<property name="Extends" value="cntMasterToolSchematic" param1="DowngradeBlock"/>
		<property name="CreativeMode" value="None"/>
		<property name="Class" value="Loot"/>
		<property name="CustomIcon" value="cntLootChestHero"/>
		<property name="CustomIconTint" value="FFFF00"/>
		<drop event="Destroy" name="resourceScrapIron" count="0"/>
		<property name="SortOrder2" value="0004"/>
	</block>

</append>

</AGFVanillaPlus-MasterTool>