<AGFVanillaPlus-MasterTool>


<append xpath="/quests">
	<quest id="treasure_MasterTool">
		<property name="name_key" value="treasure_taylor" param1="name"/>
		<property name="subtitle_key" value="treasure_taylor" param1="name"/>
		<property name="description_key" value="treasure_taylor_offer" param1="offer"/>
		<property name="icon" value="ui_game_symbol_map"/>
		<property name="repeatable" value="true"/>
		<property name="category_key" value="treasure"/>
		<property name="offer_key" value="treasure_taylor_offer" param1="offer"/>
		<property name="add_to_tier_complete" value="false"/>
		<property name="shareable" value="false"/>				
		<variable name="biome_filter_type" value="OnlyBiome"/>
		<variable name="biome_filter" value="wasteland"/>	
		
		<objective type="TreasureChest" >			
			<property name="block" value="cntMasterToolSchematic"/>
			<property name="alt_block" value="cntMasterToolSchematicInsecure"/>
			<property name="distance" value="100-5000"/>
			<property name="nav_object" value="treasure"/>			
			<property name="direct_nav_object" value="treasure_direct"/>
			<property name="blocks_per_reduction" value="3"/>
			<property name="radius_reduction_sound" value="ui_radius_shrink"/>
			<property name="explosion_event" value="quest_treasure_explosion_horde"/>						
			<property name="default_radius" value="50"/>		
		</objective>		
		
		<event type="TreasureRadiusReduction">
			<action type="SpawnGSEnemy">
				<property name="gamestage_list" value="SleeperGSList"/>
				<property name="count" value="10" param1="spawn_count"/>
			</action>
		</event>

		<action type="SpawnGSEnemy">
			<property name="phase" value="4"/>
			<property name="gamestage_list" value="SleeperGSList"/>
			<property name="count" value="30" param1="finish_spawn_count"/>
		</action>

		<reward type="Exp" value="1000"/>

	</quest>

</append>




</AGFVanillaPlus-MasterTool>