<AGFVanillaPlus-ArmorVisionPlus>

	
<!--Armor Nightvision Mod Crafting Recipe-->
		<append xpath="/recipes">
			<recipe name="modArmorHelmetNightvision" count="1" craft_area="workbench" tags="workbenchCrafting">
				<ingredient name="apparelNightvisionGoggles" count="1"/>
			</recipe>
		</append>
		
<!--To be able to bundle the mod-->		
		<append xpath="/recipes">
			<recipe name="modArmorHelmetNightvisionBundle" count="1" craft_time="0" craft_exp_gain="0">
				<ingredient name="modArmorHelmetNightvision" count="1"/>
			</recipe>
		</append>
		

</AGFVanillaPlus-ArmorVisionPlus>


