<AGFVanillaPlus-CosmeticMods>



<!--Cosmetic Mod Recipes-->
		<append xpath="/recipes">
			<recipe name="modGhillieSuitHood" count="1" craft_exp_gain="0">
				<ingredient name="apparelGhillieSuitHood" count="1"/>
			</recipe>
			<recipe name="modHazmatMask" count="1" craft_exp_gain="0">
				<ingredient name="apparelHazmatMask" count="1"/>
			</recipe>
			<recipe name="modHazmatGloves" count="1" craft_exp_gain="0">
				<ingredient name="apparelHazmatGloves" count="1"/>
			</recipe>
			<recipe name="modHazmatBoots" count="1" craft_exp_gain="0">
				<ingredient name="apparelHazmatBoots" count="1"/>
			</recipe>
			<recipe name="modSuitDressShoes" count="1" craft_exp_gain="0">
				<ingredient name="apparelSuitDressShoes" count="1"/>
			</recipe>
			<recipe name="modWornBoots" count="1" craft_exp_gain="0">
				<ingredient name="apparelWornBoots" count="1"/>
			</recipe>
			<recipe name="modRunningShoesRegular" count="1" craft_exp_gain="0">
				<ingredient name="apparelRunningShoesRegular" count="1"/>
			</recipe>
			<recipe name="modCowboyBoots" count="1" craft_exp_gain="0">
				<ingredient name="apparelCowboyBoots" count="1"/>
			</recipe>
			<recipe name="modGothBoots" count="1" craft_exp_gain="0">
				<ingredient name="apparelGothBoots" count="1"/>
			</recipe>
			<recipe name="modArmorSkullCap" count="1" craft_exp_gain="0">
				<ingredient name="apparelSkullCap" count="1"/>
			</recipe>
			<recipe name="modArmorPressboyCap" count="1" craft_exp_gain="0">
				<ingredient name="apparelPressboyCap" count="1"/>
			</recipe>
			<recipe name="modArmorCowboyHat" count="1" craft_exp_gain="0">
				<ingredient name="apparelCowboyHat" count="1"/>
			</recipe>
			<recipe name="modArmorBallCap" count="1" craft_exp_gain="0">
				<ingredient name="apparelBallCap" count="1"/>
			</recipe>	
			<recipe name="modFacialPiercings" count="1" craft_exp_gain="0">
				<ingredient name="apparelFacialPiercings" count="1"/>
			</recipe>	
			<recipe name="modCigar" count="1" craft_exp_gain="0">
				<ingredient name="apparelCigar" count="1"/>
			</recipe>
			<recipe name="modBandana" count="1" craft_exp_gain="0">
				<ingredient name="apparelBandana" count="1"/>
			</recipe>	
		</append>
	

	
	
<!--Facial Piercings Return-->				
		<append xpath="/recipes">			
			<recipe name="apparelFacialPiercings" count="1"  craft_area="workbench">
				<ingredient name="resourceScrapIron" count="5"/>
				<ingredient name="resourceGlue" count="1"/>
			</recipe>
		</append>


<!--To Bundle mods-->
	<append xpath="/recipes"><recipe name="modGhillieSuitHoodBundle" count="1" craft_time="0" craft_exp_gain="0"><ingredient name="modGhillieSuitHood" count="1"/></recipe></append>
	<append xpath="/recipes"><recipe name="modHazmatMaskBundle" count="1" craft_time="0" craft_exp_gain="0"><ingredient name="modHazmatMask" count="1"/></recipe></append>
	<append xpath="/recipes"><recipe name="modHazmatGlovesBundle" count="1" craft_time="0" craft_exp_gain="0"><ingredient name="modHazmatGloves" count="1"/></recipe></append>
	<append xpath="/recipes"><recipe name="modHazmatBootsBundle" count="1" craft_time="0" craft_exp_gain="0"><ingredient name="modHazmatBoots" count="1"/></recipe></append>
	<append xpath="/recipes"><recipe name="modSuitDressShoesBundle" count="1" craft_time="0" craft_exp_gain="0"><ingredient name="modSuitDressShoes" count="1"/></recipe></append>
	<append xpath="/recipes"><recipe name="modWornBootsBundle" count="1" craft_time="0" craft_exp_gain="0"><ingredient name="modWornBoots" count="1"/></recipe></append>
	<append xpath="/recipes"><recipe name="modRunningShoesRegularBundle" count="1" craft_time="0" craft_exp_gain="0"><ingredient name="modRunningShoesRegular" count="1"/></recipe></append>
	<append xpath="/recipes"><recipe name="modCowboyBootsBundle" count="1" craft_time="0" craft_exp_gain="0"><ingredient name="modCowboyBoots" count="1"/></recipe></append>
	<append xpath="/recipes"><recipe name="modGothBootsBundle" count="1" craft_time="0" craft_exp_gain="0"><ingredient name="modGothBoots" count="1"/></recipe></append>
	<append xpath="/recipes"><recipe name="modBandanaBundle" count="1" craft_time="0" craft_exp_gain="0"><ingredient name="modBandana" count="1"/></recipe></append>
	<append xpath="/recipes"><recipe name="modFacialPiercingsBundle" count="1" craft_time="0" craft_exp_gain="0"><ingredient name="modFacialPiercings" count="1"/></recipe></append>
	<append xpath="/recipes"><recipe name="modCigarBundle" count="1" craft_time="0" craft_exp_gain="0"><ingredient name="modCigar" count="1"/></recipe></append>
		


	
</AGFVanillaPlus-CosmeticMods>


