<AGFMoreZombies>

<remove xpath="/spawning/biome"/> <!--I try to avoid removing anything, but this case seemed good.-->

<append xpath="/spawning">

<!--tags, aka Districts:
wilderness
commercial
downtown
industrial
residential
countrytown
countryresidential
rural
oldwest
gateway
-->


	<biome name="pine_forest">
		<!--General areas, including wilderness-->
		<spawn maxcount="1" respawndelay="2.9" time="Day" entitygroup="ZombiesAll" notags="commercial,industrial,downtown" />
		<spawn maxcount="1" respawndelay="3.3" time="Night" entitygroup="ZombiesNight" notags="commercial,industrial,downtown" />

		<!--raised difficulty in commercial/industrial areas that are NOT included in downtown-->
		<spawn maxcount="2" respawndelay="0.3" time="Day" entitygroup="ZombiesAll" tags="commercial,industrial" notags="downtown" />
		<spawn maxcount="3" respawndelay="0.15" time="Night" entitygroup="ZombiesNight" tags="commercial,industrial" notags="downtown" />

		<!--Downtown areas are the most difficult-->
		<spawn maxcount="3" respawndelay="0.3" time="Day" entitygroup="ZombiesForestDowntown" tags="downtown" />
		<spawn maxcount="3" respawndelay="0.1" time="Night" entitygroup="ZombiesForestDowntownNight" tags="downtown" />

		<!--wildlife in any districts-->
		<spawn maxcount="3" respawndelay="1" time="Any" entitygroup="WildGameForest" spawnDeadChance="0" /> <!--default: 1 every 1 hour-->
		<spawn maxcount="1" respawndelay="1.1" time="Night" entitygroup="EnemyAnimalsForest" spawnDeadChance="0" />
	</biome>

	<biome name="burnt_forest">
		<spawn maxcount="1" respawndelay="2.8" time="Day" entitygroup="ZombiesBurntForest" />
		<spawn maxcount="1" respawndelay="3.2" time="Night" entitygroup="ZombiesNight" />

		<spawn maxcount="3" respawndelay="0.25" time="Day" entitygroup="ZombiesAll" tags="commercial,industrial" notags="downtown" />
		<spawn maxcount="4" respawndelay="0.15" time="Night" entitygroup="ZombiesNight" tags="commercial,industrial" notags="downtown" />

		<spawn maxcount="3" respawndelay="0.15" time="Day" entitygroup="ZombiesDowntown" tags="downtown" />
		<spawn maxcount="4" respawndelay="0.1" time="Night" entitygroup="ZombiesDowntown" tags="downtown" />

		<spawn maxcount="2" respawndelay="1" time="Any" entitygroup="WildGameForest" spawnDeadChance="0" /><!--default: 1 every 1 hour-->
		<spawn maxcount="1" respawndelay="1.1" time="Night" entitygroup="EnemyAnimalsBurntForest" spawnDeadChance="0" />
	</biome>

	<biome name="desert">
		<spawn maxcount="1" respawndelay="2.7" time="Any" entitygroup="ZombiesAll" notags="commercial,industrial,downtown" />
		<spawn maxcount="2" respawndelay="2.1" time="Night" entitygroup="ZombiesNight" notags="commercial,industrial,downtown" /><!--default: 1 -->
		
		<spawn maxcount="3" respawndelay="0.2" time="Day" entitygroup="ZombiesAll" tags="commercial,industrial" notags="downtown" />
		<spawn maxcount="3" respawndelay="0.1" time="Night" entitygroup="ZombiesNight" tags="commercial,industrial" notags="downtown" />

		<spawn maxcount="3" respawndelay="0.2" time="Day" entitygroup="ZombiesDowntown" tags="downtown" />
		<spawn maxcount="4" respawndelay="0.09" time="Night" entitygroup="ZombiesDowntown" tags="downtown" />
		
		<spawn maxcount="2" respawndelay="1" time="Any" entitygroup="WildGameForest" spawnDeadChance="0" /><!--default: 1 every 1 hour-->
		<spawn maxcount="2" respawndelay="3.5" time="Any" entitygroup="EnemyAnimalsDesert" spawnDeadChance="0" /><!--default: 1 every 3.5 hours-->
	</biome>

	<biome name="snow">
		<spawn maxcount="2" respawndelay="2.6" time="Any" entitygroup="SnowZombies" notags="downtown" /><!--default: 1 -->
		<spawn maxcount="3" respawndelay="1.7" time="Night" entitygroup="ZombiesNight" notags="commercial,industrial,downtown" /><!--default: 1 -->

		<spawn maxcount="4" respawndelay="0.09" time="Day" entitygroup="ZombiesAll" tags="commercial,industrial" notags="downtown" />
		<spawn maxcount="4" respawndelay="0.06" time="Night" entitygroup="ZombiesNight" tags="commercial,industrial" notags="downtown" />

		<spawn maxcount="4" respawndelay="0.07" time="Day" entitygroup="ZombiesDowntown" tags="downtown" />
		<spawn maxcount="4" respawndelay="0.04" time="Night" entitygroup="ZombiesDowntown" tags="downtown" />

		<spawn maxcount="2" respawndelay="1" time="Any" entitygroup="WildGameForest" spawnDeadChance="0" /><!--default: 1 -->
		<spawn maxcount="2" respawndelay="3.1" time="Any" entitygroup="EnemyAnimalsSnow" spawnDeadChance="0" /><!--default: 1 every 3.1 hours-->
	</biome>

	<biome name="wasteland">
		<spawn maxcount="3" respawndelay="0.3" time="Day"	entitygroup="ZombiesWasteland" notags="commercial,industrial,downtown" /><!--default: 1 -->
		<spawn maxcount="5" respawndelay="0.001" time="Night" entitygroup="ZombiesWastelandNight" notags="commercial,industrial,downtown" /><!--default: 2 -->

		<spawn maxcount="5" respawndelay="0.033" time="Day" entitygroup="ZombiesWasteland" tags="commercial,industrial" notags="downtown" /><!--default: 4 -->
		<spawn maxcount="6" respawndelay="0.002" time="Night" entitygroup="ZombiesWastelandNight" tags="commercial,industrial" notags="downtown" /><!--default: 4 -->

		<spawn maxcount="6" respawndelay="0.0167" time="Day" entitygroup="ZombiesWastelandDowntown" tags="downtown" /><!--default: 4 -->
		<spawn maxcount="7" respawndelay="0.002" time="Night" entitygroup="ZombiesWastelandDowntown" tags="downtown" /><!--default: 4 -->

		<spawn maxcount="3" respawndelay="0.3" time="Any" entitygroup="EnemyAnimalsWasteland" spawnDeadChance="0" /><!--default: 1 every 0.3 hours-->
	</biome>

</append>




</AGFMoreZombies>