<AGFVanillaPlus-DewsPlus>


	<!--Did NOT change the original dew collector size.
		Created a new one to replace the existing one.
		This makes applying this mod to an existing save safe.-->
	<remove xpath="/blocks/block[@name='cntDewCollector']/property[@name='HeatMapStrength']"/>
	<remove xpath="/blocks/block[@name='cntDewCollector']/property[@name='HeatMapTime']"/>
	<remove xpath="/blocks/block[@name='cntDewCollector']/property[@name='HeatMapFrequency']"/>
		
		
		
	<append xpath="/blocks">
		<block name="cntDewCollectorAGF">
			<property name="Extends" value="cntDewCollector"/>	
			<property name="CustomIcon" value="cntDewCollector"/>		
			<property name="MultiBlockDim" value="2,3,2"/><!--Changes the size-->
		</block>
	</append>


	<!--The x5 version-->
	<append xpath="/blocks">
		<block name="cntDewCollectorAGFx5">	
			<property name="Extends" value="cntDewCollectorAGF"/>	
			<property name="CustomIcon" value="cntDewCollector"/>
			<property name="CustomIconTint" value="fc8403"/>
			<property name="TintColor" value="fc8403"/>		
			<property name="ConvertToItem" value="drinkJarRiverWaterx5"/>
			<property name="ModdedConvertToItem" value="drinkJarBoiledWaterx5"/>		
			<property name="EconomicValue" value="25"/><!--x5-->		
			<property name="NoScrapping" value="true"/><!--I added this.-->		
			<property name="MaxDamage" value="1000"/><!--x5-->
			<property class="RepairItems">
				<property name="resourceScrapPolymers" value="250"/><!--x5-->
			</property>
			<dropextendsoff/>
			<drop event="Destroy" name="cntDewCollectorAGFx5" count="1"/>
			<drop event="Fall" name="cntDewCollectorAGFx5" count="1" prob="0.9" stick_chance="1"/>		
			<property name="SortOrder1" value="B281"/>
			<property name="SortOrder2" value="0102"/>
		</block>
	</append>


	<!--The x5 version-->
	<append xpath="/blocks">
		<block name="cntDewCollectorAGFx25">	
			<property name="Extends" value="cntDewCollectorAGF"/>	
			<property name="CustomIcon" value="cntDewCollector"/>
			<property name="CustomIconTint" value="a502db"/>
			<property name="TintColor" value="a502db"/>		
			<property name="ConvertToItem" value="drinkJarRiverWaterx25"/>
			<property name="ModdedConvertToItem" value="drinkJarBoiledWaterx25"/>		
			<property name="EconomicValue" value="25"/><!--x5-->		
			<property name="NoScrapping" value="true"/><!--I added this.-->		
			<property name="MaxDamage" value="5000"/><!--x5-->
			<property class="RepairItems">
				<property name="resourceScrapPolymers" value="1250"/><!--x5-->
			</property>
			<dropextendsoff/>
			<drop event="Destroy" name="cntDewCollectorAGFx25" count="1"/>
			<drop event="Fall" name="cntDewCollectorAGFx25" count="1" prob="0.9" stick_chance="1"/>		
			<property name="SortOrder1" value="B281"/>
			<property name="SortOrder2" value="0103"/>
		</block>
	</append>


	<!--Makes older version destroyable into the new one!
		Removes existing harvesting potential as well.-->	
	<remove xpath="/blocks/block[@name='cntDewCollector']/drop"/>
	<append xpath="/blocks/block[@name='cntDewCollector']">
		<drop event="Destroy" name="cntDewCollectorAGF" count="1"/>
		<drop event="Fall" name="cntDewCollectorAGF" count="1" prob="0.9" stick_chance="1"/>
	</append>



</AGFVanillaPlus-DewsPlus>
