<AGFVanillaPlus-DewsPlus>

	<!--x5 waters-->
		<append xpath="/items">
			<item name="drinkJarRiverWaterx5">
				<property name="Extends" value="resourceRockSmallBundle"/>
				<property name="CustomIconTint" value="dbfc53"/>
				<property name="Stacknumber" value="500"/>
				<property name="CustomIcon" value="cntWaterCoolerBottle"/>
				<property name="DescriptionKey" value="drinkJarBoiledWaterDescx5"/>
				<property class="Action0">
					<property name="Create_item" value="drinkJarRiverWater"/>
					<property name="Create_item_count" value="5"/>
				</property>
			</item>
		</append>
		<append xpath="/items">
			<item name="drinkJarBoiledWaterx5">
				<property name="Extends" value="resourceRockSmallBundle"/>
				<property name="CustomIconTint" value="ddcdfa"/>
				<property name="Stacknumber" value="500"/>
				<property name="CustomIcon" value="cntWaterCoolerBottle"/>
				<property name="DescriptionKey" value="drinkJarBoiledWaterDescx5"/>
				<property class="Action0">
					<property name="Create_item" value="drinkJarBoiledWater"/>
					<property name="Create_item_count" value="5"/>
				</property>
			</item>
		</append>
	
	<!--x25 waters-->
		<append xpath="/items">
			<item name="drinkJarRiverWaterx25">
				<property name="Extends" value="resourceRockSmallBundle"/>
				<property name="CustomIconTint" value="dbfc53"/>
				<property name="Stacknumber" value="500"/>
				<property name="CustomIcon" value="cntBarrelPlasticSingle00"/>
				<property name="DescriptionKey" value="drinkJarBoiledWaterDescx5"/><!--can stay at x5 as description would be the same-->
				<property class="Action0">
					<property name="Create_item" value="drinkJarRiverWater"/>
					<property name="Create_item_count" value="25"/>
				</property>
			</item>
		</append>
		<append xpath="/items">
			<item name="drinkJarBoiledWaterx25">
				<property name="Extends" value="resourceRockSmallBundle"/>
				<property name="CustomIconTint" value="ddcdfa"/>
				<property name="Stacknumber" value="500"/>
				<property name="CustomIcon" value="cntBarrelPlasticSingle00"/>
				<property name="DescriptionKey" value="drinkJarBoiledWaterDescx5"/><!--can stay at x5 as description would be the same-->
				<property class="Action0">
					<property name="Create_item" value="drinkJarBoiledWater"/>
					<property name="Create_item_count" value="25"/>
				</property>
			</item>
		</append>
		

</AGFVanillaPlus-DewsPlus>