<AGFVanillaPlus-ArmorHarvestMods>


	<conditional>
		<if cond="mod_loaded('AGF-V2-HUDPlus-PurpleBook')">

			<append xpath="/windows/window[@name='Schematics']/rect[@name='tabs']/rect[@name='tabsContents']/rect[@name='craftinglistTab']/rect[@name='tabs']/rect[@name='tabsContents']/rect[@name='allChecklists']/grid[@name='checklistArmors']/entry[@name='modArmorHarvest']">
				<rect pos="0,-190">
					<sprite depth="1" name="backgroundSection" sprite="menu_empty3px" width="50" height="72" color="[darkGrey]" type="sliced" fillcenter="true"/>
					<sprite depth="2" name="backgroundBorderSection" sprite="menu_empty3px" foregroundlayer="true" pos="0,0" width="50" height="72" color="[black]" type="sliced" fillcenter="false"/>
					<sprite depth="2" name="backgroundBorder" sprite="menu_empty3px" pos="2,-2" width="21" height="16" color="[black]" type="sliced" fillcenter="false"/>
					<sprite depth="2" name="background" sprite="menu_empty3px" pos="3,-3" width="19" height="16" color="156, 136, 103" type="sliced" fillcenter="true"/>
					<label depth="3" name="checkunlock" pos="0,-3" width="25" height="16" justify="center" text="100" color="[black]" font_size="16"/>
					<filledsprite depth="1" name="yesUnlocked" color="0,180,0,180" pos="0,0" width="50" height="70" fillcenter="true" type="filled" fill="{cvar(craftingArmorCheck100)}"/>
				
					<sprite name="itemIcon" depth="3" pos="2,-21" size="21,21" foregroundlayer="true" atlas="ItemIconAtlas" sprite="plantedPumpkin1" color="147, 12, 248" tooltip_key="modArmorFarmer"/>
					<sprite name="itemIcon" depth="3" pos="25,-21" size="21,21" foregroundlayer="true" atlas="ItemIconAtlas" sprite="meleeToolAxeT2SteelAxe" color="147, 12, 248" tooltip_key="modArmorLumberjack"/>
					<sprite name="itemIcon" depth="3" pos="2,-43" size="21,21" foregroundlayer="true" atlas="ItemIconAtlas" sprite="meleeToolPickT2SteelPickaxe" color="147, 12, 248" tooltip_key="modArmorMiner"/>
					<sprite name="itemIcon" depth="3" pos="25,-43" size="21,21" foregroundlayer="true" atlas="ItemIconAtlas" sprite="meleeToolSalvageT2Ratchet" color="147, 12, 248" tooltip_key="modArmorScavenger"/>
				
					<sprite depth="8" name="itemtypeicon" pos="3,-21" width="10" height="10" sprite="ui_game_symbol_assemble" foregroundlayer="true" color=""/>
					<sprite depth="8" name="itemtypeicon" pos="26,-21" width="10" height="10" sprite="ui_game_symbol_assemble" foregroundlayer="true" color=""/>
					<sprite depth="8" name="itemtypeicon" pos="3,-43" width="10" height="10" sprite="ui_game_symbol_assemble" foregroundlayer="true" color=""/>
					<sprite depth="8" name="itemtypeicon" pos="26,-43" width="10" height="10" sprite="ui_game_symbol_assemble" foregroundlayer="true" color=""/>		
				</rect>
			</append>

			<!--Zoomed-->
			<append xpath="/windows/window[@name='Schematics']/rect[@name='tabs']/rect[@name='tabsContents']/rect[@name='craftinglistTab']/rect[@name='tabs']/rect[@name='tabsContents']/rect[@name='zoomedArmors']">		
				<grid depth="3" rows="6" cols="3" pos="1045,-340" cell_width="100" cell_height="100" repeat_content="false" arrangement="vertical">
					<entry name="QSection">
						<!--Background of Section-->
						<sprite depth="1" name="backgroundSection" sprite="menu_empty3px" width="110" height="140" color="[darkGrey]" type="sliced" fillcenter="true"/>
						<sprite depth="3" name="backgroundBorderSection" sprite="menu_empty3px" foregroundlayer="true" pos="0,0" width="110" height="140" color="[black]" type="sliced" fillcenter="false"/>
						<!--If completed-->
						<filledsprite depth="2" name="yesUnlocked" color="0,180,0,180" pos="0,0" width="110" height="140" fillcenter="true" type="filled" fill="{cvar(craftingArmorCheck100)}"/>
						<!--Q1-->
						<sprite depth="3" name="backgroundBorder" sprite="menu_empty3px" pos="0,0" width="50" height="30" color="[black]" type="sliced" fillcenter="false"/>
						<sprite depth="2" name="background" sprite="menu_empty3px" pos="0,0" width="50" height="30" color="156, 136, 103" type="sliced" fillcenter="true"/>
						<label depth="3" name="checkunlock" pos="0,-4" width="50" height="30" justify="center" text="100" color="[black]" font_size="26"/>
						<!--Icons-->
						<sprite name="itemIcon" depth="3" pos="3,-32" size="50,50" foregroundlayer="true" atlas="ItemIconAtlas" sprite="plantedPumpkin1" color="147, 12, 248" tooltip_key="modArmorFarmer"/>
						<sprite name="itemtypeicon" depth="8" pos="3,-32"  width="20" height="20" sprite="ui_game_symbol_assemble" foregroundlayer="true" color=""/>
					
						<sprite name="itemIcon" depth="3" pos="55,-32" size="50,50" foregroundlayer="true" atlas="ItemIconAtlas" sprite="meleeToolAxeT2SteelAxe" color="147, 12, 248" tooltip_key="modArmorLumberjack"/>
						<sprite name="itemtypeicon" depth="8" pos="55,-32"  width="20" height="20" sprite="ui_game_symbol_assemble" foregroundlayer="true" color=""/>
										
						<sprite name="itemIcon" depth="3" pos="3,-84" size="50,50" foregroundlayer="true" atlas="ItemIconAtlas" sprite="meleeToolPickT2SteelPickaxe" color="147, 12, 248" tooltip_key="modArmorMiner"/>
						<sprite name="itemtypeicon" depth="8" pos="3,-84"  width="20" height="20" sprite="ui_game_symbol_assemble" foregroundlayer="true" color=""/>
											
						<sprite name="itemIcon" depth="3" pos="55,-84" size="50,50" foregroundlayer="true" atlas="ItemIconAtlas" sprite="meleeToolSalvageT2Ratchet" color="147, 12, 248" tooltip_key="modArmorScavenger"/>
						<sprite name="itemtypeicon" depth="8" pos="54,-84"  width="20" height="20" sprite="ui_game_symbol_assemble" foregroundlayer="true" color=""/>
									
					</entry>
				</grid>		
			</append>						
		</if>
	</conditional>




</AGFVanillaPlus-ArmorHarvestMods>

