<AGFVanillaPlus-PurchaseVendingMachine>


<!--Trader Vending Machine with a price and trader stage requirement.-->
		<append xpath="/blocks/block[@name='cntVendingMachine2']"><!--Soda Machine-->
			<property name="EconomicValue" value="15000"/>
			<property name="TraderStageTemplate" value="agfTier"/>
		</append>	
		<append xpath="/blocks/block[@name='cntVendingMachineSnacksFull']">
			<property name="EconomicValue" value="15000"/>
			<property name="TraderStageTemplate" value="agfTier"/>
		</append>
		<append xpath="/blocks/block[@name='cntVendingMachineEnergy']">
			<property name="EconomicValue" value="15000"/>
			<property name="TraderStageTemplate" value="agfTier"/>
		</append>
		<append xpath="/blocks/block[@name='cntVendingMachineWater']">
			<property name="EconomicValue" value="15000"/>
			<property name="TraderStageTemplate" value="agfTier"/>
		</append>



</AGFVanillaPlus-PurchaseVendingMachine>
