<AGFVanillaPlus-ElectricityPlus>

	

	
<!--ELECTRICITY PLUS
	Feature: 	Simplification and enhancement on how electricity works in 7d2d.
				Power banks contain significant more amount of power.
				Generator banks has significantly larger gasoline tank.
				Engines, Batteries, and Solar cells are now stackable without quality tiers.
				Banks require engines / batteries / solar cells to craft them. (i.e. generator bank requires 3 engines to craft.)
				"Power Cores" or used as power sources within each bank.
				"Power Cores" are simple to make, and can be converted into "Chargeable Power Cores" for the battery bank.
	
	Default: 	Engines, batteries, and solar cells don't stack and take up a lot of space.
				Engines, batteries, and solar cells are stealable and worth stealing.
				Some servers find their engines, batteries, or solar cells disappearing.
	
	XML's: 		items, recipes, blocks, localization, progression
	
	Why: 		Less wires equals better server performance.
				Simplification for expansive electricity containing projects.
				Losing engines, batteries, or solar cells due to an existing glitch or pvp is prevented.
	
	Delete?: 	This creates new items, therefore it is not safe to delete.
				To remove, delete everything under the Power Cores, delete the recipes and progression sections.
	
	Code:		-->
	
			<!--Power Core items to be placed into generators... making losing/replacing them easy.-->
			<append xpath="/items">
				<item name="powerCore">
					<property name="CustomIcon" value="utilityInsulator"/> <property name="CustomIconTint" value="930CF8"/>
					<property name="HoldType" value="45"/>
					<property name="Tags" value="junk"/>
					<property name="Meshfile" value="@:Other/Items/Misc/sackPrefab.prefab"/>
					<property name="DropMeshfile" value="@:Other/Items/Misc/sack_droppedPrefab.prefab"/>
					<property name="Stacknumber" value="500"/>
					<property name="Material" value="MelectricParts"/> <property name="Weight" value="10"/>
					<property name="EconomicValue" value="5"/>
					<property name="Group" value="Resources"/>
					<property name="DegradationBreaksAfter" value="false"/>
					<property class="Attributes">
						<property name="DegradationMax" value="1000,6000"/> 

					</property>
				</item>
				<item name="powerCoreCharge">
					<property name="CustomIcon" value="utilityInsulator"/> <property name="CustomIconTint" value="315DCE"/>
					<property name="HoldType" value="45"/>
					<property name="Tags" value="junk"/>
					<property name="Meshfile" value="@:Other/Items/Misc/sackPrefab.prefab"/>
					<property name="DropMeshfile" value="@:Other/Items/Misc/sack_droppedPrefab.prefab"/>
					<property name="Stacknumber" value="1"/>
					<property name="Material" value="MelectricParts"/> <property name="Weight" value="10"/>
					<property name="EconomicValue" value="5"/>
					<property name="Group" value="Resources"/>
					<property name="DegradationBreaksAfter" value="false"/>
					<property name="ShowQuality" value="true"/>
					<property class="Attributes">
						<property name="DegradationMax" value="6000"/> 
						<property name="BatteryMaxLoadInVolts" value="36"/>
						<property name="BatteryDischargeTimeInMinutes" value="90"/>
					</property>									
					<effect_group tiered="false">
						<passive_effect name="ModSlots" operation="base_set" value="0"/>
						<passive_effect name="DegradationMax" operation="base_set" value="6000" />
					</effect_group>
				</item>
			</append>


			<!--car battery changes-->
			<set xpath="/items/item[@name='carBattery']/property[@name='ShowQuality']/@value">false</set>
			<set xpath="/items/item[@name='carBattery']/property[@name='Stacknumber']/@value">500</set>
			<remove xpath="/items/item[@name='carBattery']/property[@class='Attributes']/property[@name='BatteryMaxLoadInVolts']"/>
			<remove xpath="/items/item[@name='carBattery']/property[@class='Attributes']/property[@name='BatteryDischargeTimeInMinutes']"/>
			<remove xpath="/items/item[@name='carBattery']/effect_group"/>
			
	
			<!--Solar Cell Changes-->
			<set xpath="/items/item[@name='solarCell']/property[@name='ShowQuality']/@value">false</set>
			<set xpath="/items/item[@name='solarCell']/property[@name='Stacknumber']/@value">500</set>
			<set xpath="/items/item[@name='solarCell']/property[@name='EconomicValue']/@value">10000</set>
			<remove xpath="/items/item[@name='solarCell']/effect_group"/>
			
	
			<!--Quest Rewards of Generator bundles changes-->
			<set xpath="/items/item[@name='questRewardGeneratorBankBundle']/property[@class='Action0']/property[@name='Create_item']/@value">smallEngine,powerCore,ammoGasCan,meleeToolWireTool,electricianSkillMagazine</set>
			<set xpath="/items/item[@name='questRewardGeneratorBankBundle']/property[@class='Action0']/property[@name='Create_item_count']/@value">3,1,2000,1,3</set>
			
			<set xpath="/items/item[@name='questRewardBatteryBankBundle']/property[@class='Action0']/property[@name='Create_item']/@value">carBattery,powerCoreCharge,switch,electricwirerelay,generatorbank,pressureplate,ceilingLight01_player,meleeToolWireTool,electricianSkillMagazine</set>
			<set xpath="/items/item[@name='questRewardBatteryBankBundle']/property[@class='Action0']/property[@name='Create_item_count']/@value">3,1,2,10,1,5,10,1,3</set>
			
			<set xpath="/items/item[@name='questRewardSolarBankBundle']/property[@class='Action0']/property[@name='Create_item']/@value">solarCell,powerCore,electricwirerelay,meleeToolWireTool,electricianSkillMagazine</set>
			<set xpath="/items/item[@name='questRewardSolarBankBundle']/property[@class='Action0']/property[@name='Create_item_count']/@value">2,1,10,1,3</set>
			
		

</AGFVanillaPlus-ElectricityPlus>