<AGFVanillaPlus-VehicleDisassembly>


<!--Vehicle Disassembly-->
	
			<append xpath="/items">
					<item name="disavehicleBicyclePlaceable">
						<property name="DescriptionKey" value="disavehicledesc"/><!--<property name="CustomIcon" value="cntMunitionsBox"/>-->
						<property name="CustomIcon" value="vehicleBicyclePlaceable"/><property name="CustomIconTint" value="130, 85, 85"/>
						<property name="ItemTypeIcon" value="treasure"/>
						<property name="HoldType" value="45"/>
						<property name="Meshfile" value="@:Other/Items/Misc/sackPrefab.prefab"/>
						<property name="DropMeshfile" value="@:Other/Items/Misc/sack_droppedPrefab.prefab"/>
						<property name="Material" value="Mmetal"/>
						<property name="NoScrapping" value="true"/>
						<property name="Stacknumber" value="10"/>
						<property name="SellableToTrader" value="false"/>
						<property name="Weight" value="1"/>
						<property name="Group" value="Resources"/>
						<property name="CraftingIngredientTime" value="0.2"/>
						<property class="Action0">
							<property name="Class" value="OpenBundle"/>
							<property name="Delay" value="0"/>
							<property name="Use_time" value="0"/>
							<property name="Sound_start" value="close_garbage"/>
							<property name="Create_item" value="vehicleWheels,smallEngine,resourceAcid,vehicleBicycleChassis,vehicleBicycleHandlebars"/>
							<property name="Create_item_count" value="2,1,1,1,1"/>
						</property>
					</item>
					<item name="disavehicleMinibikePlaceable">
						<property name="Extends" value="disavehicleBicyclePlaceable"/>
						<property name="CustomIcon" value="vehicleMinibikePlaceable"/>			
						<property name="Material" value="Mmetal"/>
						<property class="Action0">
							<property name="Create_item" value="vehicleWheels,smallEngine,resourceAcid,vehicleMinibikeHandlebars,vehicleMinibikeChassis"/>
							<property name="Create_item_count" value="2,1,1,1,1"/>
						</property>
					</item>
					<item name="disavehicleMotorcyclePlaceable">
						<property name="Extends" value="disavehicleBicyclePlaceable"/>
						<property name="CustomIcon" value="vehicleMotorcyclePlaceable"/>		
						<property name="Material" value="Mmetal"/>
						<property class="Action0">
							<property name="Create_item" value="vehicleWheels,smallEngine,resourceAcid,vehicleMotorcycleHandlebars,vehicleMotorcycleChassis"/>
							<property name="Create_item_count" value="2,1,1,1,1"/>
						</property>
					</item>
					<item name="disavehicle4x4TruckPlaceable">
						<property name="Extends" value="disavehicleBicyclePlaceable"/>
						<property name="CustomIcon" value="vehicle4x4TruckPlaceable"/>		
						<property name="Material" value="Mmetal"/>
						<property class="Action0">
							<property name="Create_item" value="vehicleWheels,vehicle4x4TruckChassis,vehicle4x4TruckAccessories,smallEngine,resourceAcid"/>
							<property name="Create_item_count" value="4,1,1,1,1"/>
						</property>
					</item>
					<item name="disavehicleGyrocopterPlaceable">
						<property name="Extends" value="disavehicleBicyclePlaceable"/>
						<property name="CustomIcon" value="vehicleGyrocopterPlaceable"/>		
						<property name="Material" value="Mmetal"/>
						<property class="Action0">
							<property name="Create_item" value="vehicleWheels,smallEngine,resourceAcid,vehicleGyroCopterChassis,vehicleGyroCopterAccessories"/>
							<property name="Create_item_count" value="3,1,1,1,1"/>
						</property>
					</item>
			</append>



	

</AGFVanillaPlus-VehicleDisassembly>