<AGFVanillaPlus-MasterTool>


	<append xpath="/items">
		<item name="meleeToolPickT2SteelPickaxeMASTER">
			<property name="CustomIcon" value="meleeToolPickT2SteelPickaxe"/>
			<property name="Extends" value="meleeToolPickT2SteelPickaxe"/>
			<property name="UnlockedBy" value="craftingHarvestingTools"/>
			
			<effect_group name="meleeToolPickT2SteelPickaxeMASTER" tiered="false">
				<passive_effect name="AttacksPerMinute" operation="base_set" value="55" tags="perkMiner69r"/>
				<passive_effect name="StaminaLoss" operation="base_set" value="26.4" tags="primary"/>
				<passive_effect name="DegradationMax" operation="base_set" value="2000" tags="perkMiner69r"/>
				<passive_effect name="DegradationPerUse" operation="base_set" value="1" tags="perkMiner69r"/>
				<passive_effect name="MaxRange" operation="base_set" value="2.6" tags="perkMiner69r"/>
				<passive_effect name="BlockRange" operation="base_set" value="3.5" tags="perkMiner69r"/>
				<passive_effect name="ModSlots" operation="base_set" value="6" />
				<passive_effect name="ModPowerBonus" operation="perc_add" value=".10" tags="EntityDamage,BlockDamage"/>
				<passive_effect name="ModPowerBonus" operation="base_add" value="300" tags="EconomicValue"/>
				<passive_effect name="EntityDamage" operation="base_set" value="23.2" tags="perkMiner69r"/>
				<passive_effect name="EntityDamage" operation="perc_add" value=".04" tags="perkMiner69r"/> <!-- random EntityDmg -->
				<passive_effect name="EntityDamage" operation="perc_add" value=".5"  tags="perkMiner69r"/> <!-- tier bonus -->
				<passive_effect name="BlockDamage" operation="base_set" value="85" tags="perkMiner69r,miningTool"/>
				<passive_effect name="BlockDamage" operation="perc_add" value=".04" tags="perkMiner69r"/> <!-- random BlockDmg -->
				<passive_effect name="BlockDamage" operation="perc_add" value=".75"  tags="perkMiner69r"/> <!-- tier bonus -->
				<passive_effect name="PlayerExpGain" operation="perc_add" value="-.1" tags="Harvesting"/>
				<!-- <passive_effect name="DegradationMax" operation="perc_add" value="-.08,.08" tier="1,6" tags="perkMiner69r"/> --> <!-- random DegMax -->
				<!-- <passive_effect name="AttacksPerMinute" operation="perc_add" value="-.05,.05" tags="perkMiner69r"/> --> <!-- random APM -->
				<!-- <passive_effect name="StaminaLoss" operation="perc_add" value="-.05,.05"/> --> <!-- random StamLoss -->
				<passive_effect name="DamageModifier" operation="perc_add" value="-.8" tags="wood"/>
				<passive_effect name="DamageModifier" operation="perc_add" value="-.8" tags="earth"/>
				<passive_effect name="DamageModifier" operation="perc_add" value=".8" tags="stone"/>
				<passive_effect name="DamageModifier" operation="perc_add" value=".8" tags="terrGravel"/>
			</effect_group>
			<effect_group name="Power Attack" tiered="false">
				<passive_effect name="EntityDamage" operation="perc_add" value="1.25" tags="secondary"/>
				<passive_effect name="BlockDamage" operation="perc_add" value="1.25" tags="secondary"/>
				<!-- <passive_effect name="AttacksPerMinute" operation="perc_add" value="-.3" tags="secondary"/> -->
				<passive_effect name="StaminaLoss" operation="base_set" value="52.7" tags="secondary"/>
			</effect_group>
		
		
		
		</item>	
	</append>

		


</AGFVanillaPlus-MasterTool>
