<AGFVanillaPlus-StackableEngBattCells>

	

	<!--Batteries stack-->
		<remove xpath="/recipes/recipe[@name='carBattery']/ingredient[@name='resourceLegendaryParts']"/>
		<remove xpath="/recipes/recipe[@name='carBattery']/effect_group"/>
		<set xpath="/recipes/recipe[@name='carBattery']/ingredient[@name='resourceScrapLead']/@count">200</set>
		<set xpath="/recipes/recipe[@name='carBattery']/ingredient[@name='resourceAcid']/@count">3</set>
		<set xpath="/recipes/recipe[@name='carBattery']/ingredient[@name='resourceScrapPolymers']/@count">12</set>
		
		
		
	<!--Crafting of the Rechargeable Battery-->
		<append xpath="/recipes">
			<recipe name="carBatteryCharge">
				<ingredient name="carBattery" count="1"/>
			</recipe>		
		</append>
			


</AGFVanillaPlus-StackableEngBattCells>


