<AGFVanillaPlus-Tier6Crafting>


<append xpath="/progression/perks/perk[@name='perkDeadEye']/effect_group">
	<passive_effect name="CraftingTier" operation="base_add" level="4,5" value="1" tags="perkDeadEye"/>
</append>

<insertafter xpath="/progression/perks/perk[@name='perkDemolitionsExpert']/effect_group/passive_effect[@name='ReloadSpeedMultiplier']">
	<passive_effect name="CraftingTier" operation="base_add" level="4,5" value="1" tags="gunExplosivesT3RocketLauncher"/>
</insertafter>

<append xpath="/progression/perks/perk[@name='perkJavelinMaster']/effect_group">
	<passive_effect name="CraftingTier" operation="base_add" level="4,5" value="1" tags="perkJavelinMaster"/>
</append>

<append xpath="/progression/perks/perk[@name='perkSalvageOperations']/effect_group">
	<passive_effect name="CraftingTier" operation="base_add" level="4,5" value="1" tags="perkSalvageOperations"/>
</append>

<append xpath="/progression/perks/perk[@name='perkBoomstick']/effect_group">
	<passive_effect name="CraftingTier" operation="base_add" level="4,5" value="1" tags="perkBoomstick"/>
</append>

<append xpath="/progression/perks/perk[@name='perkPummelPete']/effect_group">
	<passive_effect name="CraftingTier" operation="base_add" level="4,5" value="1" tags="perkPummelPete"/>
</append>

<append xpath="/progression/perks/perk[@name='perkSkullCrusher']/effect_group">
	<passive_effect name="CraftingTier" operation="base_add" level="4,5" value="1" tags="perkSkullCrusher"/>
</append>

<append xpath="/progression/perks/perk[@name='perkHeavyArmor']/effect_group">
	<passive_effect name="CraftingTier" operation="base_add" level="4" value="1" tags="perkHeavyArmor"/>
	<passive_effect name="CraftingTier" operation="base_add" level="4" value="1" tags="perkLightArmor">
		<requirement name="ProgressionLevel" progression_name="perkLightArmor" operation="LT" value="4"/>
	</passive_effect>
</append>
<append xpath="/progression/perks/perk[@name='perkLightArmor']/effect_group">
	<passive_effect name="CraftingTier" operation="base_add" level="4" value="1" tags="perkHeavyArmor">
		<requirement name="ProgressionLevel" progression_name="perkHeavyArmor" operation="LT" value="4"/>
	</passive_effect>	
	<passive_effect name="CraftingTier" operation="base_add" level="4" value="1" tags="perkLightArmor"/>
</append>

<append xpath="/progression/perks/perk[@name='perkMiner69r']/effect_group">
	<passive_effect name="CraftingTier" operation="base_add" level="4,5" value="1" tags="perkMiner69r"/>
</append>

<append xpath="/progression/perks/perk[@name='perkBrawler']/effect_group">
	<passive_effect name="CraftingTier" operation="base_add" level="4,5" value="1" tags="perkBrawler"/>
</append>

<append xpath="/progression/perks/perk[@name='perkMachineGunner']/effect_group">
	<passive_effect name="CraftingTier" operation="base_add" level="4,5" value="1" tags="perkMachineGunner"/>
</append>

<append xpath="/progression/perks/perk[@name='perkArchery']/effect_group">
	<passive_effect name="CraftingTier" operation="base_add" level="4,5" value="1" tags="perkArchery"/>
</append>

<append xpath="/progression/perks/perk[@name='perkGunslinger']/effect_group">
	<passive_effect name="CraftingTier" operation="base_add" level="4,5" value="1" tags="perkGunslinger"/>
</append>

<append xpath="/progression/perks/perk[@name='perkDeepCuts']/effect_group">
	<passive_effect name="CraftingTier" operation="base_add" level="4,5" value="1" tags="perkDeepCuts"/>
</append>

<append xpath="/progression/perks/perk[@name='perkElectrocutioner']/effect_group">
	<passive_effect name="CraftingTier" operation="base_add" level="4,5" value="1" tags="perkElectrocutioner"/>
</append>

<append xpath="/progression/perks/perk[@name='perkAdvancedEngineering']/effect_group">
	<passive_effect name="CraftingTier" operation="base_add" level="4,5" value="1" tags="perkAdvancedEngineering"/>
</append>

<append xpath="/progression/perks/perk[@name='perkTurrets']/effect_group">
	<passive_effect name="CraftingTier" operation="base_add" level="4,5" value="1" tags="perkTurrets"/>
</append>



</AGFVanillaPlus-Tier6Crafting>

 