<AGFVanillaPlus-DecorationBlock>

	<append xpath="/materials">
		<material id="DecoMaterial">
			<property name="damage_category" value="cloth"/>
			<property name="surface_category" value="cloth"/>
			<property name="Hardness" type="float" value="1"/>
			<property name="stepsound" value="stone"/>
			<property name="stability_glue" value="50"/>
			<property name="Mass" type="int" value="10"/>
			<property name="MaxDamage" value="500"/>
			<property name="Experience" value="1"/>
			<property name="explosionresistance" value="2"/>
		</material>
		<material id="DecoMaterialSteel">
			<property name="damage_category" value="metal"/>
			<property name="surface_category" value="metal"/>
			<property name="Hardness" type="float" value="1"/>
			<property name="stepsound" value="metal"/>
			<property name="stability_glue" value="300"/>
			<property name="Mass" type="int" value="20"/>
			<property name="MaxDamage" value="5000"/>
			<property name="Experience" value="2"/>
			<property name="explosionresistance" value=".5"/>
		</material>
	</append>

</AGFVanillaPlus-DecorationBlock>