<AGFVanillaPlus-BundleMods> 

<append xpath="/items"><item name="modArmorAdvancedMuffledConnectorsBundle"><property name="CustomIcon" value="modArmorAdvancedMuffledConnectors"/><property name="CustomIconTint" value="930CF8"/><property name="ItemTypeIcon" value="bundle"/><property name="HoldType" value="45"/><property name="Meshfile" value="@:Other/Items/Misc/sackPrefab.prefab"/><property name="DropMeshfile" value="@:Other/Items/Misc/sack_droppedPrefab.prefab"/><property name="Material" value="Morganic"/><property name="Stacknumber" value="50"/><property name="SellableToTrader" value="false"/><property name="Group" value="Mods,Tool/Weapon Mods"/><property class="Action0"><property name="Class" value="OpenBundle"/><property name="Delay" value="0"/><property name="Sound_start" value="close_garbage"/><property name="Create_item" value="modArmorAdvancedMuffledConnectors"/><property name="Create_item_count" value="1"/></property></item></append>
<append xpath="/items"><item name="modArmorBallCapBundle"><property name="CustomIcon" value="apparelBallCap"/><property name="CustomIconTint" value="930CF8"/><property name="ItemTypeIcon" value="bundle"/><property name="HoldType" value="45"/><property name="Meshfile" value="@:Other/Items/Misc/sackPrefab.prefab"/><property name="DropMeshfile" value="@:Other/Items/Misc/sack_droppedPrefab.prefab"/><property name="Material" value="Morganic"/><property name="Stacknumber" value="50"/><property name="SellableToTrader" value="false"/><property name="Group" value="Mods,Tool/Weapon Mods"/><property class="Action0"><property name="Class" value="OpenBundle"/><property name="Delay" value="0"/><property name="Sound_start" value="close_garbage"/><property name="Create_item" value="modArmorBallCap"/><property name="Create_item_count" value="1"/></property></item></append>
<append xpath="/items"><item name="modArmorBandolierBundle"><property name="CustomIcon" value="modArmorBandolier"/><property name="CustomIconTint" value="930CF8"/><property name="ItemTypeIcon" value="bundle"/><property name="HoldType" value="45"/><property name="Meshfile" value="@:Other/Items/Misc/sackPrefab.prefab"/><property name="DropMeshfile" value="@:Other/Items/Misc/sack_droppedPrefab.prefab"/><property name="Material" value="Morganic"/><property name="Stacknumber" value="50"/><property name="SellableToTrader" value="false"/><property name="Group" value="Mods,Tool/Weapon Mods"/><property class="Action0"><property name="Class" value="OpenBundle"/><property name="Delay" value="0"/><property name="Sound_start" value="close_garbage"/><property name="Create_item" value="modArmorBandolier"/><property name="Create_item_count" value="1"/></property></item></append>
<append xpath="/items"><item name="modArmorCoolingMeshBundle"><property name="CustomIcon" value="modArmorCoolingMesh"/><property name="CustomIconTint" value="930CF8"/><property name="ItemTypeIcon" value="bundle"/><property name="HoldType" value="45"/><property name="Meshfile" value="@:Other/Items/Misc/sackPrefab.prefab"/><property name="DropMeshfile" value="@:Other/Items/Misc/sack_droppedPrefab.prefab"/><property name="Material" value="Morganic"/><property name="Stacknumber" value="50"/><property name="SellableToTrader" value="false"/><property name="Group" value="Mods,Tool/Weapon Mods"/><property class="Action0"><property name="Class" value="OpenBundle"/><property name="Delay" value="0"/><property name="Sound_start" value="close_garbage"/><property name="Create_item" value="modArmorCoolingMesh"/><property name="Create_item_count" value="1"/></property></item></append>
<append xpath="/items"><item name="modArmorCowboyHatBundle"><property name="CustomIcon" value="apparelCowboyHat"/><property name="CustomIconTint" value="930CF8"/><property name="ItemTypeIcon" value="bundle"/><property name="HoldType" value="45"/><property name="Meshfile" value="@:Other/Items/Misc/sackPrefab.prefab"/><property name="DropMeshfile" value="@:Other/Items/Misc/sack_droppedPrefab.prefab"/><property name="Material" value="Morganic"/><property name="Stacknumber" value="50"/><property name="SellableToTrader" value="false"/><property name="Group" value="Mods,Tool/Weapon Mods"/><property class="Action0"><property name="Class" value="OpenBundle"/><property name="Delay" value="0"/><property name="Sound_start" value="close_garbage"/><property name="Create_item" value="modArmorCowboyHat"/><property name="Create_item_count" value="1"/></property></item></append>
<append xpath="/items"><item name="modArmorCustomizedFittingsBundle"><property name="CustomIcon" value="modArmorCustomizedFittings"/><property name="CustomIconTint" value="930CF8"/><property name="ItemTypeIcon" value="bundle"/><property name="HoldType" value="45"/><property name="Meshfile" value="@:Other/Items/Misc/sackPrefab.prefab"/><property name="DropMeshfile" value="@:Other/Items/Misc/sack_droppedPrefab.prefab"/><property name="Material" value="Morganic"/><property name="Stacknumber" value="50"/><property name="SellableToTrader" value="false"/><property name="Group" value="Mods,Tool/Weapon Mods"/><property class="Action0"><property name="Class" value="OpenBundle"/><property name="Delay" value="0"/><property name="Sound_start" value="close_garbage"/><property name="Create_item" value="modArmorCustomizedFittings"/><property name="Create_item_count" value="1"/></property></item></append>
<append xpath="/items"><item name="modArmorDoubleStoragePocketBundle"><property name="CustomIcon" value="modArmorDoubleStoragePocket"/><property name="CustomIconTint" value="930CF8"/><property name="ItemTypeIcon" value="bundle"/><property name="HoldType" value="45"/><property name="Meshfile" value="@:Other/Items/Misc/sackPrefab.prefab"/><property name="DropMeshfile" value="@:Other/Items/Misc/sack_droppedPrefab.prefab"/><property name="Material" value="Morganic"/><property name="Stacknumber" value="50"/><property name="SellableToTrader" value="false"/><property name="Group" value="Mods,Tool/Weapon Mods"/><property class="Action0"><property name="Class" value="OpenBundle"/><property name="Delay" value="0"/><property name="Sound_start" value="close_garbage"/><property name="Create_item" value="modArmorDoubleStoragePocket"/><property name="Create_item_count" value="1"/></property></item></append>
<append xpath="/items"><item name="modArmorHelmetLightBundle"><property name="CustomIcon" value="modArmorHelmetLight"/><property name="CustomIconTint" value="930CF8"/><property name="ItemTypeIcon" value="bundle"/><property name="HoldType" value="45"/><property name="Meshfile" value="@:Other/Items/Misc/sackPrefab.prefab"/><property name="DropMeshfile" value="@:Other/Items/Misc/sack_droppedPrefab.prefab"/><property name="Material" value="Morganic"/><property name="Stacknumber" value="50"/><property name="SellableToTrader" value="false"/><property name="Group" value="Mods,Tool/Weapon Mods"/><property class="Action0"><property name="Class" value="OpenBundle"/><property name="Delay" value="0"/><property name="Sound_start" value="close_garbage"/><property name="Create_item" value="modArmorHelmetLight"/><property name="Create_item_count" value="1"/></property></item></append>
<append xpath="/items"><item name="modArmorImpactBracingBundle"><property name="CustomIcon" value="modArmorImpactBracing"/><property name="CustomIconTint" value="930CF8"/><property name="ItemTypeIcon" value="bundle"/><property name="HoldType" value="45"/><property name="Meshfile" value="@:Other/Items/Misc/sackPrefab.prefab"/><property name="DropMeshfile" value="@:Other/Items/Misc/sack_droppedPrefab.prefab"/><property name="Material" value="Morganic"/><property name="Stacknumber" value="50"/><property name="SellableToTrader" value="false"/><property name="Group" value="Mods,Tool/Weapon Mods"/><property class="Action0"><property name="Class" value="OpenBundle"/><property name="Delay" value="0"/><property name="Sound_start" value="close_garbage"/><property name="Create_item" value="modArmorImpactBracing"/><property name="Create_item_count" value="1"/></property></item></append>
<append xpath="/items"><item name="modArmorImprovedFittingsBundle"><property name="CustomIcon" value="modArmorImprovedFittings"/><property name="CustomIconTint" value="930CF8"/><property name="ItemTypeIcon" value="bundle"/><property name="HoldType" value="45"/><property name="Meshfile" value="@:Other/Items/Misc/sackPrefab.prefab"/><property name="DropMeshfile" value="@:Other/Items/Misc/sack_droppedPrefab.prefab"/><property name="Material" value="Morganic"/><property name="Stacknumber" value="50"/><property name="SellableToTrader" value="false"/><property name="Group" value="Mods,Tool/Weapon Mods"/><property class="Action0"><property name="Class" value="OpenBundle"/><property name="Delay" value="0"/><property name="Sound_start" value="close_garbage"/><property name="Create_item" value="modArmorImprovedFittings"/><property name="Create_item_count" value="1"/></property></item></append>
<append xpath="/items"><item name="modArmorInsulatedLinerBundle"><property name="CustomIcon" value="modArmorInsulatedLiner"/><property name="CustomIconTint" value="930CF8"/><property name="ItemTypeIcon" value="bundle"/><property name="HoldType" value="45"/><property name="Meshfile" value="@:Other/Items/Misc/sackPrefab.prefab"/><property name="DropMeshfile" value="@:Other/Items/Misc/sack_droppedPrefab.prefab"/><property name="Material" value="Morganic"/><property name="Stacknumber" value="50"/><property name="SellableToTrader" value="false"/><property name="Group" value="Mods,Tool/Weapon Mods"/><property class="Action0"><property name="Class" value="OpenBundle"/><property name="Delay" value="0"/><property name="Sound_start" value="close_garbage"/><property name="Create_item" value="modArmorInsulatedLiner"/><property name="Create_item_count" value="1"/></property></item></append>
<append xpath="/items"><item name="modArmorMuffledConnectorsBundle"><property name="CustomIcon" value="modArmorMuffledConnectors"/><property name="CustomIconTint" value="930CF8"/><property name="ItemTypeIcon" value="bundle"/><property name="HoldType" value="45"/><property name="Meshfile" value="@:Other/Items/Misc/sackPrefab.prefab"/><property name="DropMeshfile" value="@:Other/Items/Misc/sack_droppedPrefab.prefab"/><property name="Material" value="Morganic"/><property name="Stacknumber" value="50"/><property name="SellableToTrader" value="false"/><property name="Group" value="Mods,Tool/Weapon Mods"/><property class="Action0"><property name="Class" value="OpenBundle"/><property name="Delay" value="0"/><property name="Sound_start" value="close_garbage"/><property name="Create_item" value="modArmorMuffledConnectors"/><property name="Create_item_count" value="1"/></property></item></append>
<append xpath="/items"><item name="modArmorPlatingBasicBundle"><property name="CustomIcon" value="modArmorPlatingBasic"/><property name="CustomIconTint" value="930CF8"/><property name="ItemTypeIcon" value="bundle"/><property name="HoldType" value="45"/><property name="Meshfile" value="@:Other/Items/Misc/sackPrefab.prefab"/><property name="DropMeshfile" value="@:Other/Items/Misc/sack_droppedPrefab.prefab"/><property name="Material" value="Morganic"/><property name="Stacknumber" value="50"/><property name="SellableToTrader" value="false"/><property name="Group" value="Mods,Tool/Weapon Mods"/><property class="Action0"><property name="Class" value="OpenBundle"/><property name="Delay" value="0"/><property name="Sound_start" value="close_garbage"/><property name="Create_item" value="modArmorPlatingBasic"/><property name="Create_item_count" value="1"/></property></item></append>
<append xpath="/items"><item name="modArmorPlatingReinforcedBundle"><property name="CustomIcon" value="modArmorPlatingReinforced"/><property name="CustomIconTint" value="930CF8"/><property name="ItemTypeIcon" value="bundle"/><property name="HoldType" value="45"/><property name="Meshfile" value="@:Other/Items/Misc/sackPrefab.prefab"/><property name="DropMeshfile" value="@:Other/Items/Misc/sack_droppedPrefab.prefab"/><property name="Material" value="Morganic"/><property name="Stacknumber" value="50"/><property name="SellableToTrader" value="false"/><property name="Group" value="Mods,Tool/Weapon Mods"/><property class="Action0"><property name="Class" value="OpenBundle"/><property name="Delay" value="0"/><property name="Sound_start" value="close_garbage"/><property name="Create_item" value="modArmorPlatingReinforced"/><property name="Create_item_count" value="1"/></property></item></append>
<append xpath="/items"><item name="modArmorPressboyCapBundle"><property name="CustomIcon" value="apparelPressboyCap"/><property name="CustomIconTint" value="930CF8"/><property name="ItemTypeIcon" value="bundle"/><property name="HoldType" value="45"/><property name="Meshfile" value="@:Other/Items/Misc/sackPrefab.prefab"/><property name="DropMeshfile" value="@:Other/Items/Misc/sack_droppedPrefab.prefab"/><property name="Material" value="Morganic"/><property name="Stacknumber" value="50"/><property name="SellableToTrader" value="false"/><property name="Group" value="Mods,Tool/Weapon Mods"/><property class="Action0"><property name="Class" value="OpenBundle"/><property name="Delay" value="0"/><property name="Sound_start" value="close_garbage"/><property name="Create_item" value="modArmorPressboyCap"/><property name="Create_item_count" value="1"/></property></item></append>
<append xpath="/items"><item name="modArmorSkullCapBundle"><property name="CustomIcon" value="apparelSkullCap"/><property name="CustomIconTint" value="930CF8"/><property name="ItemTypeIcon" value="bundle"/><property name="HoldType" value="45"/><property name="Meshfile" value="@:Other/Items/Misc/sackPrefab.prefab"/><property name="DropMeshfile" value="@:Other/Items/Misc/sack_droppedPrefab.prefab"/><property name="Material" value="Morganic"/><property name="Stacknumber" value="50"/><property name="SellableToTrader" value="false"/><property name="Group" value="Mods,Tool/Weapon Mods"/><property class="Action0"><property name="Class" value="OpenBundle"/><property name="Delay" value="0"/><property name="Sound_start" value="close_garbage"/><property name="Create_item" value="modArmorSkullCap"/><property name="Create_item_count" value="1"/></property></item></append>
<append xpath="/items"><item name="modArmorStoragePocketBundle"><property name="CustomIcon" value="modArmorStoragePocket"/><property name="CustomIconTint" value="930CF8"/><property name="ItemTypeIcon" value="bundle"/><property name="HoldType" value="45"/><property name="Meshfile" value="@:Other/Items/Misc/sackPrefab.prefab"/><property name="DropMeshfile" value="@:Other/Items/Misc/sack_droppedPrefab.prefab"/><property name="Material" value="Morganic"/><property name="Stacknumber" value="50"/><property name="SellableToTrader" value="false"/><property name="Group" value="Mods,Tool/Weapon Mods"/><property class="Action0"><property name="Class" value="OpenBundle"/><property name="Delay" value="0"/><property name="Sound_start" value="close_garbage"/><property name="Create_item" value="modArmorStoragePocket"/><property name="Create_item_count" value="1"/></property></item></append>
<append xpath="/items"><item name="modArmorTripleStoragePocketBundle"><property name="CustomIcon" value="modArmorTripleStoragePocket"/><property name="CustomIconTint" value="930CF8"/><property name="ItemTypeIcon" value="bundle"/><property name="HoldType" value="45"/><property name="Meshfile" value="@:Other/Items/Misc/sackPrefab.prefab"/><property name="DropMeshfile" value="@:Other/Items/Misc/sack_droppedPrefab.prefab"/><property name="Material" value="Morganic"/><property name="Stacknumber" value="50"/><property name="SellableToTrader" value="false"/><property name="Group" value="Mods,Tool/Weapon Mods"/><property class="Action0"><property name="Class" value="OpenBundle"/><property name="Delay" value="0"/><property name="Sound_start" value="close_garbage"/><property name="Create_item" value="modArmorTripleStoragePocket"/><property name="Create_item_count" value="1"/></property></item></append>
<append xpath="/items"><item name="modArmorWaterPurifierBundle"><property name="CustomIcon" value="modArmorWaterPurifier"/><property name="CustomIconTint" value="930CF8"/><property name="ItemTypeIcon" value="bundle"/><property name="HoldType" value="45"/><property name="Meshfile" value="@:Other/Items/Misc/sackPrefab.prefab"/><property name="DropMeshfile" value="@:Other/Items/Misc/sack_droppedPrefab.prefab"/><property name="Material" value="Morganic"/><property name="Stacknumber" value="50"/><property name="SellableToTrader" value="false"/><property name="Group" value="Mods,Tool/Weapon Mods"/><property class="Action0"><property name="Class" value="OpenBundle"/><property name="Delay" value="0"/><property name="Sound_start" value="close_garbage"/><property name="Create_item" value="modArmorWaterPurifier"/><property name="Create_item_count" value="1"/></property></item></append>
<append xpath="/items"><item name="modClothingCargoStoragePocketBundle"><property name="CustomIcon" value="modClothingCargoStoragePocket"/><property name="CustomIconTint" value="930CF8"/><property name="ItemTypeIcon" value="bundle"/><property name="HoldType" value="45"/><property name="Meshfile" value="@:Other/Items/Misc/sackPrefab.prefab"/><property name="DropMeshfile" value="@:Other/Items/Misc/sack_droppedPrefab.prefab"/><property name="Material" value="Morganic"/><property name="Stacknumber" value="50"/><property name="SellableToTrader" value="false"/><property name="Group" value="Mods,Tool/Weapon Mods"/><property class="Action0"><property name="Class" value="OpenBundle"/><property name="Delay" value="0"/><property name="Sound_start" value="close_garbage"/><property name="Create_item" value="modClothingCargoStoragePocket"/><property name="Create_item_count" value="1"/></property></item></append>
<append xpath="/items"><item name="modClothingStoragePocketBundle"><property name="CustomIcon" value="modClothingStoragePocket"/><property name="CustomIconTint" value="930CF8"/><property name="ItemTypeIcon" value="bundle"/><property name="HoldType" value="45"/><property name="Meshfile" value="@:Other/Items/Misc/sackPrefab.prefab"/><property name="DropMeshfile" value="@:Other/Items/Misc/sack_droppedPrefab.prefab"/><property name="Material" value="Morganic"/><property name="Stacknumber" value="50"/><property name="SellableToTrader" value="false"/><property name="Group" value="Mods,Tool/Weapon Mods"/><property class="Action0"><property name="Class" value="OpenBundle"/><property name="Delay" value="0"/><property name="Sound_start" value="close_garbage"/><property name="Create_item" value="modClothingStoragePocket"/><property name="Create_item_count" value="1"/></property></item></append>
<append xpath="/items"><item name="modFuelTankLargeBundle"><property name="CustomIcon" value="modFuelTankLarge"/><property name="CustomIconTint" value="930CF8"/><property name="ItemTypeIcon" value="bundle"/><property name="HoldType" value="45"/><property name="Meshfile" value="@:Other/Items/Misc/sackPrefab.prefab"/><property name="DropMeshfile" value="@:Other/Items/Misc/sack_droppedPrefab.prefab"/><property name="Material" value="Morganic"/><property name="Stacknumber" value="50"/><property name="SellableToTrader" value="false"/><property name="Group" value="Mods,Tool/Weapon Mods"/><property class="Action0"><property name="Class" value="OpenBundle"/><property name="Delay" value="0"/><property name="Sound_start" value="close_garbage"/><property name="Create_item" value="modFuelTankLarge"/><property name="Create_item_count" value="1"/></property></item></append>
<append xpath="/items"><item name="modFuelTankSmallBundle"><property name="CustomIcon" value="modFuelTankSmall"/><property name="CustomIconTint" value="930CF8"/><property name="ItemTypeIcon" value="bundle"/><property name="HoldType" value="45"/><property name="Meshfile" value="@:Other/Items/Misc/sackPrefab.prefab"/><property name="DropMeshfile" value="@:Other/Items/Misc/sack_droppedPrefab.prefab"/><property name="Material" value="Morganic"/><property name="Stacknumber" value="50"/><property name="SellableToTrader" value="false"/><property name="Group" value="Mods,Tool/Weapon Mods"/><property class="Action0"><property name="Class" value="OpenBundle"/><property name="Delay" value="0"/><property name="Sound_start" value="close_garbage"/><property name="Create_item" value="modFuelTankSmall"/><property name="Create_item_count" value="1"/></property></item></append>
<append xpath="/items"><item name="modGunBarrelExtenderBundle"><property name="CustomIcon" value="modGunBarrelExtender"/><property name="CustomIconTint" value="930CF8"/><property name="ItemTypeIcon" value="bundle"/><property name="HoldType" value="45"/><property name="Meshfile" value="@:Other/Items/Misc/sackPrefab.prefab"/><property name="DropMeshfile" value="@:Other/Items/Misc/sack_droppedPrefab.prefab"/><property name="Material" value="Morganic"/><property name="Stacknumber" value="50"/><property name="SellableToTrader" value="false"/><property name="Group" value="Mods,Tool/Weapon Mods"/><property class="Action0"><property name="Class" value="OpenBundle"/><property name="Delay" value="0"/><property name="Sound_start" value="close_garbage"/><property name="Create_item" value="modGunBarrelExtender"/><property name="Create_item_count" value="1"/></property></item></append>
<append xpath="/items"><item name="modGunBipodBundle"><property name="CustomIcon" value="modGunBipod"/><property name="CustomIconTint" value="930CF8"/><property name="ItemTypeIcon" value="bundle"/><property name="HoldType" value="45"/><property name="Meshfile" value="@:Other/Items/Misc/sackPrefab.prefab"/><property name="DropMeshfile" value="@:Other/Items/Misc/sack_droppedPrefab.prefab"/><property name="Material" value="Morganic"/><property name="Stacknumber" value="50"/><property name="SellableToTrader" value="false"/><property name="Group" value="Mods,Tool/Weapon Mods"/><property class="Action0"><property name="Class" value="OpenBundle"/><property name="Delay" value="0"/><property name="Sound_start" value="close_garbage"/><property name="Create_item" value="modGunBipod"/><property name="Create_item_count" value="1"/></property></item></append>
<append xpath="/items"><item name="modGunBowArrowRestBundle"><property name="CustomIcon" value="modGunBowArrowRest"/><property name="CustomIconTint" value="930CF8"/><property name="ItemTypeIcon" value="bundle"/><property name="HoldType" value="45"/><property name="Meshfile" value="@:Other/Items/Misc/sackPrefab.prefab"/><property name="DropMeshfile" value="@:Other/Items/Misc/sack_droppedPrefab.prefab"/><property name="Material" value="Morganic"/><property name="Stacknumber" value="50"/><property name="SellableToTrader" value="false"/><property name="Group" value="Mods,Tool/Weapon Mods"/><property class="Action0"><property name="Class" value="OpenBundle"/><property name="Delay" value="0"/><property name="Sound_start" value="close_garbage"/><property name="Create_item" value="modGunBowArrowRest"/><property name="Create_item_count" value="1"/></property></item></append>
<append xpath="/items"><item name="modGunBowPolymerStringBundle"><property name="CustomIcon" value="modGunBowPolymerString"/><property name="CustomIconTint" value="930CF8"/><property name="ItemTypeIcon" value="bundle"/><property name="HoldType" value="45"/><property name="Meshfile" value="@:Other/Items/Misc/sackPrefab.prefab"/><property name="DropMeshfile" value="@:Other/Items/Misc/sack_droppedPrefab.prefab"/><property name="Material" value="Morganic"/><property name="Stacknumber" value="50"/><property name="SellableToTrader" value="false"/><property name="Group" value="Mods,Tool/Weapon Mods"/><property class="Action0"><property name="Class" value="OpenBundle"/><property name="Delay" value="0"/><property name="Sound_start" value="close_garbage"/><property name="Create_item" value="modGunBowPolymerString"/><property name="Create_item_count" value="1"/></property></item></append>
<append xpath="/items"><item name="modGunChokeBundle"><property name="CustomIcon" value="modGunChoke"/><property name="CustomIconTint" value="930CF8"/><property name="ItemTypeIcon" value="bundle"/><property name="HoldType" value="45"/><property name="Meshfile" value="@:Other/Items/Misc/sackPrefab.prefab"/><property name="DropMeshfile" value="@:Other/Items/Misc/sack_droppedPrefab.prefab"/><property name="Material" value="Morganic"/><property name="Stacknumber" value="50"/><property name="SellableToTrader" value="false"/><property name="Group" value="Mods,Tool/Weapon Mods"/><property class="Action0"><property name="Class" value="OpenBundle"/><property name="Delay" value="0"/><property name="Sound_start" value="close_garbage"/><property name="Create_item" value="modGunChoke"/><property name="Create_item_count" value="1"/></property></item></append>
<append xpath="/items"><item name="modGunCrippleEmBundle"><property name="CustomIcon" value="modGunCrippleEm"/><property name="CustomIconTint" value="930CF8"/><property name="ItemTypeIcon" value="bundle"/><property name="HoldType" value="45"/><property name="Meshfile" value="@:Other/Items/Misc/sackPrefab.prefab"/><property name="DropMeshfile" value="@:Other/Items/Misc/sack_droppedPrefab.prefab"/><property name="Material" value="Morganic"/><property name="Stacknumber" value="50"/><property name="SellableToTrader" value="false"/><property name="Group" value="Mods,Tool/Weapon Mods"/><property class="Action0"><property name="Class" value="OpenBundle"/><property name="Delay" value="0"/><property name="Sound_start" value="close_garbage"/><property name="Create_item" value="modGunCrippleEm"/><property name="Create_item_count" value="1"/></property></item></append>
<append xpath="/items"><item name="modGunDrumMagazineExtenderBundle"><property name="CustomIcon" value="modGunDrumMagazineExtender"/><property name="CustomIconTint" value="930CF8"/><property name="ItemTypeIcon" value="bundle"/><property name="HoldType" value="45"/><property name="Meshfile" value="@:Other/Items/Misc/sackPrefab.prefab"/><property name="DropMeshfile" value="@:Other/Items/Misc/sack_droppedPrefab.prefab"/><property name="Material" value="Morganic"/><property name="Stacknumber" value="50"/><property name="SellableToTrader" value="false"/><property name="Group" value="Mods,Tool/Weapon Mods"/><property class="Action0"><property name="Class" value="OpenBundle"/><property name="Delay" value="0"/><property name="Sound_start" value="close_garbage"/><property name="Create_item" value="modGunDrumMagazineExtender"/><property name="Create_item_count" value="1"/></property></item></append>
<append xpath="/items"><item name="modGunDuckbillBundle"><property name="CustomIcon" value="modGunDuckbill"/><property name="CustomIconTint" value="930CF8"/><property name="ItemTypeIcon" value="bundle"/><property name="HoldType" value="45"/><property name="Meshfile" value="@:Other/Items/Misc/sackPrefab.prefab"/><property name="DropMeshfile" value="@:Other/Items/Misc/sack_droppedPrefab.prefab"/><property name="Material" value="Morganic"/><property name="Stacknumber" value="50"/><property name="SellableToTrader" value="false"/><property name="Group" value="Mods,Tool/Weapon Mods"/><property class="Action0"><property name="Class" value="OpenBundle"/><property name="Delay" value="0"/><property name="Sound_start" value="close_garbage"/><property name="Create_item" value="modGunDuckbill"/><property name="Create_item_count" value="1"/></property></item></append>
<append xpath="/items"><item name="modGunFlashlightBundle"><property name="CustomIcon" value="modGunFlashlight"/><property name="CustomIconTint" value="930CF8"/><property name="ItemTypeIcon" value="bundle"/><property name="HoldType" value="45"/><property name="Meshfile" value="@:Other/Items/Misc/sackPrefab.prefab"/><property name="DropMeshfile" value="@:Other/Items/Misc/sack_droppedPrefab.prefab"/><property name="Material" value="Morganic"/><property name="Stacknumber" value="50"/><property name="SellableToTrader" value="false"/><property name="Group" value="Mods,Tool/Weapon Mods"/><property class="Action0"><property name="Class" value="OpenBundle"/><property name="Delay" value="0"/><property name="Sound_start" value="close_garbage"/><property name="Create_item" value="modGunFlashlight"/><property name="Create_item_count" value="1"/></property></item></append>
<append xpath="/items"><item name="modGunForegripBundle"><property name="CustomIcon" value="modGunForegrip"/><property name="CustomIconTint" value="930CF8"/><property name="ItemTypeIcon" value="bundle"/><property name="HoldType" value="45"/><property name="Meshfile" value="@:Other/Items/Misc/sackPrefab.prefab"/><property name="DropMeshfile" value="@:Other/Items/Misc/sack_droppedPrefab.prefab"/><property name="Material" value="Morganic"/><property name="Stacknumber" value="50"/><property name="SellableToTrader" value="false"/><property name="Group" value="Mods,Tool/Weapon Mods"/><property class="Action0"><property name="Class" value="OpenBundle"/><property name="Delay" value="0"/><property name="Sound_start" value="close_garbage"/><property name="Create_item" value="modGunForegrip"/><property name="Create_item_count" value="1"/></property></item></append>
<append xpath="/items"><item name="modGunLaserSightBundle"><property name="CustomIcon" value="modGunLaserSight"/><property name="CustomIconTint" value="930CF8"/><property name="ItemTypeIcon" value="bundle"/><property name="HoldType" value="45"/><property name="Meshfile" value="@:Other/Items/Misc/sackPrefab.prefab"/><property name="DropMeshfile" value="@:Other/Items/Misc/sack_droppedPrefab.prefab"/><property name="Material" value="Morganic"/><property name="Stacknumber" value="50"/><property name="SellableToTrader" value="false"/><property name="Group" value="Mods,Tool/Weapon Mods"/><property class="Action0"><property name="Class" value="OpenBundle"/><property name="Delay" value="0"/><property name="Sound_start" value="close_garbage"/><property name="Create_item" value="modGunLaserSight"/><property name="Create_item_count" value="1"/></property></item></append>
<append xpath="/items"><item name="modGunMagazineExtenderBundle"><property name="CustomIcon" value="modGunMagazineExtender"/><property name="CustomIconTint" value="930CF8"/><property name="ItemTypeIcon" value="bundle"/><property name="HoldType" value="45"/><property name="Meshfile" value="@:Other/Items/Misc/sackPrefab.prefab"/><property name="DropMeshfile" value="@:Other/Items/Misc/sack_droppedPrefab.prefab"/><property name="Material" value="Morganic"/><property name="Stacknumber" value="50"/><property name="SellableToTrader" value="false"/><property name="Group" value="Mods,Tool/Weapon Mods"/><property class="Action0"><property name="Class" value="OpenBundle"/><property name="Delay" value="0"/><property name="Sound_start" value="close_garbage"/><property name="Create_item" value="modGunMagazineExtender"/><property name="Create_item_count" value="1"/></property></item></append>
<append xpath="/items"><item name="modGunMeleeRadRemoverBundle"><property name="CustomIcon" value="modGunMeleeRadRemover"/><property name="CustomIconTint" value="930CF8"/><property name="ItemTypeIcon" value="bundle"/><property name="HoldType" value="45"/><property name="Meshfile" value="@:Other/Items/Misc/sackPrefab.prefab"/><property name="DropMeshfile" value="@:Other/Items/Misc/sack_droppedPrefab.prefab"/><property name="Material" value="Morganic"/><property name="Stacknumber" value="50"/><property name="SellableToTrader" value="false"/><property name="Group" value="Mods,Tool/Weapon Mods"/><property class="Action0"><property name="Class" value="OpenBundle"/><property name="Delay" value="0"/><property name="Sound_start" value="close_garbage"/><property name="Create_item" value="modGunMeleeRadRemover"/><property name="Create_item_count" value="1"/></property></item></append>
<append xpath="/items"><item name="modGunMeleeTheHunterBundle"><property name="CustomIcon" value="modGunMeleeTheHunter"/><property name="CustomIconTint" value="930CF8"/><property name="ItemTypeIcon" value="bundle"/><property name="HoldType" value="45"/><property name="Meshfile" value="@:Other/Items/Misc/sackPrefab.prefab"/><property name="DropMeshfile" value="@:Other/Items/Misc/sack_droppedPrefab.prefab"/><property name="Material" value="Morganic"/><property name="Stacknumber" value="50"/><property name="SellableToTrader" value="false"/><property name="Group" value="Mods,Tool/Weapon Mods"/><property class="Action0"><property name="Class" value="OpenBundle"/><property name="Delay" value="0"/><property name="Sound_start" value="close_garbage"/><property name="Create_item" value="modGunMeleeTheHunter"/><property name="Create_item_count" value="1"/></property></item></append>
<append xpath="/items"><item name="modGunMuzzleBrakeBundle"><property name="CustomIcon" value="modGunMuzzleBrake"/><property name="CustomIconTint" value="930CF8"/><property name="ItemTypeIcon" value="bundle"/><property name="HoldType" value="45"/><property name="Meshfile" value="@:Other/Items/Misc/sackPrefab.prefab"/><property name="DropMeshfile" value="@:Other/Items/Misc/sack_droppedPrefab.prefab"/><property name="Material" value="Morganic"/><property name="Stacknumber" value="50"/><property name="SellableToTrader" value="false"/><property name="Group" value="Mods,Tool/Weapon Mods"/><property class="Action0"><property name="Class" value="OpenBundle"/><property name="Delay" value="0"/><property name="Sound_start" value="close_garbage"/><property name="Create_item" value="modGunMuzzleBrake"/><property name="Create_item_count" value="1"/></property></item></append>
<append xpath="/items"><item name="modGunReflexSightBundle"><property name="CustomIcon" value="modGunReflexSight"/><property name="CustomIconTint" value="930CF8"/><property name="ItemTypeIcon" value="bundle"/><property name="HoldType" value="45"/><property name="Meshfile" value="@:Other/Items/Misc/sackPrefab.prefab"/><property name="DropMeshfile" value="@:Other/Items/Misc/sack_droppedPrefab.prefab"/><property name="Material" value="Morganic"/><property name="Stacknumber" value="50"/><property name="SellableToTrader" value="false"/><property name="Group" value="Mods,Tool/Weapon Mods"/><property class="Action0"><property name="Class" value="OpenBundle"/><property name="Delay" value="0"/><property name="Sound_start" value="close_garbage"/><property name="Create_item" value="modGunReflexSight"/><property name="Create_item_count" value="1"/></property></item></append>
<append xpath="/items"><item name="modGunRetractingStockBundle"><property name="CustomIcon" value="modGunRetractingStock"/><property name="CustomIconTint" value="930CF8"/><property name="ItemTypeIcon" value="bundle"/><property name="HoldType" value="45"/><property name="Meshfile" value="@:Other/Items/Misc/sackPrefab.prefab"/><property name="DropMeshfile" value="@:Other/Items/Misc/sack_droppedPrefab.prefab"/><property name="Material" value="Morganic"/><property name="Stacknumber" value="50"/><property name="SellableToTrader" value="false"/><property name="Group" value="Mods,Tool/Weapon Mods"/><property class="Action0"><property name="Class" value="OpenBundle"/><property name="Delay" value="0"/><property name="Sound_start" value="close_garbage"/><property name="Create_item" value="modGunRetractingStock"/><property name="Create_item_count" value="1"/></property></item></append>
<append xpath="/items"><item name="modGunScopeLargeBundle"><property name="CustomIcon" value="modGunScopeLarge"/><property name="CustomIconTint" value="930CF8"/><property name="ItemTypeIcon" value="bundle"/><property name="HoldType" value="45"/><property name="Meshfile" value="@:Other/Items/Misc/sackPrefab.prefab"/><property name="DropMeshfile" value="@:Other/Items/Misc/sack_droppedPrefab.prefab"/><property name="Material" value="Morganic"/><property name="Stacknumber" value="50"/><property name="SellableToTrader" value="false"/><property name="Group" value="Mods,Tool/Weapon Mods"/><property class="Action0"><property name="Class" value="OpenBundle"/><property name="Delay" value="0"/><property name="Sound_start" value="close_garbage"/><property name="Create_item" value="modGunScopeLarge"/><property name="Create_item_count" value="1"/></property></item></append>
<append xpath="/items"><item name="modGunScopeMediumBundle"><property name="CustomIcon" value="modGunScopeMedium"/><property name="CustomIconTint" value="930CF8"/><property name="ItemTypeIcon" value="bundle"/><property name="HoldType" value="45"/><property name="Meshfile" value="@:Other/Items/Misc/sackPrefab.prefab"/><property name="DropMeshfile" value="@:Other/Items/Misc/sack_droppedPrefab.prefab"/><property name="Material" value="Morganic"/><property name="Stacknumber" value="50"/><property name="SellableToTrader" value="false"/><property name="Group" value="Mods,Tool/Weapon Mods"/><property class="Action0"><property name="Class" value="OpenBundle"/><property name="Delay" value="0"/><property name="Sound_start" value="close_garbage"/><property name="Create_item" value="modGunScopeMedium"/><property name="Create_item_count" value="1"/></property></item></append>
<append xpath="/items"><item name="modGunScopeSmallBundle"><property name="CustomIcon" value="modGunScopeSmall"/><property name="CustomIconTint" value="930CF8"/><property name="ItemTypeIcon" value="bundle"/><property name="HoldType" value="45"/><property name="Meshfile" value="@:Other/Items/Misc/sackPrefab.prefab"/><property name="DropMeshfile" value="@:Other/Items/Misc/sack_droppedPrefab.prefab"/><property name="Material" value="Morganic"/><property name="Stacknumber" value="50"/><property name="SellableToTrader" value="false"/><property name="Group" value="Mods,Tool/Weapon Mods"/><property class="Action0"><property name="Class" value="OpenBundle"/><property name="Delay" value="0"/><property name="Sound_start" value="close_garbage"/><property name="Create_item" value="modGunScopeSmall"/><property name="Create_item_count" value="1"/></property></item></append>
<append xpath="/items"><item name="modGunShotgunTubeExtenderMagazineBundle"><property name="CustomIcon" value="modGunShotgunTubeExtenderMagazine"/><property name="CustomIconTint" value="930CF8"/><property name="ItemTypeIcon" value="bundle"/><property name="HoldType" value="45"/><property name="Meshfile" value="@:Other/Items/Misc/sackPrefab.prefab"/><property name="DropMeshfile" value="@:Other/Items/Misc/sack_droppedPrefab.prefab"/><property name="Material" value="Morganic"/><property name="Stacknumber" value="50"/><property name="SellableToTrader" value="false"/><property name="Group" value="Mods,Tool/Weapon Mods"/><property class="Action0"><property name="Class" value="OpenBundle"/><property name="Delay" value="0"/><property name="Sound_start" value="close_garbage"/><property name="Create_item" value="modGunShotgunTubeExtenderMagazine"/><property name="Create_item_count" value="1"/></property></item></append>
<append xpath="/items"><item name="modGunSoundSuppressorSilencerBundle"><property name="CustomIcon" value="modGunSoundSuppressorSilencer"/><property name="CustomIconTint" value="930CF8"/><property name="ItemTypeIcon" value="bundle"/><property name="HoldType" value="45"/><property name="Meshfile" value="@:Other/Items/Misc/sackPrefab.prefab"/><property name="DropMeshfile" value="@:Other/Items/Misc/sack_droppedPrefab.prefab"/><property name="Material" value="Morganic"/><property name="Stacknumber" value="50"/><property name="SellableToTrader" value="false"/><property name="Group" value="Mods,Tool/Weapon Mods"/><property class="Action0"><property name="Class" value="OpenBundle"/><property name="Delay" value="0"/><property name="Sound_start" value="close_garbage"/><property name="Create_item" value="modGunSoundSuppressorSilencer"/><property name="Create_item_count" value="1"/></property></item></append>
<append xpath="/items"><item name="modGunTriggerGroupAutomaticBundle"><property name="CustomIcon" value="modGunTriggerGroupAutomatic"/><property name="CustomIconTint" value="930CF8"/><property name="ItemTypeIcon" value="bundle"/><property name="HoldType" value="45"/><property name="Meshfile" value="@:Other/Items/Misc/sackPrefab.prefab"/><property name="DropMeshfile" value="@:Other/Items/Misc/sack_droppedPrefab.prefab"/><property name="Material" value="Morganic"/><property name="Stacknumber" value="50"/><property name="SellableToTrader" value="false"/><property name="Group" value="Mods,Tool/Weapon Mods"/><property class="Action0"><property name="Class" value="OpenBundle"/><property name="Delay" value="0"/><property name="Sound_start" value="close_garbage"/><property name="Create_item" value="modGunTriggerGroupAutomatic"/><property name="Create_item_count" value="1"/></property></item></append>
<append xpath="/items"><item name="modGunTriggerGroupBurst3Bundle"><property name="CustomIcon" value="modGunTriggerGroupBurst"/><property name="CustomIconTint" value="930CF8"/><property name="ItemTypeIcon" value="bundle"/><property name="HoldType" value="45"/><property name="Meshfile" value="@:Other/Items/Misc/sackPrefab.prefab"/><property name="DropMeshfile" value="@:Other/Items/Misc/sack_droppedPrefab.prefab"/><property name="Material" value="Morganic"/><property name="Stacknumber" value="50"/><property name="SellableToTrader" value="false"/><property name="Group" value="Mods,Tool/Weapon Mods"/><property class="Action0"><property name="Class" value="OpenBundle"/><property name="Delay" value="0"/><property name="Sound_start" value="close_garbage"/><property name="Create_item" value="modGunTriggerGroupBurst3"/><property name="Create_item_count" value="1"/></property></item></append>
<append xpath="/items"><item name="modGunTriggerGroupSemiBundle"><property name="CustomIcon" value="modGunTriggerGroupSemi"/><property name="CustomIconTint" value="930CF8"/><property name="ItemTypeIcon" value="bundle"/><property name="HoldType" value="45"/><property name="Meshfile" value="@:Other/Items/Misc/sackPrefab.prefab"/><property name="DropMeshfile" value="@:Other/Items/Misc/sack_droppedPrefab.prefab"/><property name="Material" value="Morganic"/><property name="Stacknumber" value="50"/><property name="SellableToTrader" value="false"/><property name="Group" value="Mods,Tool/Weapon Mods"/><property class="Action0"><property name="Class" value="OpenBundle"/><property name="Delay" value="0"/><property name="Sound_start" value="close_garbage"/><property name="Create_item" value="modGunTriggerGroupSemi"/><property name="Create_item_count" value="1"/></property></item></append>
<append xpath="/items"><item name="modMeleeBunkerBusterBundle"><property name="CustomIcon" value="modMeleeBunkerBuster"/><property name="CustomIconTint" value="930CF8"/><property name="ItemTypeIcon" value="bundle"/><property name="HoldType" value="45"/><property name="Meshfile" value="@:Other/Items/Misc/sackPrefab.prefab"/><property name="DropMeshfile" value="@:Other/Items/Misc/sack_droppedPrefab.prefab"/><property name="Material" value="Morganic"/><property name="Stacknumber" value="50"/><property name="SellableToTrader" value="false"/><property name="Group" value="Mods,Tool/Weapon Mods"/><property class="Action0"><property name="Class" value="OpenBundle"/><property name="Delay" value="0"/><property name="Sound_start" value="close_garbage"/><property name="Create_item" value="modMeleeBunkerBuster"/><property name="Create_item_count" value="1"/></property></item></append>
<append xpath="/items"><item name="modMeleeClubBarbedWireBundle"><property name="CustomIcon" value="modMeleeClubBarbedWire"/><property name="CustomIconTint" value="930CF8"/><property name="ItemTypeIcon" value="bundle"/><property name="HoldType" value="45"/><property name="Meshfile" value="@:Other/Items/Misc/sackPrefab.prefab"/><property name="DropMeshfile" value="@:Other/Items/Misc/sack_droppedPrefab.prefab"/><property name="Material" value="Morganic"/><property name="Stacknumber" value="50"/><property name="SellableToTrader" value="false"/><property name="Group" value="Mods,Tool/Weapon Mods"/><property class="Action0"><property name="Class" value="OpenBundle"/><property name="Delay" value="0"/><property name="Sound_start" value="close_garbage"/><property name="Create_item" value="modMeleeClubBarbedWire"/><property name="Create_item_count" value="1"/></property></item></append>
<append xpath="/items"><item name="modMeleeClubBurningShaftBundle"><property name="CustomIcon" value="modMeleeClubBurningShaft"/><property name="CustomIconTint" value="930CF8"/><property name="ItemTypeIcon" value="bundle"/><property name="HoldType" value="45"/><property name="Meshfile" value="@:Other/Items/Misc/sackPrefab.prefab"/><property name="DropMeshfile" value="@:Other/Items/Misc/sack_droppedPrefab.prefab"/><property name="Material" value="Morganic"/><property name="Stacknumber" value="50"/><property name="SellableToTrader" value="false"/><property name="Group" value="Mods,Tool/Weapon Mods"/><property class="Action0"><property name="Class" value="OpenBundle"/><property name="Delay" value="0"/><property name="Sound_start" value="close_garbage"/><property name="Create_item" value="modMeleeClubBurningShaft"/><property name="Create_item_count" value="1"/></property></item></append>
<append xpath="/items"><item name="modMeleeClubMetalChainBundle"><property name="CustomIcon" value="modMeleeClubMetalChain"/><property name="CustomIconTint" value="930CF8"/><property name="ItemTypeIcon" value="bundle"/><property name="HoldType" value="45"/><property name="Meshfile" value="@:Other/Items/Misc/sackPrefab.prefab"/><property name="DropMeshfile" value="@:Other/Items/Misc/sack_droppedPrefab.prefab"/><property name="Material" value="Morganic"/><property name="Stacknumber" value="50"/><property name="SellableToTrader" value="false"/><property name="Group" value="Mods,Tool/Weapon Mods"/><property class="Action0"><property name="Class" value="OpenBundle"/><property name="Delay" value="0"/><property name="Sound_start" value="close_garbage"/><property name="Create_item" value="modMeleeClubMetalChain"/><property name="Create_item_count" value="1"/></property></item></append>
<append xpath="/items"><item name="modMeleeClubMetalSpikesBundle"><property name="CustomIcon" value="modMeleeClubMetalSpikes"/><property name="CustomIconTint" value="930CF8"/><property name="ItemTypeIcon" value="bundle"/><property name="HoldType" value="45"/><property name="Meshfile" value="@:Other/Items/Misc/sackPrefab.prefab"/><property name="DropMeshfile" value="@:Other/Items/Misc/sack_droppedPrefab.prefab"/><property name="Material" value="Morganic"/><property name="Stacknumber" value="50"/><property name="SellableToTrader" value="false"/><property name="Group" value="Mods,Tool/Weapon Mods"/><property class="Action0"><property name="Class" value="OpenBundle"/><property name="Delay" value="0"/><property name="Sound_start" value="close_garbage"/><property name="Create_item" value="modMeleeClubMetalSpikes"/><property name="Create_item_count" value="1"/></property></item></append>
<append xpath="/items"><item name="modMeleeDiamondTipBundle"><property name="CustomIcon" value="modMeleeDiamondTip"/><property name="CustomIconTint" value="930CF8"/><property name="ItemTypeIcon" value="bundle"/><property name="HoldType" value="45"/><property name="Meshfile" value="@:Other/Items/Misc/sackPrefab.prefab"/><property name="DropMeshfile" value="@:Other/Items/Misc/sack_droppedPrefab.prefab"/><property name="Material" value="Morganic"/><property name="Stacknumber" value="50"/><property name="SellableToTrader" value="false"/><property name="Group" value="Mods,Tool/Weapon Mods"/><property class="Action0"><property name="Class" value="OpenBundle"/><property name="Delay" value="0"/><property name="Sound_start" value="close_garbage"/><property name="Create_item" value="modMeleeDiamondTip"/><property name="Create_item_count" value="1"/></property></item></append>
<append xpath="/items"><item name="modMeleeErgonomicGripBundle"><property name="CustomIcon" value="modMeleeErgonomicGrip"/><property name="CustomIconTint" value="930CF8"/><property name="ItemTypeIcon" value="bundle"/><property name="HoldType" value="45"/><property name="Meshfile" value="@:Other/Items/Misc/sackPrefab.prefab"/><property name="DropMeshfile" value="@:Other/Items/Misc/sack_droppedPrefab.prefab"/><property name="Material" value="Morganic"/><property name="Stacknumber" value="50"/><property name="SellableToTrader" value="false"/><property name="Group" value="Mods,Tool/Weapon Mods"/><property class="Action0"><property name="Class" value="OpenBundle"/><property name="Delay" value="0"/><property name="Sound_start" value="close_garbage"/><property name="Create_item" value="modMeleeErgonomicGrip"/><property name="Create_item_count" value="1"/></property></item></append>
<append xpath="/items"><item name="modMeleeFiremansAxeModBundle"><property name="CustomIcon" value="modMeleeFiremansAxeMod"/><property name="CustomIconTint" value="930CF8"/><property name="ItemTypeIcon" value="bundle"/><property name="HoldType" value="45"/><property name="Meshfile" value="@:Other/Items/Misc/sackPrefab.prefab"/><property name="DropMeshfile" value="@:Other/Items/Misc/sack_droppedPrefab.prefab"/><property name="Material" value="Morganic"/><property name="Stacknumber" value="50"/><property name="SellableToTrader" value="false"/><property name="Group" value="Mods,Tool/Weapon Mods"/><property class="Action0"><property name="Class" value="OpenBundle"/><property name="Delay" value="0"/><property name="Sound_start" value="close_garbage"/><property name="Create_item" value="modMeleeFiremansAxeMod"/><property name="Create_item_count" value="1"/></property></item></append>
<append xpath="/items"><item name="modMeleeFortifyingGripBundle"><property name="CustomIcon" value="modMeleeFortifyingGrip"/><property name="CustomIconTint" value="930CF8"/><property name="ItemTypeIcon" value="bundle"/><property name="HoldType" value="45"/><property name="Meshfile" value="@:Other/Items/Misc/sackPrefab.prefab"/><property name="DropMeshfile" value="@:Other/Items/Misc/sack_droppedPrefab.prefab"/><property name="Material" value="Morganic"/><property name="Stacknumber" value="50"/><property name="SellableToTrader" value="false"/><property name="Group" value="Mods,Tool/Weapon Mods"/><property class="Action0"><property name="Class" value="OpenBundle"/><property name="Delay" value="0"/><property name="Sound_start" value="close_garbage"/><property name="Create_item" value="modMeleeFortifyingGrip"/><property name="Create_item_count" value="1"/></property></item></append>
<append xpath="/items"><item name="modMeleeGraveDiggerBundle"><property name="CustomIcon" value="modMeleeGraveDigger"/><property name="CustomIconTint" value="930CF8"/><property name="ItemTypeIcon" value="bundle"/><property name="HoldType" value="45"/><property name="Meshfile" value="@:Other/Items/Misc/sackPrefab.prefab"/><property name="DropMeshfile" value="@:Other/Items/Misc/sack_droppedPrefab.prefab"/><property name="Material" value="Morganic"/><property name="Stacknumber" value="50"/><property name="SellableToTrader" value="false"/><property name="Group" value="Mods,Tool/Weapon Mods"/><property class="Action0"><property name="Class" value="OpenBundle"/><property name="Delay" value="0"/><property name="Sound_start" value="close_garbage"/><property name="Create_item" value="modMeleeGraveDigger"/><property name="Create_item_count" value="1"/></property></item></append>
<append xpath="/items"><item name="modMeleeIronBreakerBundle"><property name="CustomIcon" value="modMeleeIronBreaker"/><property name="CustomIconTint" value="930CF8"/><property name="ItemTypeIcon" value="bundle"/><property name="HoldType" value="45"/><property name="Meshfile" value="@:Other/Items/Misc/sackPrefab.prefab"/><property name="DropMeshfile" value="@:Other/Items/Misc/sack_droppedPrefab.prefab"/><property name="Material" value="Morganic"/><property name="Stacknumber" value="50"/><property name="SellableToTrader" value="false"/><property name="Group" value="Mods,Tool/Weapon Mods"/><property class="Action0"><property name="Class" value="OpenBundle"/><property name="Delay" value="0"/><property name="Sound_start" value="close_garbage"/><property name="Create_item" value="modMeleeIronBreaker"/><property name="Create_item_count" value="1"/></property></item></append>
<append xpath="/items"><item name="modMeleeSerratedBladeBundle"><property name="CustomIcon" value="modMeleeSerratedBlade"/><property name="CustomIconTint" value="930CF8"/><property name="ItemTypeIcon" value="bundle"/><property name="HoldType" value="45"/><property name="Meshfile" value="@:Other/Items/Misc/sackPrefab.prefab"/><property name="DropMeshfile" value="@:Other/Items/Misc/sack_droppedPrefab.prefab"/><property name="Material" value="Morganic"/><property name="Stacknumber" value="50"/><property name="SellableToTrader" value="false"/><property name="Group" value="Mods,Tool/Weapon Mods"/><property class="Action0"><property name="Class" value="OpenBundle"/><property name="Delay" value="0"/><property name="Sound_start" value="close_garbage"/><property name="Create_item" value="modMeleeSerratedBlade"/><property name="Create_item_count" value="1"/></property></item></append>
<append xpath="/items"><item name="modMeleeStructuralBraceBundle"><property name="CustomIcon" value="modMeleeStructuralBrace"/><property name="CustomIconTint" value="930CF8"/><property name="ItemTypeIcon" value="bundle"/><property name="HoldType" value="45"/><property name="Meshfile" value="@:Other/Items/Misc/sackPrefab.prefab"/><property name="DropMeshfile" value="@:Other/Items/Misc/sack_droppedPrefab.prefab"/><property name="Material" value="Morganic"/><property name="Stacknumber" value="50"/><property name="SellableToTrader" value="false"/><property name="Group" value="Mods,Tool/Weapon Mods"/><property class="Action0"><property name="Class" value="OpenBundle"/><property name="Delay" value="0"/><property name="Sound_start" value="close_garbage"/><property name="Create_item" value="modMeleeStructuralBrace"/><property name="Create_item_count" value="1"/></property></item></append>
<append xpath="/items"><item name="modMeleeStunBatonRepulsorBundle"><property name="CustomIcon" value="modMeleeStunBatonRepulsor"/><property name="CustomIconTint" value="930CF8"/><property name="ItemTypeIcon" value="bundle"/><property name="HoldType" value="45"/><property name="Meshfile" value="@:Other/Items/Misc/sackPrefab.prefab"/><property name="DropMeshfile" value="@:Other/Items/Misc/sack_droppedPrefab.prefab"/><property name="Material" value="Morganic"/><property name="Stacknumber" value="50"/><property name="SellableToTrader" value="false"/><property name="Group" value="Mods,Tool/Weapon Mods"/><property class="Action0"><property name="Class" value="OpenBundle"/><property name="Delay" value="0"/><property name="Sound_start" value="close_garbage"/><property name="Create_item" value="modMeleeStunBatonRepulsor"/><property name="Create_item_count" value="1"/></property></item></append>
<append xpath="/items"><item name="modMeleeTemperedBladeBundle"><property name="CustomIcon" value="modMeleeTemperedBlade"/><property name="CustomIconTint" value="930CF8"/><property name="ItemTypeIcon" value="bundle"/><property name="HoldType" value="45"/><property name="Meshfile" value="@:Other/Items/Misc/sackPrefab.prefab"/><property name="DropMeshfile" value="@:Other/Items/Misc/sack_droppedPrefab.prefab"/><property name="Material" value="Morganic"/><property name="Stacknumber" value="50"/><property name="SellableToTrader" value="false"/><property name="Group" value="Mods,Tool/Weapon Mods"/><property class="Action0"><property name="Class" value="OpenBundle"/><property name="Delay" value="0"/><property name="Sound_start" value="close_garbage"/><property name="Create_item" value="modMeleeTemperedBlade"/><property name="Create_item_count" value="1"/></property></item></append>
<append xpath="/items"><item name="modMeleeWeightedHeadBundle"><property name="CustomIcon" value="modMeleeWeightedHead"/><property name="CustomIconTint" value="930CF8"/><property name="ItemTypeIcon" value="bundle"/><property name="HoldType" value="45"/><property name="Meshfile" value="@:Other/Items/Misc/sackPrefab.prefab"/><property name="DropMeshfile" value="@:Other/Items/Misc/sack_droppedPrefab.prefab"/><property name="Material" value="Morganic"/><property name="Stacknumber" value="50"/><property name="SellableToTrader" value="false"/><property name="Group" value="Mods,Tool/Weapon Mods"/><property class="Action0"><property name="Class" value="OpenBundle"/><property name="Delay" value="0"/><property name="Sound_start" value="close_garbage"/><property name="Create_item" value="modMeleeWeightedHead"/><property name="Create_item_count" value="1"/></property></item></append>
<append xpath="/items"><item name="modMeleeWoodSplitterBundle"><property name="CustomIcon" value="modMeleeWoodSplitter"/><property name="CustomIconTint" value="930CF8"/><property name="ItemTypeIcon" value="bundle"/><property name="HoldType" value="45"/><property name="Meshfile" value="@:Other/Items/Misc/sackPrefab.prefab"/><property name="DropMeshfile" value="@:Other/Items/Misc/sack_droppedPrefab.prefab"/><property name="Material" value="Morganic"/><property name="Stacknumber" value="50"/><property name="SellableToTrader" value="false"/><property name="Group" value="Mods,Tool/Weapon Mods"/><property class="Action0"><property name="Class" value="OpenBundle"/><property name="Delay" value="0"/><property name="Sound_start" value="close_garbage"/><property name="Create_item" value="modMeleeWoodSplitter"/><property name="Create_item_count" value="1"/></property></item></append>
<append xpath="/items"><item name="modRoboticDroneArmorPlatingModBundle"><property name="CustomIcon" value="modRoboticDroneArmorPlatingMod"/><property name="CustomIconTint" value="930CF8"/><property name="ItemTypeIcon" value="bundle"/><property name="HoldType" value="45"/><property name="Meshfile" value="@:Other/Items/Misc/sackPrefab.prefab"/><property name="DropMeshfile" value="@:Other/Items/Misc/sack_droppedPrefab.prefab"/><property name="Material" value="Morganic"/><property name="Stacknumber" value="50"/><property name="SellableToTrader" value="false"/><property name="Group" value="Mods,Tool/Weapon Mods"/><property class="Action0"><property name="Class" value="OpenBundle"/><property name="Delay" value="0"/><property name="Sound_start" value="close_garbage"/><property name="Create_item" value="modRoboticDroneArmorPlatingMod"/><property name="Create_item_count" value="1"/></property></item></append>
<append xpath="/items"><item name="modRoboticDroneCargoModBundle"><property name="CustomIcon" value="modRoboticDroneCargoMod"/><property name="CustomIconTint" value="930CF8"/><property name="ItemTypeIcon" value="bundle"/><property name="HoldType" value="45"/><property name="Meshfile" value="@:Other/Items/Misc/sackPrefab.prefab"/><property name="DropMeshfile" value="@:Other/Items/Misc/sack_droppedPrefab.prefab"/><property name="Material" value="Morganic"/><property name="Stacknumber" value="50"/><property name="SellableToTrader" value="false"/><property name="Group" value="Mods,Tool/Weapon Mods"/><property class="Action0"><property name="Class" value="OpenBundle"/><property name="Delay" value="0"/><property name="Sound_start" value="close_garbage"/><property name="Create_item" value="modRoboticDroneCargoMod"/><property name="Create_item_count" value="1"/></property></item></append>
<append xpath="/items"><item name="modRoboticDroneHeadlampModBundle"><property name="CustomIcon" value="modRoboticDroneHeadlampMod"/><property name="CustomIconTint" value="930CF8"/><property name="ItemTypeIcon" value="bundle"/><property name="HoldType" value="45"/><property name="Meshfile" value="@:Other/Items/Misc/sackPrefab.prefab"/><property name="DropMeshfile" value="@:Other/Items/Misc/sack_droppedPrefab.prefab"/><property name="Material" value="Morganic"/><property name="Stacknumber" value="50"/><property name="SellableToTrader" value="false"/><property name="Group" value="Mods,Tool/Weapon Mods"/><property class="Action0"><property name="Class" value="OpenBundle"/><property name="Delay" value="0"/><property name="Sound_start" value="close_garbage"/><property name="Create_item" value="modRoboticDroneHeadlampMod"/><property name="Create_item_count" value="1"/></property></item></append>
<append xpath="/items"><item name="modRoboticDroneMedicModBundle"><property name="CustomIcon" value="modRoboticDroneMedicMod"/><property name="CustomIconTint" value="930CF8"/><property name="ItemTypeIcon" value="bundle"/><property name="HoldType" value="45"/><property name="Meshfile" value="@:Other/Items/Misc/sackPrefab.prefab"/><property name="DropMeshfile" value="@:Other/Items/Misc/sack_droppedPrefab.prefab"/><property name="Material" value="Morganic"/><property name="Stacknumber" value="50"/><property name="SellableToTrader" value="false"/><property name="Group" value="Mods,Tool/Weapon Mods"/><property class="Action0"><property name="Class" value="OpenBundle"/><property name="Delay" value="0"/><property name="Sound_start" value="close_garbage"/><property name="Create_item" value="modRoboticDroneMedicMod"/><property name="Create_item_count" value="1"/></property></item></append>
<append xpath="/items"><item name="modRoboticDroneMoraleBoosterModBundle"><property name="CustomIcon" value="modRoboticDroneMoraleBoosterMod"/><property name="CustomIconTint" value="930CF8"/><property name="ItemTypeIcon" value="bundle"/><property name="HoldType" value="45"/><property name="Meshfile" value="@:Other/Items/Misc/sackPrefab.prefab"/><property name="DropMeshfile" value="@:Other/Items/Misc/sack_droppedPrefab.prefab"/><property name="Material" value="Morganic"/><property name="Stacknumber" value="50"/><property name="SellableToTrader" value="false"/><property name="Group" value="Mods,Tool/Weapon Mods"/><property class="Action0"><property name="Class" value="OpenBundle"/><property name="Delay" value="0"/><property name="Sound_start" value="close_garbage"/><property name="Create_item" value="modRoboticDroneMoraleBoosterMod"/><property name="Create_item_count" value="1"/></property></item></append>
<append xpath="/items"><item name="modShotgunSawedOffBarrelBundle"><property name="CustomIcon" value="modShotgunSawedOffBarrel"/><property name="CustomIconTint" value="930CF8"/><property name="ItemTypeIcon" value="bundle"/><property name="HoldType" value="45"/><property name="Meshfile" value="@:Other/Items/Misc/sackPrefab.prefab"/><property name="DropMeshfile" value="@:Other/Items/Misc/sack_droppedPrefab.prefab"/><property name="Material" value="Morganic"/><property name="Stacknumber" value="50"/><property name="SellableToTrader" value="false"/><property name="Group" value="Mods,Tool/Weapon Mods"/><property class="Action0"><property name="Class" value="OpenBundle"/><property name="Delay" value="0"/><property name="Sound_start" value="close_garbage"/><property name="Create_item" value="modShotgunSawedOffBarrel"/><property name="Create_item_count" value="1"/></property></item></append>
<append xpath="/items"><item name="modVehicleExpandedSeatBundle"><property name="CustomIcon" value="modVehicleExpandedSeat"/><property name="CustomIconTint" value="930CF8"/><property name="ItemTypeIcon" value="bundle"/><property name="HoldType" value="45"/><property name="Meshfile" value="@:Other/Items/Misc/sackPrefab.prefab"/><property name="DropMeshfile" value="@:Other/Items/Misc/sack_droppedPrefab.prefab"/><property name="Material" value="Morganic"/><property name="Stacknumber" value="50"/><property name="SellableToTrader" value="false"/><property name="Group" value="Mods,Tool/Weapon Mods"/><property class="Action0"><property name="Class" value="OpenBundle"/><property name="Delay" value="0"/><property name="Sound_start" value="close_garbage"/><property name="Create_item" value="modVehicleExpandedSeat"/><property name="Create_item_count" value="1"/></property></item></append>
<append xpath="/items"><item name="modVehicleFuelSaverBundle"><property name="CustomIcon" value="modVehicleFuelSaver"/><property name="CustomIconTint" value="930CF8"/><property name="ItemTypeIcon" value="bundle"/><property name="HoldType" value="45"/><property name="Meshfile" value="@:Other/Items/Misc/sackPrefab.prefab"/><property name="DropMeshfile" value="@:Other/Items/Misc/sack_droppedPrefab.prefab"/><property name="Material" value="Morganic"/><property name="Stacknumber" value="50"/><property name="SellableToTrader" value="false"/><property name="Group" value="Mods,Tool/Weapon Mods"/><property class="Action0"><property name="Class" value="OpenBundle"/><property name="Delay" value="0"/><property name="Sound_start" value="close_garbage"/><property name="Create_item" value="modVehicleFuelSaver"/><property name="Create_item_count" value="1"/></property></item></append>
<append xpath="/items"><item name="modVehicleOffRoadHeadlightsBundle"><property name="CustomIcon" value="modVehicleOffRoadHeadlights"/><property name="CustomIconTint" value="930CF8"/><property name="ItemTypeIcon" value="bundle"/><property name="HoldType" value="45"/><property name="Meshfile" value="@:Other/Items/Misc/sackPrefab.prefab"/><property name="DropMeshfile" value="@:Other/Items/Misc/sack_droppedPrefab.prefab"/><property name="Material" value="Morganic"/><property name="Stacknumber" value="50"/><property name="SellableToTrader" value="false"/><property name="Group" value="Mods,Tool/Weapon Mods"/><property class="Action0"><property name="Class" value="OpenBundle"/><property name="Delay" value="0"/><property name="Sound_start" value="close_garbage"/><property name="Create_item" value="modVehicleOffRoadHeadlights"/><property name="Create_item_count" value="1"/></property></item></append>
<append xpath="/items"><item name="modVehicleReserveFuelTankBundle"><property name="CustomIcon" value="modVehicleReserveFuelTank"/><property name="CustomIconTint" value="930CF8"/><property name="ItemTypeIcon" value="bundle"/><property name="HoldType" value="45"/><property name="Meshfile" value="@:Other/Items/Misc/sackPrefab.prefab"/><property name="DropMeshfile" value="@:Other/Items/Misc/sack_droppedPrefab.prefab"/><property name="Material" value="Morganic"/><property name="Stacknumber" value="50"/><property name="SellableToTrader" value="false"/><property name="Group" value="Mods,Tool/Weapon Mods"/><property class="Action0"><property name="Class" value="OpenBundle"/><property name="Delay" value="0"/><property name="Sound_start" value="close_garbage"/><property name="Create_item" value="modVehicleReserveFuelTank"/><property name="Create_item_count" value="1"/></property></item></append>
<append xpath="/items"><item name="modVehicleSuperChargerBundle"><property name="CustomIcon" value="modVehicleSuperCharger"/><property name="CustomIconTint" value="930CF8"/><property name="ItemTypeIcon" value="bundle"/><property name="HoldType" value="45"/><property name="Meshfile" value="@:Other/Items/Misc/sackPrefab.prefab"/><property name="DropMeshfile" value="@:Other/Items/Misc/sack_droppedPrefab.prefab"/><property name="Material" value="Morganic"/><property name="Stacknumber" value="50"/><property name="SellableToTrader" value="false"/><property name="Group" value="Mods,Tool/Weapon Mods"/><property class="Action0"><property name="Class" value="OpenBundle"/><property name="Delay" value="0"/><property name="Sound_start" value="close_garbage"/><property name="Create_item" value="modVehicleSuperCharger"/><property name="Create_item_count" value="1"/></property></item></append>

</AGFVanillaPlus-BundleMods> 