<AGFVanillaPlus-Tier6Crafting>



<!--This is for the display purposes on the crafting list. To make mod work standalone, DELETE the buffs.xml.-->



<append xpath="/buffs/buff[@name='buffPerkAbilityUpdate']/effect_group[@name='craftingHarvestingToolsRecipes']">
	<requirement name="ProgressionLevel" progression_name="perkMiner69r" operation="LTE" value="3"/>
</append>
<append xpath="/buffs/buff[@name='buffPerkAbilityUpdate']/effect_group[@name='craftingRepairToolsRecipes']">
	<requirement name="ProgressionLevel" progression_name="perkMiner69r" operation="LTE" value="3"/>
</append>
<append xpath="/buffs/buff[@name='buffPerkAbilityUpdate']/effect_group[@name='craftingSalvageToolsRecipes']">
	<requirement name="ProgressionLevel" progression_name="perkSalvageOperations" operation="LTE" value="3"/>
</append>
<append xpath="/buffs/buff[@name='buffPerkAbilityUpdate']/effect_group[@name='craftingKnucklesRecipes']">
	<requirement name="ProgressionLevel" progression_name="perkBrawler" operation="LTE" value="3"/>
</append>
<append xpath="/buffs/buff[@name='buffPerkAbilityUpdate']/effect_group[@name='craftingBladesRecipes']">
	<requirement name="ProgressionLevel" progression_name="perkDeepCuts" operation="LTE" value="3"/>
</append>
<append xpath="/buffs/buff[@name='buffPerkAbilityUpdate']/effect_group[@name='craftingClubsRecipes']">
	<requirement name="ProgressionLevel" progression_name="perkPummelPete" operation="LTE" value="3"/>
</append>
<append xpath="/buffs/buff[@name='buffPerkAbilityUpdate']/effect_group[@name='craftingSledgehammersRecipes']">
	<requirement name="ProgressionLevel" progression_name="perkSkullCrusher" operation="LTE" value="3"/>
</append>
<append xpath="/buffs/buff[@name='buffPerkAbilityUpdate']/effect_group[@name='craftingBowsRecipes']">
	<requirement name="ProgressionLevel" progression_name="perkArchery" operation="LTE" value="3"/>
</append>
<append xpath="/buffs/buff[@name='buffPerkAbilityUpdate']/effect_group[@name='craftingSpearsRecipes']">
	<requirement name="ProgressionLevel" progression_name="perkJavelinMaster" operation="LTE" value="3"/>
</append>
<append xpath="/buffs/buff[@name='buffPerkAbilityUpdate']/effect_group[@name='craftingHandgunsRecipes']">
	<requirement name="ProgressionLevel" progression_name="perkGunslinger" operation="LTE" value="3"/>
</append>
<append xpath="/buffs/buff[@name='buffPerkAbilityUpdate']/effect_group[@name='craftingShotgunsRecipes']">
	<requirement name="ProgressionLevel" progression_name="perkBoomstick" operation="LTE" value="3"/>
</append>
<append xpath="/buffs/buff[@name='buffPerkAbilityUpdate']/effect_group[@name='craftingRiflesRecipes']">
	<requirement name="ProgressionLevel" progression_name="perkDeadEye" operation="LTE" value="3"/>
</append>
<append xpath="/buffs/buff[@name='buffPerkAbilityUpdate']/effect_group[@name='craftingMachineGunsRecipes']">
	<requirement name="ProgressionLevel" progression_name="perkMachineGunner" operation="LTE" value="3"/>
</append>
<append xpath="/buffs/buff[@name='buffPerkAbilityUpdate']/effect_group[@name='craftingExplosivesRecipes']/triggered_effect[@cvar='AGFCraftingRocketLauncher']">
	<requirement name="ProgressionLevel" progression_name="perkDemolitionsExpert" operation="LTE" value="3"/>
</append>



<append xpath="/buffs/buff[@name='buffPerkAbilityUpdate']/effect_group[@name='craftingRoboticsRecipes']/triggered_effect[@cvar='AGFCraftingPipeBaton']">
	<requirement name="ProgressionLevel" progression_name="perkElectrocutioner" operation="LTE" value="3"/>
</append>
<append xpath="/buffs/buff[@name='buffPerkAbilityUpdate']/effect_group[@name='craftingRoboticsRecipes']/triggered_effect[@cvar='AGFCraftingJunkSledge']">
	<requirement name="ProgressionLevel" progression_name="perkTurrets" operation="LTE" value="3"/>
</append>
<append xpath="/buffs/buff[@name='buffPerkAbilityUpdate']/effect_group[@name='craftingRoboticsRecipes']/triggered_effect[@cvar='AGFCraftingStunBaton']">
	<requirement name="ProgressionLevel" progression_name="perkElectrocutioner" operation="LTE" value="3"/>
</append>
<append xpath="/buffs/buff[@name='buffPerkAbilityUpdate']/effect_group[@name='craftingRoboticsRecipes']/triggered_effect[@cvar='AGFCraftingJunkTurret']">
	<requirement name="ProgressionLevel" progression_name="perkTurrets" operation="LTE" value="3"/>
</append>
<append xpath="/buffs/buff[@name='buffPerkAbilityUpdate']/effect_group[@name='craftingRoboticsRecipes']/triggered_effect[@cvar='AGFCraftingJunkDrone']">
	<requirement name="ProgressionLevel" progression_name="perkTurrets" operation="LTE" value="3"/>
</append>


<append xpath="/buffs/buff[@name='buffPerkAbilityUpdate']/effect_group[@name='craftingArmorRecipes']">
	<requirement name="ProgressionLevel" progression_name="perkLightArmor" operation="LTE" value="3"/>
	<requirement name="ProgressionLevel" progression_name="perkHeavyArmor" operation="LTE" value="3"/>
</append>

<append xpath="/buffs/buff[@name='buffPerkAbilityUpdate']/effect_group[@name='craftingElectricianRecipes']/triggered_effect[@cvar='AGFCraftingBattery']">
	<requirement name="ProgressionLevel" progression_name="perkAdvancedEngineering" operation="LTE" value="3"/>
</append>




<!--to display tier 6 correctly when reaching the right perk level.-->
<append xpath="/buffs/buff[@name='buffPerkAbilityUpdate']">

<!--extra code to help with making crafting tier 6 mod standalone-->
	<effect_group name="craftingHarvestingToolsRecipesTIER6">
		<requirement name="ProgressionLevel" progression_name="perkMiner69r" operation="GTE" value="4"/> <!--extra code to help with making tier 6 crafting standalone OR with vanilla plus-->
		<!--Stone Tools-->
			<triggered_effect trigger="onSelfBuffUpdate" action="ModifyCVar" cvar="AGFCraftingStoneTools" operation="set" value="2">
				<requirement name="ProgressionLevel" progression_name="craftingHarvestingTools" operation="GTE" value="1"/>
			</triggered_effect>
			<triggered_effect trigger="onSelfBuffUpdate" action="ModifyCVar" cvar="AGFCraftingStoneTools" operation="set" value="3">
				<requirement name="ProgressionLevel" progression_name="craftingHarvestingTools" operation="GTE" value="3"/>
			</triggered_effect>
			<triggered_effect trigger="onSelfBuffUpdate" action="ModifyCVar" cvar="AGFCraftingStoneTools" operation="set" value="4">
				<requirement name="ProgressionLevel" progression_name="craftingHarvestingTools" operation="GTE" value="5"/>
			</triggered_effect>
			<triggered_effect trigger="onSelfBuffUpdate" action="ModifyCVar" cvar="AGFCraftingStoneTools" operation="set" value="5">
				<requirement name="ProgressionLevel" progression_name="craftingHarvestingTools" operation="GTE" value="7"/>
			</triggered_effect>
			<triggered_effect trigger="onSelfBuffUpdate" action="ModifyCVar" cvar="AGFCraftingStoneTools" operation="set" value="6">
				<requirement name="ProgressionLevel" progression_name="craftingHarvestingTools" operation="GTE" value="10"/>
			</triggered_effect>
		
		<!--Iron Tools-->
			<triggered_effect trigger="onSelfBuffUpdate" action="ModifyCVar" cvar="AGFCraftingIronTools" operation="set" value="2">
				<requirement name="ProgressionLevel" progression_name="craftingHarvestingTools" operation="GTE" value="11"/>
			</triggered_effect>
			<triggered_effect trigger="onSelfBuffUpdate" action="ModifyCVar" cvar="AGFCraftingIronTools" operation="set" value="3">
				<requirement name="ProgressionLevel" progression_name="craftingHarvestingTools" operation="GTE" value="14"/>
			</triggered_effect>
			<triggered_effect trigger="onSelfBuffUpdate" action="ModifyCVar" cvar="AGFCraftingIronTools" operation="set" value="4">
				<requirement name="ProgressionLevel" progression_name="craftingHarvestingTools" operation="GTE" value="18"/>
			</triggered_effect>
			<triggered_effect trigger="onSelfBuffUpdate" action="ModifyCVar" cvar="AGFCraftingIronTools" operation="set" value="5">
				<requirement name="ProgressionLevel" progression_name="craftingHarvestingTools" operation="GTE" value="22"/>
			</triggered_effect>
			<triggered_effect trigger="onSelfBuffUpdate" action="ModifyCVar" cvar="AGFCraftingIronTools" operation="set" value="6">
				<requirement name="ProgressionLevel" progression_name="craftingHarvestingTools" operation="GTE" value="26"/>
			</triggered_effect>		
		
		<!--Steel Tools-->
			<triggered_effect trigger="onSelfBuffUpdate" action="ModifyCVar" cvar="AGFCraftingSteelTools" operation="set" value="2">
				<requirement name="ProgressionLevel" progression_name="craftingHarvestingTools" operation="GTE" value="27"/>
			</triggered_effect>
			<triggered_effect trigger="onSelfBuffUpdate" action="ModifyCVar" cvar="AGFCraftingSteelTools" operation="set" value="3">
				<requirement name="ProgressionLevel" progression_name="craftingHarvestingTools" operation="GTE" value="35"/>
			</triggered_effect>
			<triggered_effect trigger="onSelfBuffUpdate" action="ModifyCVar" cvar="AGFCraftingSteelTools" operation="set" value="4">
				<requirement name="ProgressionLevel" progression_name="craftingHarvestingTools" operation="GTE" value="43"/>
			</triggered_effect>
			<triggered_effect trigger="onSelfBuffUpdate" action="ModifyCVar" cvar="AGFCraftingSteelTools" operation="set" value="5">
				<requirement name="ProgressionLevel" progression_name="craftingHarvestingTools" operation="GTE" value="51"/>
			</triggered_effect>
			<triggered_effect trigger="onSelfBuffUpdate" action="ModifyCVar" cvar="AGFCraftingSteelTools" operation="set" value="6">
				<requirement name="ProgressionLevel" progression_name="craftingHarvestingTools" operation="GTE" value="59"/>
			</triggered_effect>		
			
		<!--Motor Tools-->
			<triggered_effect trigger="onSelfBuffUpdate" action="ModifyCVar" cvar="AGFCraftingMotorTools" operation="set" value="2">
				<requirement name="ProgressionLevel" progression_name="craftingHarvestingTools" operation="GTE" value="60"/>
			</triggered_effect>
			<triggered_effect trigger="onSelfBuffUpdate" action="ModifyCVar" cvar="AGFCraftingMotorTools" operation="set" value="3">
				<requirement name="ProgressionLevel" progression_name="craftingHarvestingTools" operation="GTE" value="70"/>
			</triggered_effect>
			<triggered_effect trigger="onSelfBuffUpdate" action="ModifyCVar" cvar="AGFCraftingMotorTools" operation="set" value="4">
				<requirement name="ProgressionLevel" progression_name="craftingHarvestingTools" operation="GTE" value="80"/>
			</triggered_effect>
			<triggered_effect trigger="onSelfBuffUpdate" action="ModifyCVar" cvar="AGFCraftingMotorTools" operation="set" value="5">
				<requirement name="ProgressionLevel" progression_name="craftingHarvestingTools" operation="GTE" value="90"/>
			</triggered_effect>
			<triggered_effect trigger="onSelfBuffUpdate" action="ModifyCVar" cvar="AGFCraftingMotorTools" operation="set" value="6">
				<requirement name="ProgressionLevel" progression_name="craftingHarvestingTools" operation="GTE" value="100"/>
			</triggered_effect>		
	</effect_group>

	<effect_group name="craftingRepairToolsRecipesTIER6">
		<requirement name="ProgressionLevel" progression_name="perkMiner69r" operation="GTE" value="4"/> <!--extra code to help with making tier 6 crafting standalone OR with vanilla plus-->	
		<!--Clay Hammer-->
			<triggered_effect trigger="onSelfBuffUpdate" action="ModifyCVar" cvar="AGFCraftingClawHammer" operation="set" value="2">
				<requirement name="ProgressionLevel" progression_name="craftingRepairTools" operation="GTE" value="5"/>
			</triggered_effect>
			<triggered_effect trigger="onSelfBuffUpdate" action="ModifyCVar" cvar="AGFCraftingClawHammer" operation="set" value="3">
				<requirement name="ProgressionLevel" progression_name="craftingRepairTools" operation="GTE" value="10"/>
			</triggered_effect>
			<triggered_effect trigger="onSelfBuffUpdate" action="ModifyCVar" cvar="AGFCraftingClawHammer" operation="set" value="4">
				<requirement name="ProgressionLevel" progression_name="craftingRepairTools" operation="GTE" value="15"/>
			</triggered_effect>
			<triggered_effect trigger="onSelfBuffUpdate" action="ModifyCVar" cvar="AGFCraftingClawHammer" operation="set" value="5">
				<requirement name="ProgressionLevel" progression_name="craftingRepairTools" operation="GTE" value="20"/>
			</triggered_effect>
			<triggered_effect trigger="onSelfBuffUpdate" action="ModifyCVar" cvar="AGFCraftingClawHammer" operation="set" value="6">
				<requirement name="ProgressionLevel" progression_name="craftingRepairTools" operation="GTE" value="25"/>
			</triggered_effect>
		
		<!--Nailgun-->
			<triggered_effect trigger="onSelfBuffUpdate" action="ModifyCVar" cvar="AGFCraftingNailgun" operation="set" value="2">
				<requirement name="ProgressionLevel" progression_name="craftingRepairTools" operation="GTE" value="26"/>
			</triggered_effect>
			<triggered_effect trigger="onSelfBuffUpdate" action="ModifyCVar" cvar="AGFCraftingNailgun" operation="set" value="3">
				<requirement name="ProgressionLevel" progression_name="craftingRepairTools" operation="GTE" value="30"/>
			</triggered_effect>
			<triggered_effect trigger="onSelfBuffUpdate" action="ModifyCVar" cvar="AGFCraftingNailgun" operation="set" value="4">
				<requirement name="ProgressionLevel" progression_name="craftingRepairTools" operation="GTE" value="35"/>
			</triggered_effect>
			<triggered_effect trigger="onSelfBuffUpdate" action="ModifyCVar" cvar="AGFCraftingNailgun" operation="set" value="5">
				<requirement name="ProgressionLevel" progression_name="craftingRepairTools" operation="GTE" value="40"/>
			</triggered_effect>
			<triggered_effect trigger="onSelfBuffUpdate" action="ModifyCVar" cvar="AGFCraftingNailgun" operation="set" value="6">
				<requirement name="ProgressionLevel" progression_name="craftingRepairTools" operation="GTE" value="50"/>
			</triggered_effect>		
	</effect_group>

	<effect_group name="craftingSalvageToolsRecipesTIER6">
		<requirement name="ProgressionLevel" progression_name="perkSalvageOperations" operation="GTE" value="4"/> <!--extra code to help with making tier 6 crafting standalone OR with vanilla plus-->	
		<!--Wrench-->
			<triggered_effect trigger="onSelfBuffUpdate" action="ModifyCVar" cvar="AGFCraftingWrench" operation="set" value="2">
				<requirement name="ProgressionLevel" progression_name="craftingSalvageTools" operation="GTE" value="2"/>
			</triggered_effect>
			<triggered_effect trigger="onSelfBuffUpdate" action="ModifyCVar" cvar="AGFCraftingWrench" operation="set" value="3">
				<requirement name="ProgressionLevel" progression_name="craftingSalvageTools" operation="GTE" value="6"/>
			</triggered_effect>
			<triggered_effect trigger="onSelfBuffUpdate" action="ModifyCVar" cvar="AGFCraftingWrench" operation="set" value="4">
				<requirement name="ProgressionLevel" progression_name="craftingSalvageTools" operation="GTE" value="11"/>
			</triggered_effect>
			<triggered_effect trigger="onSelfBuffUpdate" action="ModifyCVar" cvar="AGFCraftingWrench" operation="set" value="5">
				<requirement name="ProgressionLevel" progression_name="craftingSalvageTools" operation="GTE" value="16"/>
			</triggered_effect>
			<triggered_effect trigger="onSelfBuffUpdate" action="ModifyCVar" cvar="AGFCraftingWrench" operation="set" value="6">
				<requirement name="ProgressionLevel" progression_name="craftingSalvageTools" operation="GTE" value="21"/>
			</triggered_effect>

		<!--Ratchet-->
			<triggered_effect trigger="onSelfBuffUpdate" action="ModifyCVar" cvar="AGFCraftingRatchet" operation="set" value="2">
				<requirement name="ProgressionLevel" progression_name="craftingSalvageTools" operation="GTE" value="22"/>
			</triggered_effect>
			<triggered_effect trigger="onSelfBuffUpdate" action="ModifyCVar" cvar="AGFCraftingRatchet" operation="set" value="3">
				<requirement name="ProgressionLevel" progression_name="craftingSalvageTools" operation="GTE" value="28"/>
			</triggered_effect>
			<triggered_effect trigger="onSelfBuffUpdate" action="ModifyCVar" cvar="AGFCraftingRatchet" operation="set" value="4">
				<requirement name="ProgressionLevel" progression_name="craftingSalvageTools" operation="GTE" value="34"/>
			</triggered_effect>
			<triggered_effect trigger="onSelfBuffUpdate" action="ModifyCVar" cvar="AGFCraftingRatchet" operation="set" value="5">
				<requirement name="ProgressionLevel" progression_name="craftingSalvageTools" operation="GTE" value="40"/>
			</triggered_effect>
			<triggered_effect trigger="onSelfBuffUpdate" action="ModifyCVar" cvar="AGFCraftingRatchet" operation="set" value="6">
				<requirement name="ProgressionLevel" progression_name="craftingSalvageTools" operation="GTE" value="46"/>
			</triggered_effect>
		
		<!--Impact Driver-->
			<triggered_effect trigger="onSelfBuffUpdate" action="ModifyCVar" cvar="AGFCraftingImpactDriver" operation="set" value="2">
				<requirement name="ProgressionLevel" progression_name="craftingSalvageTools" operation="GTE" value="47"/>
			</triggered_effect>
			<triggered_effect trigger="onSelfBuffUpdate" action="ModifyCVar" cvar="AGFCraftingImpactDriver" operation="set" value="3">
				<requirement name="ProgressionLevel" progression_name="craftingSalvageTools" operation="GTE" value="54"/>
			</triggered_effect>
			<triggered_effect trigger="onSelfBuffUpdate" action="ModifyCVar" cvar="AGFCraftingImpactDriver" operation="set" value="4">
				<requirement name="ProgressionLevel" progression_name="craftingSalvageTools" operation="GTE" value="61"/>
			</triggered_effect>
			<triggered_effect trigger="onSelfBuffUpdate" action="ModifyCVar" cvar="AGFCraftingImpactDriver" operation="set" value="5">
				<requirement name="ProgressionLevel" progression_name="craftingSalvageTools" operation="GTE" value="68"/>
			</triggered_effect>
			<triggered_effect trigger="onSelfBuffUpdate" action="ModifyCVar" cvar="AGFCraftingImpactDriver" operation="set" value="6">
				<requirement name="ProgressionLevel" progression_name="craftingSalvageTools" operation="GTE" value="75"/>
			</triggered_effect>
	</effect_group>	
		
	<effect_group name="craftingKnucklesRecipesTIER6">
		<requirement name="ProgressionLevel" progression_name="perkBrawler" operation="GTE" value="4"/> <!--extra code to help with making tier 6 crafting standalone OR with vanilla plus-->	
		<!--Leather Knuckles-->
			<triggered_effect trigger="onSelfBuffUpdate" action="ModifyCVar" cvar="AGFCraftingLeatherKnuckles" operation="set" value="2">
				<requirement name="ProgressionLevel" progression_name="craftingKnuckles" operation="GTE" value="1"/>
			</triggered_effect>
			<triggered_effect trigger="onSelfBuffUpdate" action="ModifyCVar" cvar="AGFCraftingLeatherKnuckles" operation="set" value="3">
				<requirement name="ProgressionLevel" progression_name="craftingKnuckles" operation="GTE" value="3"/>
			</triggered_effect>
			<triggered_effect trigger="onSelfBuffUpdate" action="ModifyCVar" cvar="AGFCraftingLeatherKnuckles" operation="set" value="4">
				<requirement name="ProgressionLevel" progression_name="craftingKnuckles" operation="GTE" value="5"/>
			</triggered_effect>
			<triggered_effect trigger="onSelfBuffUpdate" action="ModifyCVar" cvar="AGFCraftingLeatherKnuckles" operation="set" value="5">
				<requirement name="ProgressionLevel" progression_name="craftingKnuckles" operation="GTE" value="7"/>
			</triggered_effect>
			<triggered_effect trigger="onSelfBuffUpdate" action="ModifyCVar" cvar="AGFCraftingLeatherKnuckles" operation="set" value="6">
				<requirement name="ProgressionLevel" progression_name="craftingKnuckles" operation="GTE" value="10"/>
			</triggered_effect>

		<!--Iron Knuckles-->
			<triggered_effect trigger="onSelfBuffUpdate" action="ModifyCVar" cvar="AGFCraftingIronKnuckles" operation="set" value="2">
				<requirement name="ProgressionLevel" progression_name="craftingKnuckles" operation="GTE" value="11"/>
			</triggered_effect>
			<triggered_effect trigger="onSelfBuffUpdate" action="ModifyCVar" cvar="AGFCraftingIronKnuckles" operation="set" value="3">
				<requirement name="ProgressionLevel" progression_name="craftingKnuckles" operation="GTE" value="17"/>
			</triggered_effect>
			<triggered_effect trigger="onSelfBuffUpdate" action="ModifyCVar" cvar="AGFCraftingIronKnuckles" operation="set" value="4">
				<requirement name="ProgressionLevel" progression_name="craftingKnuckles" operation="GTE" value="24"/>
			</triggered_effect>
			<triggered_effect trigger="onSelfBuffUpdate" action="ModifyCVar" cvar="AGFCraftingIronKnuckles" operation="set" value="5">
				<requirement name="ProgressionLevel" progression_name="craftingKnuckles" operation="GTE" value="31"/>
			</triggered_effect>
			<triggered_effect trigger="onSelfBuffUpdate" action="ModifyCVar" cvar="AGFCraftingIronKnuckles" operation="set" value="6">
				<requirement name="ProgressionLevel" progression_name="craftingKnuckles" operation="GTE" value="38"/>
			</triggered_effect>
		
		<!--Steel Knuckles-->
			<triggered_effect trigger="onSelfBuffUpdate" action="ModifyCVar" cvar="AGFCraftingSteelKnuckles" operation="set" value="2">
				<requirement name="ProgressionLevel" progression_name="craftingKnuckles" operation="GTE" value="39"/>
			</triggered_effect>
			<triggered_effect trigger="onSelfBuffUpdate" action="ModifyCVar" cvar="AGFCraftingSteelKnuckles" operation="set" value="3">
				<requirement name="ProgressionLevel" progression_name="craftingKnuckles" operation="GTE" value="48"/>
			</triggered_effect>
			<triggered_effect trigger="onSelfBuffUpdate" action="ModifyCVar" cvar="AGFCraftingSteelKnuckles" operation="set" value="4">
				<requirement name="ProgressionLevel" progression_name="craftingKnuckles" operation="GTE" value="57"/>
			</triggered_effect>
			<triggered_effect trigger="onSelfBuffUpdate" action="ModifyCVar" cvar="AGFCraftingSteelKnuckles" operation="set" value="5">
				<requirement name="ProgressionLevel" progression_name="craftingKnuckles" operation="GTE" value="66"/>
			</triggered_effect>
			<triggered_effect trigger="onSelfBuffUpdate" action="ModifyCVar" cvar="AGFCraftingSteelKnuckles" operation="set" value="6">
				<requirement name="ProgressionLevel" progression_name="craftingKnuckles" operation="GTE" value="75"/>
			</triggered_effect>
	</effect_group>	
			
	<effect_group name="craftingBladesRecipesTIER6">
		<requirement name="ProgressionLevel" progression_name="perkDeepCuts" operation="GTE" value="4"/> <!--extra code to help with making tier 6 crafting standalone OR with vanilla plus-->	
		<!--Bone Knife-->
			<triggered_effect trigger="onSelfBuffUpdate" action="ModifyCVar" cvar="AGFCraftingBoneKnife" operation="set" value="2">
				<requirement name="ProgressionLevel" progression_name="craftingBlades" operation="GTE" value="1"/>
			</triggered_effect>
			<triggered_effect trigger="onSelfBuffUpdate" action="ModifyCVar" cvar="AGFCraftingBoneKnife" operation="set" value="3">
				<requirement name="ProgressionLevel" progression_name="craftingBlades" operation="GTE" value="3"/>
			</triggered_effect>
			<triggered_effect trigger="onSelfBuffUpdate" action="ModifyCVar" cvar="AGFCraftingBoneKnife" operation="set" value="4">
				<requirement name="ProgressionLevel" progression_name="craftingBlades" operation="GTE" value="5"/>
			</triggered_effect>
			<triggered_effect trigger="onSelfBuffUpdate" action="ModifyCVar" cvar="AGFCraftingBoneKnife" operation="set" value="5">
				<requirement name="ProgressionLevel" progression_name="craftingBlades" operation="GTE" value="7"/>
			</triggered_effect>
			<triggered_effect trigger="onSelfBuffUpdate" action="ModifyCVar" cvar="AGFCraftingBoneKnife" operation="set" value="6">
				<requirement name="ProgressionLevel" progression_name="craftingBlades" operation="GTE" value="10"/>
			</triggered_effect>

		<!--Hunting Knife-->
			<triggered_effect trigger="onSelfBuffUpdate" action="ModifyCVar" cvar="AGFCraftingHuntingKnife" operation="set" value="2">
				<requirement name="ProgressionLevel" progression_name="craftingBlades" operation="GTE" value="11"/>
			</triggered_effect>
			<triggered_effect trigger="onSelfBuffUpdate" action="ModifyCVar" cvar="AGFCraftingHuntingKnife" operation="set" value="3">
				<requirement name="ProgressionLevel" progression_name="craftingBlades" operation="GTE" value="17"/>
			</triggered_effect>
			<triggered_effect trigger="onSelfBuffUpdate" action="ModifyCVar" cvar="AGFCraftingHuntingKnife" operation="set" value="4">
				<requirement name="ProgressionLevel" progression_name="craftingBlades" operation="GTE" value="24"/>
			</triggered_effect>
			<triggered_effect trigger="onSelfBuffUpdate" action="ModifyCVar" cvar="AGFCraftingHuntingKnife" operation="set" value="5">
				<requirement name="ProgressionLevel" progression_name="craftingBlades" operation="GTE" value="31"/>
			</triggered_effect>
			<triggered_effect trigger="onSelfBuffUpdate" action="ModifyCVar" cvar="AGFCraftingHuntingKnife" operation="set" value="6">
				<requirement name="ProgressionLevel" progression_name="craftingBlades" operation="GTE" value="38"/>
			</triggered_effect>
		
		<!--Machete-->
			<triggered_effect trigger="onSelfBuffUpdate" action="ModifyCVar" cvar="AGFCraftingMachete" operation="set" value="2">
				<requirement name="ProgressionLevel" progression_name="craftingBlades" operation="GTE" value="39"/>
			</triggered_effect>
			<triggered_effect trigger="onSelfBuffUpdate" action="ModifyCVar" cvar="AGFCraftingMachete" operation="set" value="3">
				<requirement name="ProgressionLevel" progression_name="craftingBlades" operation="GTE" value="48"/>
			</triggered_effect>
			<triggered_effect trigger="onSelfBuffUpdate" action="ModifyCVar" cvar="AGFCraftingMachete" operation="set" value="4">
				<requirement name="ProgressionLevel" progression_name="craftingBlades" operation="GTE" value="57"/>
			</triggered_effect>
			<triggered_effect trigger="onSelfBuffUpdate" action="ModifyCVar" cvar="AGFCraftingMachete" operation="set" value="5">
				<requirement name="ProgressionLevel" progression_name="craftingBlades" operation="GTE" value="66"/>
			</triggered_effect>
			<triggered_effect trigger="onSelfBuffUpdate" action="ModifyCVar" cvar="AGFCraftingMachete" operation="set" value="6">
				<requirement name="ProgressionLevel" progression_name="craftingBlades" operation="GTE" value="75"/>
			</triggered_effect>
	</effect_group>	
				
	<effect_group name="craftingClubsRecipesTIER6">
		<requirement name="ProgressionLevel" progression_name="perkPummelPete" operation="GTE" value="4"/> <!--extra code to help with making tier 6 crafting standalone OR with vanilla plus-->	
		<!--Wooden Club-->
			<triggered_effect trigger="onSelfBuffUpdate" action="ModifyCVar" cvar="AGFCraftingWoodClub" operation="set" value="2">
				<requirement name="ProgressionLevel" progression_name="craftingClubs" operation="GTE" value="1"/>
			</triggered_effect>
			<triggered_effect trigger="onSelfBuffUpdate" action="ModifyCVar" cvar="AGFCraftingWoodClub" operation="set" value="3">
				<requirement name="ProgressionLevel" progression_name="craftingClubs" operation="GTE" value="3"/>
			</triggered_effect>
			<triggered_effect trigger="onSelfBuffUpdate" action="ModifyCVar" cvar="AGFCraftingWoodClub" operation="set" value="4">
				<requirement name="ProgressionLevel" progression_name="craftingClubs" operation="GTE" value="5"/>
			</triggered_effect>
			<triggered_effect trigger="onSelfBuffUpdate" action="ModifyCVar" cvar="AGFCraftingWoodClub" operation="set" value="5">
				<requirement name="ProgressionLevel" progression_name="craftingClubs" operation="GTE" value="7"/>
			</triggered_effect>
			<triggered_effect trigger="onSelfBuffUpdate" action="ModifyCVar" cvar="AGFCraftingWoodClub" operation="set" value="6">
				<requirement name="ProgressionLevel" progression_name="craftingClubs" operation="GTE" value="10"/>
			</triggered_effect>

		<!--Baseball Bat-->
			<triggered_effect trigger="onSelfBuffUpdate" action="ModifyCVar" cvar="AGFCraftingBBat" operation="set" value="2">
				<requirement name="ProgressionLevel" progression_name="craftingClubs" operation="GTE" value="11"/>
			</triggered_effect>
			<triggered_effect trigger="onSelfBuffUpdate" action="ModifyCVar" cvar="AGFCraftingBBat" operation="set" value="3">
				<requirement name="ProgressionLevel" progression_name="craftingClubs" operation="GTE" value="17"/>
			</triggered_effect>
			<triggered_effect trigger="onSelfBuffUpdate" action="ModifyCVar" cvar="AGFCraftingBBat" operation="set" value="4">
				<requirement name="ProgressionLevel" progression_name="craftingClubs" operation="GTE" value="24"/>
			</triggered_effect>
			<triggered_effect trigger="onSelfBuffUpdate" action="ModifyCVar" cvar="AGFCraftingBBat" operation="set" value="5">
				<requirement name="ProgressionLevel" progression_name="craftingClubs" operation="GTE" value="31"/>
			</triggered_effect>
			<triggered_effect trigger="onSelfBuffUpdate" action="ModifyCVar" cvar="AGFCraftingBBat" operation="set" value="6">
				<requirement name="ProgressionLevel" progression_name="craftingClubs" operation="GTE" value="38"/>
			</triggered_effect>
		
		<!--Steel Club-->
			<triggered_effect trigger="onSelfBuffUpdate" action="ModifyCVar" cvar="AGFCraftingSteelClub" operation="set" value="2">
				<requirement name="ProgressionLevel" progression_name="craftingClubs" operation="GTE" value="39"/>
			</triggered_effect>
			<triggered_effect trigger="onSelfBuffUpdate" action="ModifyCVar" cvar="AGFCraftingSteelClub" operation="set" value="3">
				<requirement name="ProgressionLevel" progression_name="craftingClubs" operation="GTE" value="48"/>
			</triggered_effect>
			<triggered_effect trigger="onSelfBuffUpdate" action="ModifyCVar" cvar="AGFCraftingSteelClub" operation="set" value="4">
				<requirement name="ProgressionLevel" progression_name="craftingClubs" operation="GTE" value="57"/>
			</triggered_effect>
			<triggered_effect trigger="onSelfBuffUpdate" action="ModifyCVar" cvar="AGFCraftingSteelClub" operation="set" value="5">
				<requirement name="ProgressionLevel" progression_name="craftingClubs" operation="GTE" value="66"/>
			</triggered_effect>
			<triggered_effect trigger="onSelfBuffUpdate" action="ModifyCVar" cvar="AGFCraftingSteelClub" operation="set" value="6">
				<requirement name="ProgressionLevel" progression_name="craftingClubs" operation="GTE" value="75"/>
			</triggered_effect>
	</effect_group>	
	
	<effect_group name="craftingSledgehammersRecipesTIER6">
		<requirement name="ProgressionLevel" progression_name="perkSkullCrusher" operation="GTE" value="4"/> <!--extra code to help with making tier 6 crafting standalone OR with vanilla plus-->	
		<!--Stone Sledgehammer-->
			<triggered_effect trigger="onSelfBuffUpdate" action="ModifyCVar" cvar="AGFCraftingStoneSledge" operation="set" value="2">
				<requirement name="ProgressionLevel" progression_name="craftingSledgehammers" operation="GTE" value="1"/>
			</triggered_effect>
			<triggered_effect trigger="onSelfBuffUpdate" action="ModifyCVar" cvar="AGFCraftingStoneSledge" operation="set" value="3">
				<requirement name="ProgressionLevel" progression_name="craftingSledgehammers" operation="GTE" value="3"/>
			</triggered_effect>
			<triggered_effect trigger="onSelfBuffUpdate" action="ModifyCVar" cvar="AGFCraftingStoneSledge" operation="set" value="4">
				<requirement name="ProgressionLevel" progression_name="craftingSledgehammers" operation="GTE" value="5"/>
			</triggered_effect>
			<triggered_effect trigger="onSelfBuffUpdate" action="ModifyCVar" cvar="AGFCraftingStoneSledge" operation="set" value="5">
				<requirement name="ProgressionLevel" progression_name="craftingSledgehammers" operation="GTE" value="7"/>
			</triggered_effect>
			<triggered_effect trigger="onSelfBuffUpdate" action="ModifyCVar" cvar="AGFCraftingStoneSledge" operation="set" value="6">
				<requirement name="ProgressionLevel" progression_name="craftingSledgehammers" operation="GTE" value="10"/>
			</triggered_effect>

		<!--Iron Sledgehammer-->
			<triggered_effect trigger="onSelfBuffUpdate" action="ModifyCVar" cvar="AGFCraftingIronSledge" operation="set" value="2">
				<requirement name="ProgressionLevel" progression_name="craftingSledgehammers" operation="GTE" value="11"/>
			</triggered_effect>
			<triggered_effect trigger="onSelfBuffUpdate" action="ModifyCVar" cvar="AGFCraftingIronSledge" operation="set" value="3">
				<requirement name="ProgressionLevel" progression_name="craftingSledgehammers" operation="GTE" value="17"/>
			</triggered_effect>
			<triggered_effect trigger="onSelfBuffUpdate" action="ModifyCVar" cvar="AGFCraftingIronSledge" operation="set" value="4">
				<requirement name="ProgressionLevel" progression_name="craftingSledgehammers" operation="GTE" value="24"/>
			</triggered_effect>
			<triggered_effect trigger="onSelfBuffUpdate" action="ModifyCVar" cvar="AGFCraftingIronSledge" operation="set" value="5">
				<requirement name="ProgressionLevel" progression_name="craftingSledgehammers" operation="GTE" value="31"/>
			</triggered_effect>
			<triggered_effect trigger="onSelfBuffUpdate" action="ModifyCVar" cvar="AGFCraftingIronSledge" operation="set" value="6">
				<requirement name="ProgressionLevel" progression_name="craftingSledgehammers" operation="GTE" value="38"/>
			</triggered_effect>
		
		<!--Steel Sledgehammer-->
			<triggered_effect trigger="onSelfBuffUpdate" action="ModifyCVar" cvar="AGFCraftingSteelSledge" operation="set" value="2">
				<requirement name="ProgressionLevel" progression_name="craftingSledgehammers" operation="GTE" value="39"/>
			</triggered_effect>
			<triggered_effect trigger="onSelfBuffUpdate" action="ModifyCVar" cvar="AGFCraftingSteelSledge" operation="set" value="3">
				<requirement name="ProgressionLevel" progression_name="craftingSledgehammers" operation="GTE" value="48"/>
			</triggered_effect>
			<triggered_effect trigger="onSelfBuffUpdate" action="ModifyCVar" cvar="AGFCraftingSteelSledge" operation="set" value="4">
				<requirement name="ProgressionLevel" progression_name="craftingSledgehammers" operation="GTE" value="57"/>
			</triggered_effect>
			<triggered_effect trigger="onSelfBuffUpdate" action="ModifyCVar" cvar="AGFCraftingSteelSledge" operation="set" value="5">
				<requirement name="ProgressionLevel" progression_name="craftingSledgehammers" operation="GTE" value="66"/>
			</triggered_effect>
			<triggered_effect trigger="onSelfBuffUpdate" action="ModifyCVar" cvar="AGFCraftingSteelSledge" operation="set" value="6">
				<requirement name="ProgressionLevel" progression_name="craftingSledgehammers" operation="GTE" value="75"/>
			</triggered_effect>
	</effect_group>	
		
	<effect_group name="craftingBowsRecipesTIER6">
		<requirement name="ProgressionLevel" progression_name="perkArchery" operation="GTE" value="4"/> <!--extra code to help with making tier 6 crafting standalone OR with vanilla plus-->	
		<!--Primitive Bow-->
			<triggered_effect trigger="onSelfBuffUpdate" action="ModifyCVar" cvar="AGFCraftingPrimitiveBow" operation="set" value="2">
				<requirement name="ProgressionLevel" progression_name="craftingBows" operation="GTE" value="1"/>
			</triggered_effect>
			<triggered_effect trigger="onSelfBuffUpdate" action="ModifyCVar" cvar="AGFCraftingPrimitiveBow" operation="set" value="3">
				<requirement name="ProgressionLevel" progression_name="craftingBows" operation="GTE" value="3"/>
			</triggered_effect>
			<triggered_effect trigger="onSelfBuffUpdate" action="ModifyCVar" cvar="AGFCraftingPrimitiveBow" operation="set" value="4">
				<requirement name="ProgressionLevel" progression_name="craftingBows" operation="GTE" value="5"/>
			</triggered_effect>
			<triggered_effect trigger="onSelfBuffUpdate" action="ModifyCVar" cvar="AGFCraftingPrimitiveBow" operation="set" value="5">
				<requirement name="ProgressionLevel" progression_name="craftingBows" operation="GTE" value="7"/>
			</triggered_effect>
			<triggered_effect trigger="onSelfBuffUpdate" action="ModifyCVar" cvar="AGFCraftingPrimitiveBow" operation="set" value="6">
				<requirement name="ProgressionLevel" progression_name="craftingBows" operation="GTE" value="9"/>
			</triggered_effect>

		<!--Wooden Bow-->
			<triggered_effect trigger="onSelfBuffUpdate" action="ModifyCVar" cvar="AGFCraftingWoodenBow" operation="set" value="2">
				<requirement name="ProgressionLevel" progression_name="craftingBows" operation="GTE" value="10"/>
			</triggered_effect>
			<triggered_effect trigger="onSelfBuffUpdate" action="ModifyCVar" cvar="AGFCraftingWoodenBow" operation="set" value="3">
				<requirement name="ProgressionLevel" progression_name="craftingBows" operation="GTE" value="12"/>
			</triggered_effect>
			<triggered_effect trigger="onSelfBuffUpdate" action="ModifyCVar" cvar="AGFCraftingWoodenBow" operation="set" value="4">
				<requirement name="ProgressionLevel" progression_name="craftingBows" operation="GTE" value="15"/>
			</triggered_effect>
			<triggered_effect trigger="onSelfBuffUpdate" action="ModifyCVar" cvar="AGFCraftingWoodenBow" operation="set" value="5">
				<requirement name="ProgressionLevel" progression_name="craftingBows" operation="GTE" value="18"/>
			</triggered_effect>
			<triggered_effect trigger="onSelfBuffUpdate" action="ModifyCVar" cvar="AGFCraftingWoodenBow" operation="set" value="6">
				<requirement name="ProgressionLevel" progression_name="craftingBows" operation="GTE" value="21"/>
			</triggered_effect>
			
		<!--Iron Crossbow-->
			<triggered_effect trigger="onSelfBuffUpdate" action="ModifyCVar" cvar="AGFCraftingIronCrossbow" operation="set" value="2">
				<requirement name="ProgressionLevel" progression_name="craftingBows" operation="GTE" value="22"/>
			</triggered_effect>
			<triggered_effect trigger="onSelfBuffUpdate" action="ModifyCVar" cvar="AGFCraftingIronCrossbow" operation="set" value="3">
				<requirement name="ProgressionLevel" progression_name="craftingBows" operation="GTE" value="26"/>
			</triggered_effect>
			<triggered_effect trigger="onSelfBuffUpdate" action="ModifyCVar" cvar="AGFCraftingIronCrossbow" operation="set" value="4">
				<requirement name="ProgressionLevel" progression_name="craftingBows" operation="GTE" value="30"/>
			</triggered_effect>
			<triggered_effect trigger="onSelfBuffUpdate" action="ModifyCVar" cvar="AGFCraftingIronCrossbow" operation="set" value="5">
				<requirement name="ProgressionLevel" progression_name="craftingBows" operation="GTE" value="34"/>
			</triggered_effect>
			<triggered_effect trigger="onSelfBuffUpdate" action="ModifyCVar" cvar="AGFCraftingIronCrossbow" operation="set" value="6">
				<requirement name="ProgressionLevel" progression_name="craftingBows" operation="GTE" value="38"/>
			</triggered_effect>
	
		<!--Compound Bow-->
			<triggered_effect trigger="onSelfBuffUpdate" action="ModifyCVar" cvar="AGFCraftingCompoundBow" operation="set" value="2">
				<requirement name="ProgressionLevel" progression_name="craftingBows" operation="GTE" value="39"/>
			</triggered_effect>
			<triggered_effect trigger="onSelfBuffUpdate" action="ModifyCVar" cvar="AGFCraftingCompoundBow" operation="set" value="3">
				<requirement name="ProgressionLevel" progression_name="craftingBows" operation="GTE" value="46"/>
			</triggered_effect>
			<triggered_effect trigger="onSelfBuffUpdate" action="ModifyCVar" cvar="AGFCraftingCompoundBow" operation="set" value="4">
				<requirement name="ProgressionLevel" progression_name="craftingBows" operation="GTE" value="53"/>
			</triggered_effect>
			<triggered_effect trigger="onSelfBuffUpdate" action="ModifyCVar" cvar="AGFCraftingCompoundBow" operation="set" value="5">
				<requirement name="ProgressionLevel" progression_name="craftingBows" operation="GTE" value="60"/>
			</triggered_effect>
			<triggered_effect trigger="onSelfBuffUpdate" action="ModifyCVar" cvar="AGFCraftingCompoundBow" operation="set" value="6">
				<requirement name="ProgressionLevel" progression_name="craftingBows" operation="GTE" value="67"/>
			</triggered_effect>
			
		<!--Compound Crossbow-->
			<triggered_effect trigger="onSelfBuffUpdate" action="ModifyCVar" cvar="AGFCraftingCompoundCrossbow" operation="set" value="2">
				<requirement name="ProgressionLevel" progression_name="craftingBows" operation="GTE" value="68"/>
			</triggered_effect>
			<triggered_effect trigger="onSelfBuffUpdate" action="ModifyCVar" cvar="AGFCraftingCompoundCrossbow" operation="set" value="3">
				<requirement name="ProgressionLevel" progression_name="craftingBows" operation="GTE" value="76"/>
			</triggered_effect>
			<triggered_effect trigger="onSelfBuffUpdate" action="ModifyCVar" cvar="AGFCraftingCompoundCrossbow" operation="set" value="4">
				<requirement name="ProgressionLevel" progression_name="craftingBows" operation="GTE" value="84"/>
			</triggered_effect>
			<triggered_effect trigger="onSelfBuffUpdate" action="ModifyCVar" cvar="AGFCraftingCompoundCrossbow" operation="set" value="5">
				<requirement name="ProgressionLevel" progression_name="craftingBows" operation="GTE" value="92"/>
			</triggered_effect>
			<triggered_effect trigger="onSelfBuffUpdate" action="ModifyCVar" cvar="AGFCraftingCompoundCrossbow" operation="set" value="6">
				<requirement name="ProgressionLevel" progression_name="craftingBows" operation="GTE" value="100"/>
			</triggered_effect>
	</effect_group>	
		
	<effect_group name="craftingSpearsRecipesTIER6">
		<requirement name="ProgressionLevel" progression_name="perkJavelinMaster" operation="GTE" value="4"/> <!--extra code to help with making tier 6 crafting standalone OR with vanilla plus-->	
		<!--Stone Spear-->
			<triggered_effect trigger="onSelfBuffUpdate" action="ModifyCVar" cvar="AGFCraftingStoneSpear" operation="set" value="2">
				<requirement name="ProgressionLevel" progression_name="craftingSpears" operation="GTE" value="1"/>
			</triggered_effect>
			<triggered_effect trigger="onSelfBuffUpdate" action="ModifyCVar" cvar="AGFCraftingStoneSpear" operation="set" value="3">
				<requirement name="ProgressionLevel" progression_name="craftingSpears" operation="GTE" value="3"/>
			</triggered_effect>
			<triggered_effect trigger="onSelfBuffUpdate" action="ModifyCVar" cvar="AGFCraftingStoneSpear" operation="set" value="4">
				<requirement name="ProgressionLevel" progression_name="craftingSpears" operation="GTE" value="5"/>
			</triggered_effect>
			<triggered_effect trigger="onSelfBuffUpdate" action="ModifyCVar" cvar="AGFCraftingStoneSpear" operation="set" value="5">
				<requirement name="ProgressionLevel" progression_name="craftingSpears" operation="GTE" value="7"/>
			</triggered_effect>
			<triggered_effect trigger="onSelfBuffUpdate" action="ModifyCVar" cvar="AGFCraftingStoneSpear" operation="set" value="6">
				<requirement name="ProgressionLevel" progression_name="craftingSpears" operation="GTE" value="10"/>
			</triggered_effect>

		<!--Iron Spear-->
			<triggered_effect trigger="onSelfBuffUpdate" action="ModifyCVar" cvar="AGFCraftingIronSpear" operation="set" value="2">
				<requirement name="ProgressionLevel" progression_name="craftingSpears" operation="GTE" value="11"/>
			</triggered_effect>
			<triggered_effect trigger="onSelfBuffUpdate" action="ModifyCVar" cvar="AGFCraftingIronSpear" operation="set" value="3">
				<requirement name="ProgressionLevel" progression_name="craftingSpears" operation="GTE" value="17"/>
			</triggered_effect>
			<triggered_effect trigger="onSelfBuffUpdate" action="ModifyCVar" cvar="AGFCraftingIronSpear" operation="set" value="4">
				<requirement name="ProgressionLevel" progression_name="craftingSpears" operation="GTE" value="24"/>
			</triggered_effect>
			<triggered_effect trigger="onSelfBuffUpdate" action="ModifyCVar" cvar="AGFCraftingIronSpear" operation="set" value="5">
				<requirement name="ProgressionLevel" progression_name="craftingSpears" operation="GTE" value="31"/>
			</triggered_effect>
			<triggered_effect trigger="onSelfBuffUpdate" action="ModifyCVar" cvar="AGFCraftingIronSpear" operation="set" value="6">
				<requirement name="ProgressionLevel" progression_name="craftingSpears" operation="GTE" value="38"/>
			</triggered_effect>
		
		<!--Steel Spear-->
			<triggered_effect trigger="onSelfBuffUpdate" action="ModifyCVar" cvar="AGFCraftingSteelSpear" operation="set" value="2">
				<requirement name="ProgressionLevel" progression_name="craftingSpears" operation="GTE" value="39"/>
			</triggered_effect>
			<triggered_effect trigger="onSelfBuffUpdate" action="ModifyCVar" cvar="AGFCraftingSteelSpear" operation="set" value="3">
				<requirement name="ProgressionLevel" progression_name="craftingSpears" operation="GTE" value="48"/>
			</triggered_effect>
			<triggered_effect trigger="onSelfBuffUpdate" action="ModifyCVar" cvar="AGFCraftingSteelSpear" operation="set" value="4">
				<requirement name="ProgressionLevel" progression_name="craftingSpears" operation="GTE" value="57"/>
			</triggered_effect>
			<triggered_effect trigger="onSelfBuffUpdate" action="ModifyCVar" cvar="AGFCraftingSteelSpear" operation="set" value="5">
				<requirement name="ProgressionLevel" progression_name="craftingSpears" operation="GTE" value="66"/>
			</triggered_effect>
			<triggered_effect trigger="onSelfBuffUpdate" action="ModifyCVar" cvar="AGFCraftingSteelSpear" operation="set" value="6">
				<requirement name="ProgressionLevel" progression_name="craftingSpears" operation="GTE" value="75"/>
			</triggered_effect>
	</effect_group>	
			
	<effect_group name="craftingHandgunsRecipesTIER6">
		<requirement name="ProgressionLevel" progression_name="perkGunslinger" operation="GTE" value="4"/> <!--extra code to help with making tier 6 crafting standalone OR with vanilla plus-->	
		<!--Pipe Pistol-->
			<triggered_effect trigger="onSelfBuffUpdate" action="ModifyCVar" cvar="AGFCraftingPipePistol" operation="set" value="2">
				<requirement name="ProgressionLevel" progression_name="craftingHandguns" operation="GTE" value="1"/>
			</triggered_effect>
			<triggered_effect trigger="onSelfBuffUpdate" action="ModifyCVar" cvar="AGFCraftingPipePistol" operation="set" value="3">
				<requirement name="ProgressionLevel" progression_name="craftingHandguns" operation="GTE" value="3"/>
			</triggered_effect>
			<triggered_effect trigger="onSelfBuffUpdate" action="ModifyCVar" cvar="AGFCraftingPipePistol" operation="set" value="4">
				<requirement name="ProgressionLevel" progression_name="craftingHandguns" operation="GTE" value="5"/>
			</triggered_effect>
			<triggered_effect trigger="onSelfBuffUpdate" action="ModifyCVar" cvar="AGFCraftingPipePistol" operation="set" value="5">
				<requirement name="ProgressionLevel" progression_name="craftingHandguns" operation="GTE" value="7"/>
			</triggered_effect>
			<triggered_effect trigger="onSelfBuffUpdate" action="ModifyCVar" cvar="AGFCraftingPipePistol" operation="set" value="6">
				<requirement name="ProgressionLevel" progression_name="craftingHandguns" operation="GTE" value="10"/>
			</triggered_effect>

		<!--Pistol-->
			<triggered_effect trigger="onSelfBuffUpdate" action="ModifyCVar" cvar="AGFCraftingPistol" operation="set" value="2">
				<requirement name="ProgressionLevel" progression_name="craftingHandguns" operation="GTE" value="11"/>
			</triggered_effect>
			<triggered_effect trigger="onSelfBuffUpdate" action="ModifyCVar" cvar="AGFCraftingPistol" operation="set" value="3">
				<requirement name="ProgressionLevel" progression_name="craftingHandguns" operation="GTE" value="13"/>
			</triggered_effect>
			<triggered_effect trigger="onSelfBuffUpdate" action="ModifyCVar" cvar="AGFCraftingPistol" operation="set" value="4">
				<requirement name="ProgressionLevel" progression_name="craftingHandguns" operation="GTE" value="16"/>
			</triggered_effect>
			<triggered_effect trigger="onSelfBuffUpdate" action="ModifyCVar" cvar="AGFCraftingPistol" operation="set" value="5">
				<requirement name="ProgressionLevel" progression_name="craftingHandguns" operation="GTE" value="19"/>
			</triggered_effect>
			<triggered_effect trigger="onSelfBuffUpdate" action="ModifyCVar" cvar="AGFCraftingPistol" operation="set" value="6">
				<requirement name="ProgressionLevel" progression_name="craftingHandguns" operation="GTE" value="22"/>
			</triggered_effect>
			
		<!--Magnum44-->
			<triggered_effect trigger="onSelfBuffUpdate" action="ModifyCVar" cvar="AGFCraftingMagnum44" operation="set" value="2">
				<requirement name="ProgressionLevel" progression_name="craftingHandguns" operation="GTE" value="23"/>
			</triggered_effect>
			<triggered_effect trigger="onSelfBuffUpdate" action="ModifyCVar" cvar="AGFCraftingMagnum44" operation="set" value="3">
				<requirement name="ProgressionLevel" progression_name="craftingHandguns" operation="GTE" value="26"/>
			</triggered_effect>
			<triggered_effect trigger="onSelfBuffUpdate" action="ModifyCVar" cvar="AGFCraftingMagnum44" operation="set" value="4">
				<requirement name="ProgressionLevel" progression_name="craftingHandguns" operation="GTE" value="30"/>
			</triggered_effect>
			<triggered_effect trigger="onSelfBuffUpdate" action="ModifyCVar" cvar="AGFCraftingMagnum44" operation="set" value="5">
				<requirement name="ProgressionLevel" progression_name="craftingHandguns" operation="GTE" value="34"/>
			</triggered_effect>
			<triggered_effect trigger="onSelfBuffUpdate" action="ModifyCVar" cvar="AGFCraftingMagnum44" operation="set" value="6">
				<requirement name="ProgressionLevel" progression_name="craftingHandguns" operation="GTE" value="38"/>
			</triggered_effect>
	
		<!--SMG-->
			<triggered_effect trigger="onSelfBuffUpdate" action="ModifyCVar" cvar="AGFCraftingSMG" operation="set" value="2">
				<requirement name="ProgressionLevel" progression_name="craftingHandguns" operation="GTE" value="39"/>
			</triggered_effect>
			<triggered_effect trigger="onSelfBuffUpdate" action="ModifyCVar" cvar="AGFCraftingSMG" operation="set" value="3">
				<requirement name="ProgressionLevel" progression_name="craftingHandguns" operation="GTE" value="46"/>
			</triggered_effect>
			<triggered_effect trigger="onSelfBuffUpdate" action="ModifyCVar" cvar="AGFCraftingSMG" operation="set" value="4">
				<requirement name="ProgressionLevel" progression_name="craftingHandguns" operation="GTE" value="53"/>
			</triggered_effect>
			<triggered_effect trigger="onSelfBuffUpdate" action="ModifyCVar" cvar="AGFCraftingSMG" operation="set" value="5">
				<requirement name="ProgressionLevel" progression_name="craftingHandguns" operation="GTE" value="60"/>
			</triggered_effect>
			<triggered_effect trigger="onSelfBuffUpdate" action="ModifyCVar" cvar="AGFCraftingSMG" operation="set" value="6">
				<requirement name="ProgressionLevel" progression_name="craftingHandguns" operation="GTE" value="67"/>
			</triggered_effect>
			
		<!--Desert Vulture-->
			<triggered_effect trigger="onSelfBuffUpdate" action="ModifyCVar" cvar="AGFCraftingDVulture" operation="set" value="2">
				<requirement name="ProgressionLevel" progression_name="craftingHandguns" operation="GTE" value="68"/>
			</triggered_effect>
			<triggered_effect trigger="onSelfBuffUpdate" action="ModifyCVar" cvar="AGFCraftingDVulture" operation="set" value="3">
				<requirement name="ProgressionLevel" progression_name="craftingHandguns" operation="GTE" value="76"/>
			</triggered_effect>
			<triggered_effect trigger="onSelfBuffUpdate" action="ModifyCVar" cvar="AGFCraftingDVulture" operation="set" value="4">
				<requirement name="ProgressionLevel" progression_name="craftingHandguns" operation="GTE" value="84"/>
			</triggered_effect>
			<triggered_effect trigger="onSelfBuffUpdate" action="ModifyCVar" cvar="AGFCraftingDVulture" operation="set" value="5">
				<requirement name="ProgressionLevel" progression_name="craftingHandguns" operation="GTE" value="92"/>
			</triggered_effect>
			<triggered_effect trigger="onSelfBuffUpdate" action="ModifyCVar" cvar="AGFCraftingDVulture" operation="set" value="6">
				<requirement name="ProgressionLevel" progression_name="craftingHandguns" operation="GTE" value="100"/>
			</triggered_effect>
	</effect_group>	
	
	<effect_group name="craftingShotgunsRecipesTIER6">
		<requirement name="ProgressionLevel" progression_name="perkBoomstick" operation="GTE" value="4"/> <!--extra code to help with making tier 6 crafting standalone OR with vanilla plus-->	
		<!--Pipe Shotgun-->
			<triggered_effect trigger="onSelfBuffUpdate" action="ModifyCVar" cvar="AGFCraftingPipeShotty" operation="set" value="2">
				<requirement name="ProgressionLevel" progression_name="craftingShotguns" operation="GTE" value="1"/>
			</triggered_effect>
			<triggered_effect trigger="onSelfBuffUpdate" action="ModifyCVar" cvar="AGFCraftingPipeShotty" operation="set" value="3">
				<requirement name="ProgressionLevel" progression_name="craftingShotguns" operation="GTE" value="3"/>
			</triggered_effect>
			<triggered_effect trigger="onSelfBuffUpdate" action="ModifyCVar" cvar="AGFCraftingPipeShotty" operation="set" value="4">
				<requirement name="ProgressionLevel" progression_name="craftingShotguns" operation="GTE" value="5"/>
			</triggered_effect>
			<triggered_effect trigger="onSelfBuffUpdate" action="ModifyCVar" cvar="AGFCraftingPipeShotty" operation="set" value="5">
				<requirement name="ProgressionLevel" progression_name="craftingShotguns" operation="GTE" value="7"/>
			</triggered_effect>
			<triggered_effect trigger="onSelfBuffUpdate" action="ModifyCVar" cvar="AGFCraftingPipeShotty" operation="set" value="6">
				<requirement name="ProgressionLevel" progression_name="craftingShotguns" operation="GTE" value="10"/>
			</triggered_effect>

		<!--Double Barrel Shotgun-->
			<triggered_effect trigger="onSelfBuffUpdate" action="ModifyCVar" cvar="AGFCraftingDoubleB" operation="set" value="2">
				<requirement name="ProgressionLevel" progression_name="craftingShotguns" operation="GTE" value="11"/>
			</triggered_effect>
			<triggered_effect trigger="onSelfBuffUpdate" action="ModifyCVar" cvar="AGFCraftingDoubleB" operation="set" value="3">
				<requirement name="ProgressionLevel" progression_name="craftingShotguns" operation="GTE" value="14"/>
			</triggered_effect>
			<triggered_effect trigger="onSelfBuffUpdate" action="ModifyCVar" cvar="AGFCraftingDoubleB" operation="set" value="4">
				<requirement name="ProgressionLevel" progression_name="craftingShotguns" operation="GTE" value="18"/>
			</triggered_effect>
			<triggered_effect trigger="onSelfBuffUpdate" action="ModifyCVar" cvar="AGFCraftingDoubleB" operation="set" value="5">
				<requirement name="ProgressionLevel" progression_name="craftingShotguns" operation="GTE" value="22"/>
			</triggered_effect>
			<triggered_effect trigger="onSelfBuffUpdate" action="ModifyCVar" cvar="AGFCraftingDoubleB" operation="set" value="6">
				<requirement name="ProgressionLevel" progression_name="craftingShotguns" operation="GTE" value="26"/>
			</triggered_effect>
			
		<!--Pump Shotgun-->
			<triggered_effect trigger="onSelfBuffUpdate" action="ModifyCVar" cvar="AGFCraftingPump" operation="set" value="2">
				<requirement name="ProgressionLevel" progression_name="craftingShotguns" operation="GTE" value="27"/>
			</triggered_effect>
			<triggered_effect trigger="onSelfBuffUpdate" action="ModifyCVar" cvar="AGFCraftingPump" operation="set" value="3">
				<requirement name="ProgressionLevel" progression_name="craftingShotguns" operation="GTE" value="35"/>
			</triggered_effect>
			<triggered_effect trigger="onSelfBuffUpdate" action="ModifyCVar" cvar="AGFCraftingPump" operation="set" value="4">
				<requirement name="ProgressionLevel" progression_name="craftingShotguns" operation="GTE" value="43"/>
			</triggered_effect>
			<triggered_effect trigger="onSelfBuffUpdate" action="ModifyCVar" cvar="AGFCraftingPump" operation="set" value="5">
				<requirement name="ProgressionLevel" progression_name="craftingShotguns" operation="GTE" value="51"/>
			</triggered_effect>
			<triggered_effect trigger="onSelfBuffUpdate" action="ModifyCVar" cvar="AGFCraftingPump" operation="set" value="6">
				<requirement name="ProgressionLevel" progression_name="craftingShotguns" operation="GTE" value="59"/>
			</triggered_effect>
	
		<!--Auto Shotgun-->
			<triggered_effect trigger="onSelfBuffUpdate" action="ModifyCVar" cvar="AGFCraftingAutoShotty" operation="set" value="2">
				<requirement name="ProgressionLevel" progression_name="craftingShotguns" operation="GTE" value="60"/>
			</triggered_effect>
			<triggered_effect trigger="onSelfBuffUpdate" action="ModifyCVar" cvar="AGFCraftingAutoShotty" operation="set" value="3">
				<requirement name="ProgressionLevel" progression_name="craftingShotguns" operation="GTE" value="70"/>
			</triggered_effect>
			<triggered_effect trigger="onSelfBuffUpdate" action="ModifyCVar" cvar="AGFCraftingAutoShotty" operation="set" value="4">
				<requirement name="ProgressionLevel" progression_name="craftingShotguns" operation="GTE" value="80"/>
			</triggered_effect>
			<triggered_effect trigger="onSelfBuffUpdate" action="ModifyCVar" cvar="AGFCraftingAutoShotty" operation="set" value="5">
				<requirement name="ProgressionLevel" progression_name="craftingShotguns" operation="GTE" value="90"/>
			</triggered_effect>
			<triggered_effect trigger="onSelfBuffUpdate" action="ModifyCVar" cvar="AGFCraftingAutoShotty" operation="set" value="6">
				<requirement name="ProgressionLevel" progression_name="craftingShotguns" operation="GTE" value="100"/>
			</triggered_effect>
	</effect_group>	
			
	<effect_group name="craftingRiflesRecipesTIER6">
		<requirement name="ProgressionLevel" progression_name="perkDeadEye" operation="GTE" value="4"/> <!--extra code to help with making tier 6 crafting standalone OR with vanilla plus-->	
		<!--Pipe Rifle-->
			<triggered_effect trigger="onSelfBuffUpdate" action="ModifyCVar" cvar="AGFCraftingPipeRifle" operation="set" value="2">
				<requirement name="ProgressionLevel" progression_name="craftingRifles" operation="GTE" value="1"/>
			</triggered_effect>
			<triggered_effect trigger="onSelfBuffUpdate" action="ModifyCVar" cvar="AGFCraftingPipeRifle" operation="set" value="3">
				<requirement name="ProgressionLevel" progression_name="craftingRifles" operation="GTE" value="3"/>
			</triggered_effect>
			<triggered_effect trigger="onSelfBuffUpdate" action="ModifyCVar" cvar="AGFCraftingPipeRifle" operation="set" value="4">
				<requirement name="ProgressionLevel" progression_name="craftingRifles" operation="GTE" value="5"/>
			</triggered_effect>
			<triggered_effect trigger="onSelfBuffUpdate" action="ModifyCVar" cvar="AGFCraftingPipeRifle" operation="set" value="5">
				<requirement name="ProgressionLevel" progression_name="craftingRifles" operation="GTE" value="7"/>
			</triggered_effect>
			<triggered_effect trigger="onSelfBuffUpdate" action="ModifyCVar" cvar="AGFCraftingPipeRifle" operation="set" value="6">
				<requirement name="ProgressionLevel" progression_name="craftingRifles" operation="GTE" value="10"/>
			</triggered_effect>

		<!--Hunting Rifle-->
			<triggered_effect trigger="onSelfBuffUpdate" action="ModifyCVar" cvar="AGFCraftingHuntingRifle" operation="set" value="2">
				<requirement name="ProgressionLevel" progression_name="craftingRifles" operation="GTE" value="11"/>
			</triggered_effect>
			<triggered_effect trigger="onSelfBuffUpdate" action="ModifyCVar" cvar="AGFCraftingHuntingRifle" operation="set" value="3">
				<requirement name="ProgressionLevel" progression_name="craftingRifles" operation="GTE" value="14"/>
			</triggered_effect>
			<triggered_effect trigger="onSelfBuffUpdate" action="ModifyCVar" cvar="AGFCraftingHuntingRifle" operation="set" value="4">
				<requirement name="ProgressionLevel" progression_name="craftingRifles" operation="GTE" value="18"/>
			</triggered_effect>
			<triggered_effect trigger="onSelfBuffUpdate" action="ModifyCVar" cvar="AGFCraftingHuntingRifle" operation="set" value="5">
				<requirement name="ProgressionLevel" progression_name="craftingRifles" operation="GTE" value="22"/>
			</triggered_effect>
			<triggered_effect trigger="onSelfBuffUpdate" action="ModifyCVar" cvar="AGFCraftingHuntingRifle" operation="set" value="6">
				<requirement name="ProgressionLevel" progression_name="craftingRifles" operation="GTE" value="26"/>
			</triggered_effect>
			
		<!--Lever Action Rifle-->
			<triggered_effect trigger="onSelfBuffUpdate" action="ModifyCVar" cvar="AGFCraftingLeverAction" operation="set" value="2">
				<requirement name="ProgressionLevel" progression_name="craftingRifles" operation="GTE" value="27"/>
			</triggered_effect>
			<triggered_effect trigger="onSelfBuffUpdate" action="ModifyCVar" cvar="AGFCraftingLeverAction" operation="set" value="3">
				<requirement name="ProgressionLevel" progression_name="craftingRifles" operation="GTE" value="35"/>
			</triggered_effect>
			<triggered_effect trigger="onSelfBuffUpdate" action="ModifyCVar" cvar="AGFCraftingLeverAction" operation="set" value="4">
				<requirement name="ProgressionLevel" progression_name="craftingRifles" operation="GTE" value="43"/>
			</triggered_effect>
			<triggered_effect trigger="onSelfBuffUpdate" action="ModifyCVar" cvar="AGFCraftingLeverAction" operation="set" value="5">
				<requirement name="ProgressionLevel" progression_name="craftingRifles" operation="GTE" value="51"/>
			</triggered_effect>
			<triggered_effect trigger="onSelfBuffUpdate" action="ModifyCVar" cvar="AGFCraftingLeverAction" operation="set" value="6">
				<requirement name="ProgressionLevel" progression_name="craftingRifles" operation="GTE" value="59"/>
			</triggered_effect>
	
		<!--Sniper Rifle-->
			<triggered_effect trigger="onSelfBuffUpdate" action="ModifyCVar" cvar="AGFCraftingSniper" operation="set" value="2">
				<requirement name="ProgressionLevel" progression_name="craftingRifles" operation="GTE" value="60"/>
			</triggered_effect>
			<triggered_effect trigger="onSelfBuffUpdate" action="ModifyCVar" cvar="AGFCraftingSniper" operation="set" value="3">
				<requirement name="ProgressionLevel" progression_name="craftingRifles" operation="GTE" value="70"/>
			</triggered_effect>
			<triggered_effect trigger="onSelfBuffUpdate" action="ModifyCVar" cvar="AGFCraftingSniper" operation="set" value="4">
				<requirement name="ProgressionLevel" progression_name="craftingRifles" operation="GTE" value="80"/>
			</triggered_effect>
			<triggered_effect trigger="onSelfBuffUpdate" action="ModifyCVar" cvar="AGFCraftingSniper" operation="set" value="5">
				<requirement name="ProgressionLevel" progression_name="craftingRifles" operation="GTE" value="90"/>
			</triggered_effect>
			<triggered_effect trigger="onSelfBuffUpdate" action="ModifyCVar" cvar="AGFCraftingSniper" operation="set" value="6">
				<requirement name="ProgressionLevel" progression_name="craftingRifles" operation="GTE" value="100"/>
			</triggered_effect>
	</effect_group>	
			
	<effect_group name="craftingMachineGunsRecipesTIER6">
		<requirement name="ProgressionLevel" progression_name="perkMachineGunner" operation="GTE" value="4"/> <!--extra code to help with making tier 6 crafting standalone OR with vanilla plus-->	
		<!--Pipe Machine Gun-->
			<triggered_effect trigger="onSelfBuffUpdate" action="ModifyCVar" cvar="AGFCraftingPipeMG" operation="set" value="2">
				<requirement name="ProgressionLevel" progression_name="craftingMachineGuns" operation="GTE" value="1"/>
			</triggered_effect>
			<triggered_effect trigger="onSelfBuffUpdate" action="ModifyCVar" cvar="AGFCraftingPipeMG" operation="set" value="3">
				<requirement name="ProgressionLevel" progression_name="craftingMachineGuns" operation="GTE" value="3"/>
			</triggered_effect>
			<triggered_effect trigger="onSelfBuffUpdate" action="ModifyCVar" cvar="AGFCraftingPipeMG" operation="set" value="4">
				<requirement name="ProgressionLevel" progression_name="craftingMachineGuns" operation="GTE" value="5"/>
			</triggered_effect>
			<triggered_effect trigger="onSelfBuffUpdate" action="ModifyCVar" cvar="AGFCraftingPipeMG" operation="set" value="5">
				<requirement name="ProgressionLevel" progression_name="craftingMachineGuns" operation="GTE" value="7"/>
			</triggered_effect>
			<triggered_effect trigger="onSelfBuffUpdate" action="ModifyCVar" cvar="AGFCraftingPipeMG" operation="set" value="6">
				<requirement name="ProgressionLevel" progression_name="craftingMachineGuns" operation="GTE" value="10"/>
			</triggered_effect>

		<!--AK47-->
			<triggered_effect trigger="onSelfBuffUpdate" action="ModifyCVar" cvar="AGFCraftingAK47" operation="set" value="2">
				<requirement name="ProgressionLevel" progression_name="craftingMachineGuns" operation="GTE" value="11"/>
			</triggered_effect>
			<triggered_effect trigger="onSelfBuffUpdate" action="ModifyCVar" cvar="AGFCraftingAK47" operation="set" value="3">
				<requirement name="ProgressionLevel" progression_name="craftingMachineGuns" operation="GTE" value="14"/>
			</triggered_effect>
			<triggered_effect trigger="onSelfBuffUpdate" action="ModifyCVar" cvar="AGFCraftingAK47" operation="set" value="4">
				<requirement name="ProgressionLevel" progression_name="craftingMachineGuns" operation="GTE" value="18"/>
			</triggered_effect>
			<triggered_effect trigger="onSelfBuffUpdate" action="ModifyCVar" cvar="AGFCraftingAK47" operation="set" value="5">
				<requirement name="ProgressionLevel" progression_name="craftingMachineGuns" operation="GTE" value="22"/>
			</triggered_effect>
			<triggered_effect trigger="onSelfBuffUpdate" action="ModifyCVar" cvar="AGFCraftingAK47" operation="set" value="6">
				<requirement name="ProgressionLevel" progression_name="craftingMachineGuns" operation="GTE" value="26"/>
			</triggered_effect>
			
		<!--Tactical AR-->
			<triggered_effect trigger="onSelfBuffUpdate" action="ModifyCVar" cvar="AGFCraftingTacticalAR" operation="set" value="2">
				<requirement name="ProgressionLevel" progression_name="craftingMachineGuns" operation="GTE" value="27"/>
			</triggered_effect>
			<triggered_effect trigger="onSelfBuffUpdate" action="ModifyCVar" cvar="AGFCraftingTacticalAR" operation="set" value="3">
				<requirement name="ProgressionLevel" progression_name="craftingMachineGuns" operation="GTE" value="35"/>
			</triggered_effect>
			<triggered_effect trigger="onSelfBuffUpdate" action="ModifyCVar" cvar="AGFCraftingTacticalAR" operation="set" value="4">
				<requirement name="ProgressionLevel" progression_name="craftingMachineGuns" operation="GTE" value="43"/>
			</triggered_effect>
			<triggered_effect trigger="onSelfBuffUpdate" action="ModifyCVar" cvar="AGFCraftingTacticalAR" operation="set" value="5">
				<requirement name="ProgressionLevel" progression_name="craftingMachineGuns" operation="GTE" value="51"/>
			</triggered_effect>
			<triggered_effect trigger="onSelfBuffUpdate" action="ModifyCVar" cvar="AGFCraftingTacticalAR" operation="set" value="6">
				<requirement name="ProgressionLevel" progression_name="craftingMachineGuns" operation="GTE" value="59"/>
			</triggered_effect>
	
		<!--M60-->
			<triggered_effect trigger="onSelfBuffUpdate" action="ModifyCVar" cvar="AGFCraftingM60" operation="set" value="2">
				<requirement name="ProgressionLevel" progression_name="craftingMachineGuns" operation="GTE" value="60"/>
			</triggered_effect>
			<triggered_effect trigger="onSelfBuffUpdate" action="ModifyCVar" cvar="AGFCraftingM60" operation="set" value="3">
				<requirement name="ProgressionLevel" progression_name="craftingMachineGuns" operation="GTE" value="70"/>
			</triggered_effect>
			<triggered_effect trigger="onSelfBuffUpdate" action="ModifyCVar" cvar="AGFCraftingM60" operation="set" value="4">
				<requirement name="ProgressionLevel" progression_name="craftingMachineGuns" operation="GTE" value="80"/>
			</triggered_effect>
			<triggered_effect trigger="onSelfBuffUpdate" action="ModifyCVar" cvar="AGFCraftingM60" operation="set" value="5">
				<requirement name="ProgressionLevel" progression_name="craftingMachineGuns" operation="GTE" value="90"/>
			</triggered_effect>
			<triggered_effect trigger="onSelfBuffUpdate" action="ModifyCVar" cvar="AGFCraftingM60" operation="set" value="6">
				<requirement name="ProgressionLevel" progression_name="craftingMachineGuns" operation="GTE" value="100"/>
			</triggered_effect>
	</effect_group>	
	
	<effect_group name="craftingExplosivesRecipesTIER6"><!--done a bit differently due to other unlocked things-->
		<!--Rocket Launcher-->
		<requirement name="ProgressionLevel" progression_name="perkDemolitionsExpert" operation="GTE" value="4"/>
			<triggered_effect trigger="onSelfBuffUpdate" action="ModifyCVar" cvar="AGFCraftingRocketLauncher" operation="set" value="2">
				<requirement name="ProgressionLevel" progression_name="craftingExplosives" operation="GTE" value="55"/> <!--extra code to help with making tier 6 crafting standalone OR with vanilla plus-->	
			</triggered_effect>
			<triggered_effect trigger="onSelfBuffUpdate" action="ModifyCVar" cvar="AGFCraftingRocketLauncher" operation="set" value="3">
				<requirement name="ProgressionLevel" progression_name="craftingExplosives" operation="GTE" value="65"/>
			</triggered_effect>
			<triggered_effect trigger="onSelfBuffUpdate" action="ModifyCVar" cvar="AGFCraftingRocketLauncher" operation="set" value="4">
				<requirement name="ProgressionLevel" progression_name="craftingExplosives" operation="GTE" value="75"/>
			</triggered_effect>
			<triggered_effect trigger="onSelfBuffUpdate" action="ModifyCVar" cvar="AGFCraftingRocketLauncher" operation="set" value="5">
				<requirement name="ProgressionLevel" progression_name="craftingExplosives" operation="GTE" value="85"/>
			</triggered_effect>
			<triggered_effect trigger="onSelfBuffUpdate" action="ModifyCVar" cvar="AGFCraftingRocketLauncher" operation="set" value="6">
				<requirement name="ProgressionLevel" progression_name="craftingExplosives" operation="GTE" value="100"/>
			</triggered_effect>
	</effect_group>
			
	<effect_group name="craftingRoboticsRecipesTIER6"><!--done a bit differently due to 2 perk types in one category-->
		<!--Pipe Baton-->
			<triggered_effect trigger="onSelfBuffUpdate" action="ModifyCVar" cvar="AGFCraftingPipeBaton" operation="set" value="2">
				<requirement name="ProgressionLevel" progression_name="craftingRobotics" operation="GTE" value="1"/>
				<requirement name="ProgressionLevel" progression_name="perkElectrocutioner" operation="GTE" value="4"/> <!--extra code to help with making tier 6 crafting standalone OR with vanilla plus-->	
			</triggered_effect>
			<triggered_effect trigger="onSelfBuffUpdate" action="ModifyCVar" cvar="AGFCraftingPipeBaton" operation="set" value="3">
				<requirement name="ProgressionLevel" progression_name="craftingRobotics" operation="GTE" value="3"/>
				<requirement name="ProgressionLevel" progression_name="perkElectrocutioner" operation="GTE" value="4"/> <!--extra code to help with making tier 6 crafting standalone OR with vanilla plus-->	
			</triggered_effect>
			<triggered_effect trigger="onSelfBuffUpdate" action="ModifyCVar" cvar="AGFCraftingPipeBaton" operation="set" value="4">
				<requirement name="ProgressionLevel" progression_name="craftingRobotics" operation="GTE" value="5"/>
				<requirement name="ProgressionLevel" progression_name="perkElectrocutioner" operation="GTE" value="4"/> <!--extra code to help with making tier 6 crafting standalone OR with vanilla plus-->	
			</triggered_effect>
			<triggered_effect trigger="onSelfBuffUpdate" action="ModifyCVar" cvar="AGFCraftingPipeBaton" operation="set" value="5">
				<requirement name="ProgressionLevel" progression_name="craftingRobotics" operation="GTE" value="7"/>
				<requirement name="ProgressionLevel" progression_name="perkElectrocutioner" operation="GTE" value="4"/> <!--extra code to help with making tier 6 crafting standalone OR with vanilla plus-->	
			</triggered_effect>
			<triggered_effect trigger="onSelfBuffUpdate" action="ModifyCVar" cvar="AGFCraftingPipeBaton" operation="set" value="6">
				<requirement name="ProgressionLevel" progression_name="craftingRobotics" operation="GTE" value="10"/>
				<requirement name="ProgressionLevel" progression_name="perkElectrocutioner" operation="GTE" value="4"/> <!--extra code to help with making tier 6 crafting standalone OR with vanilla plus-->	
			</triggered_effect>

		<!--Junk Sledge-->
			<triggered_effect trigger="onSelfBuffUpdate" action="ModifyCVar" cvar="AGFCraftingJunkSledge" operation="set" value="2">
				<requirement name="ProgressionLevel" progression_name="craftingRobotics" operation="GTE" value="11"/>
				<requirement name="ProgressionLevel" progression_name="perkTurrets" operation="GTE" value="4"/> <!--extra code to help with making tier 6 crafting standalone OR with vanilla plus-->	
			</triggered_effect>
			<triggered_effect trigger="onSelfBuffUpdate" action="ModifyCVar" cvar="AGFCraftingJunkSledge" operation="set" value="3">
				<requirement name="ProgressionLevel" progression_name="craftingRobotics" operation="GTE" value="13"/>
				<requirement name="ProgressionLevel" progression_name="perkTurrets" operation="GTE" value="4"/> <!--extra code to help with making tier 6 crafting standalone OR with vanilla plus-->	
			</triggered_effect>
			<triggered_effect trigger="onSelfBuffUpdate" action="ModifyCVar" cvar="AGFCraftingJunkSledge" operation="set" value="4">
				<requirement name="ProgressionLevel" progression_name="craftingRobotics" operation="GTE" value="16"/>
				<requirement name="ProgressionLevel" progression_name="perkTurrets" operation="GTE" value="4"/> <!--extra code to help with making tier 6 crafting standalone OR with vanilla plus-->	
			</triggered_effect>
			<triggered_effect trigger="onSelfBuffUpdate" action="ModifyCVar" cvar="AGFCraftingJunkSledge" operation="set" value="5">
				<requirement name="ProgressionLevel" progression_name="craftingRobotics" operation="GTE" value="19"/>
				<requirement name="ProgressionLevel" progression_name="perkTurrets" operation="GTE" value="4"/> <!--extra code to help with making tier 6 crafting standalone OR with vanilla plus-->	
			</triggered_effect>
			<triggered_effect trigger="onSelfBuffUpdate" action="ModifyCVar" cvar="AGFCraftingJunkSledge" operation="set" value="6">
				<requirement name="ProgressionLevel" progression_name="craftingRobotics" operation="GTE" value="22"/>
				<requirement name="ProgressionLevel" progression_name="perkTurrets" operation="GTE" value="4"/> <!--extra code to help with making tier 6 crafting standalone OR with vanilla plus-->	
			</triggered_effect>
			
		<!--Stun Baton-->
			<triggered_effect trigger="onSelfBuffUpdate" action="ModifyCVar" cvar="AGFCraftingStunBaton" operation="set" value="2">
				<requirement name="ProgressionLevel" progression_name="craftingRobotics" operation="GTE" value="23"/>
				<requirement name="ProgressionLevel" progression_name="perkElectrocutioner" operation="GTE" value="4"/> <!--extra code to help with making tier 6 crafting standalone OR with vanilla plus-->	
			</triggered_effect>
			<triggered_effect trigger="onSelfBuffUpdate" action="ModifyCVar" cvar="AGFCraftingStunBaton" operation="set" value="3">
				<requirement name="ProgressionLevel" progression_name="craftingRobotics" operation="GTE" value="26"/>
				<requirement name="ProgressionLevel" progression_name="perkElectrocutioner" operation="GTE" value="4"/> <!--extra code to help with making tier 6 crafting standalone OR with vanilla plus-->	
			</triggered_effect>
			<triggered_effect trigger="onSelfBuffUpdate" action="ModifyCVar" cvar="AGFCraftingStunBaton" operation="set" value="4">
				<requirement name="ProgressionLevel" progression_name="craftingRobotics" operation="GTE" value="30"/>
				<requirement name="ProgressionLevel" progression_name="perkElectrocutioner" operation="GTE" value="4"/> <!--extra code to help with making tier 6 crafting standalone OR with vanilla plus-->	
			</triggered_effect>
			<triggered_effect trigger="onSelfBuffUpdate" action="ModifyCVar" cvar="AGFCraftingStunBaton" operation="set" value="5">
				<requirement name="ProgressionLevel" progression_name="craftingRobotics" operation="GTE" value="34"/>
				<requirement name="ProgressionLevel" progression_name="perkElectrocutioner" operation="GTE" value="4"/> <!--extra code to help with making tier 6 crafting standalone OR with vanilla plus-->	
			</triggered_effect>
			<triggered_effect trigger="onSelfBuffUpdate" action="ModifyCVar" cvar="AGFCraftingStunBaton" operation="set" value="6">
				<requirement name="ProgressionLevel" progression_name="craftingRobotics" operation="GTE" value="38"/>
				<requirement name="ProgressionLevel" progression_name="perkElectrocutioner" operation="GTE" value="4"/> <!--extra code to help with making tier 6 crafting standalone OR with vanilla plus-->	
			</triggered_effect>
	
		<!--Junk Turret-->
			<triggered_effect trigger="onSelfBuffUpdate" action="ModifyCVar" cvar="AGFCraftingJunkTurret" operation="set" value="2">
				<requirement name="ProgressionLevel" progression_name="craftingRobotics" operation="GTE" value="39"/>
				<requirement name="ProgressionLevel" progression_name="perkTurrets" operation="GTE" value="4"/> <!--extra code to help with making tier 6 crafting standalone OR with vanilla plus-->	
			</triggered_effect>
			<triggered_effect trigger="onSelfBuffUpdate" action="ModifyCVar" cvar="AGFCraftingJunkTurret" operation="set" value="3">
				<requirement name="ProgressionLevel" progression_name="craftingRobotics" operation="GTE" value="46"/>
				<requirement name="ProgressionLevel" progression_name="perkTurrets" operation="GTE" value="4"/> <!--extra code to help with making tier 6 crafting standalone OR with vanilla plus-->	
			</triggered_effect>
			<triggered_effect trigger="onSelfBuffUpdate" action="ModifyCVar" cvar="AGFCraftingJunkTurret" operation="set" value="4">
				<requirement name="ProgressionLevel" progression_name="craftingRobotics" operation="GTE" value="53"/>
				<requirement name="ProgressionLevel" progression_name="perkTurrets" operation="GTE" value="4"/> <!--extra code to help with making tier 6 crafting standalone OR with vanilla plus-->	
			</triggered_effect>
			<triggered_effect trigger="onSelfBuffUpdate" action="ModifyCVar" cvar="AGFCraftingJunkTurret" operation="set" value="5">
				<requirement name="ProgressionLevel" progression_name="craftingRobotics" operation="GTE" value="60"/>
				<requirement name="ProgressionLevel" progression_name="perkTurrets" operation="GTE" value="4"/> <!--extra code to help with making tier 6 crafting standalone OR with vanilla plus-->	
			</triggered_effect>
			<triggered_effect trigger="onSelfBuffUpdate" action="ModifyCVar" cvar="AGFCraftingJunkTurret" operation="set" value="6">
				<requirement name="ProgressionLevel" progression_name="craftingRobotics" operation="GTE" value="67"/>
				<requirement name="ProgressionLevel" progression_name="perkTurrets" operation="GTE" value="4"/> <!--extra code to help with making tier 6 crafting standalone OR with vanilla plus-->	
			</triggered_effect>
			
		<!--Junk Drone-->
			<triggered_effect trigger="onSelfBuffUpdate" action="ModifyCVar" cvar="AGFCraftingJunkDrone" operation="set" value="2">
				<requirement name="ProgressionLevel" progression_name="craftingRobotics" operation="GTE" value="68"/>
				<requirement name="ProgressionLevel" progression_name="perkTurrets" operation="GTE" value="4"/> <!--extra code to help with making tier 6 crafting standalone OR with vanilla plus-->	
			</triggered_effect>
			<triggered_effect trigger="onSelfBuffUpdate" action="ModifyCVar" cvar="AGFCraftingJunkDrone" operation="set" value="3">
				<requirement name="ProgressionLevel" progression_name="craftingRobotics" operation="GTE" value="76"/>
				<requirement name="ProgressionLevel" progression_name="perkTurrets" operation="GTE" value="4"/> <!--extra code to help with making tier 6 crafting standalone OR with vanilla plus-->	
			</triggered_effect>
			<triggered_effect trigger="onSelfBuffUpdate" action="ModifyCVar" cvar="AGFCraftingJunkDrone" operation="set" value="4">
				<requirement name="ProgressionLevel" progression_name="craftingRobotics" operation="GTE" value="84"/>
				<requirement name="ProgressionLevel" progression_name="perkTurrets" operation="GTE" value="4"/> <!--extra code to help with making tier 6 crafting standalone OR with vanilla plus-->	
			</triggered_effect>
			<triggered_effect trigger="onSelfBuffUpdate" action="ModifyCVar" cvar="AGFCraftingJunkDrone" operation="set" value="5">
				<requirement name="ProgressionLevel" progression_name="craftingRobotics" operation="GTE" value="92"/>
				<requirement name="ProgressionLevel" progression_name="perkTurrets" operation="GTE" value="4"/> <!--extra code to help with making tier 6 crafting standalone OR with vanilla plus-->	
			</triggered_effect>
			<triggered_effect trigger="onSelfBuffUpdate" action="ModifyCVar" cvar="AGFCraftingJunkDrone" operation="set" value="6">
				<requirement name="ProgressionLevel" progression_name="craftingRobotics" operation="GTE" value="100"/>
				<requirement name="ProgressionLevel" progression_name="perkTurrets" operation="GTE" value="4"/> <!--extra code to help with making tier 6 crafting standalone OR with vanilla plus-->	
			</triggered_effect>
	</effect_group>		
	
	<effect_group name="craftingArmorRecipesLightTIER6"><!--needs one for light and heavy armor. Get a tier 4 on any armors, and you get +1 crafting to ALL armors-->
		<requirement name="ProgressionLevel" progression_name="perkLightArmor" operation="GTE" value="4"/>
		<requirement name="ProgressionLevel" progression_name="perkHeavyArmor" operation="LTE" value="3"/>
		<!--Cloth and Scrap Armors-->
			<triggered_effect trigger="onSelfBuffUpdate" action="ModifyCVar" cvar="AGFCraftingTier1Armors" operation="set" value="2">
				<requirement name="ProgressionLevel" progression_name="craftingArmor" operation="GTE" value="1"/>
			</triggered_effect>
			<triggered_effect trigger="onSelfBuffUpdate" action="ModifyCVar" cvar="AGFCraftingTier1Armors" operation="set" value="3">
				<requirement name="ProgressionLevel" progression_name="craftingArmor" operation="GTE" value="3"/>
			</triggered_effect>
			<triggered_effect trigger="onSelfBuffUpdate" action="ModifyCVar" cvar="AGFCraftingTier1Armors" operation="set" value="4">
				<requirement name="ProgressionLevel" progression_name="craftingArmor" operation="GTE" value="5"/>
			</triggered_effect>
			<triggered_effect trigger="onSelfBuffUpdate" action="ModifyCVar" cvar="AGFCraftingTier1Armors" operation="set" value="5">
				<requirement name="ProgressionLevel" progression_name="craftingArmor" operation="GTE" value="7"/>
			</triggered_effect>
			<triggered_effect trigger="onSelfBuffUpdate" action="ModifyCVar" cvar="AGFCraftingTier1Armors" operation="set" value="6">
				<requirement name="ProgressionLevel" progression_name="craftingArmor" operation="GTE" value="10"/>
			</triggered_effect>

		<!--Leather and Iron Armors-->
			<triggered_effect trigger="onSelfBuffUpdate" action="ModifyCVar" cvar="AGFCraftingTier2Armors" operation="set" value="2">
				<requirement name="ProgressionLevel" progression_name="craftingArmor" operation="GTE" value="11"/>
			</triggered_effect>
			<triggered_effect trigger="onSelfBuffUpdate" action="ModifyCVar" cvar="AGFCraftingTier2Armors" operation="set" value="3">
				<requirement name="ProgressionLevel" progression_name="craftingArmor" operation="GTE" value="17"/>
			</triggered_effect>
			<triggered_effect trigger="onSelfBuffUpdate" action="ModifyCVar" cvar="AGFCraftingTier2Armors" operation="set" value="4">
				<requirement name="ProgressionLevel" progression_name="craftingArmor" operation="GTE" value="24"/>
			</triggered_effect>
			<triggered_effect trigger="onSelfBuffUpdate" action="ModifyCVar" cvar="AGFCraftingTier2Armors" operation="set" value="5">
				<requirement name="ProgressionLevel" progression_name="craftingArmor" operation="GTE" value="31"/>
			</triggered_effect>
			<triggered_effect trigger="onSelfBuffUpdate" action="ModifyCVar" cvar="AGFCraftingTier2Armors" operation="set" value="6">
				<requirement name="ProgressionLevel" progression_name="craftingArmor" operation="GTE" value="38"/>
			</triggered_effect>
		
		<!--Military and Steel Armors-->
			<triggered_effect trigger="onSelfBuffUpdate" action="ModifyCVar" cvar="AGFCraftingTier3Armors" operation="set" value="2">
				<requirement name="ProgressionLevel" progression_name="craftingArmor" operation="GTE" value="39"/>
			</triggered_effect>
			<triggered_effect trigger="onSelfBuffUpdate" action="ModifyCVar" cvar="AGFCraftingTier3Armors" operation="set" value="3">
				<requirement name="ProgressionLevel" progression_name="craftingArmor" operation="GTE" value="48"/>
			</triggered_effect>
			<triggered_effect trigger="onSelfBuffUpdate" action="ModifyCVar" cvar="AGFCraftingTier3Armors" operation="set" value="4">
				<requirement name="ProgressionLevel" progression_name="craftingArmor" operation="GTE" value="57"/>
			</triggered_effect>
			<triggered_effect trigger="onSelfBuffUpdate" action="ModifyCVar" cvar="AGFCraftingTier3Armors" operation="set" value="5">
				<requirement name="ProgressionLevel" progression_name="craftingArmor" operation="GTE" value="66"/>
			</triggered_effect>
			<triggered_effect trigger="onSelfBuffUpdate" action="ModifyCVar" cvar="AGFCraftingTier3Armors" operation="set" value="6">
				<requirement name="ProgressionLevel" progression_name="craftingArmor" operation="GTE" value="75"/>
			</triggered_effect>
	</effect_group>		

	<effect_group name="craftingArmorRecipesHeavyTIER6"><!--needs one for light and heavy armor. Get a tier 4 on any armors, and you get +1 crafting to ALL armors-->
		<requirement name="ProgressionLevel" progression_name="perkHeavyArmor" operation="GTE" value="4"/>
		<requirement name="ProgressionLevel" progression_name="perkLightArmor" operation="LTE" value="3"/>
		<!--Cloth and Scrap Armors-->
			<triggered_effect trigger="onSelfBuffUpdate" action="ModifyCVar" cvar="AGFCraftingTier1Armors" operation="set" value="2">
				<requirement name="ProgressionLevel" progression_name="craftingArmor" operation="GTE" value="1"/>
			</triggered_effect>
			<triggered_effect trigger="onSelfBuffUpdate" action="ModifyCVar" cvar="AGFCraftingTier1Armors" operation="set" value="3">
				<requirement name="ProgressionLevel" progression_name="craftingArmor" operation="GTE" value="3"/>
			</triggered_effect>
			<triggered_effect trigger="onSelfBuffUpdate" action="ModifyCVar" cvar="AGFCraftingTier1Armors" operation="set" value="4">
				<requirement name="ProgressionLevel" progression_name="craftingArmor" operation="GTE" value="5"/>
			</triggered_effect>
			<triggered_effect trigger="onSelfBuffUpdate" action="ModifyCVar" cvar="AGFCraftingTier1Armors" operation="set" value="5">
				<requirement name="ProgressionLevel" progression_name="craftingArmor" operation="GTE" value="7"/>
			</triggered_effect>
			<triggered_effect trigger="onSelfBuffUpdate" action="ModifyCVar" cvar="AGFCraftingTier1Armors" operation="set" value="6">
				<requirement name="ProgressionLevel" progression_name="craftingArmor" operation="GTE" value="10"/>
			</triggered_effect>

		<!--Leather and Iron Armors-->
			<triggered_effect trigger="onSelfBuffUpdate" action="ModifyCVar" cvar="AGFCraftingTier2Armors" operation="set" value="2">
				<requirement name="ProgressionLevel" progression_name="craftingArmor" operation="GTE" value="11"/>
			</triggered_effect>
			<triggered_effect trigger="onSelfBuffUpdate" action="ModifyCVar" cvar="AGFCraftingTier2Armors" operation="set" value="3">
				<requirement name="ProgressionLevel" progression_name="craftingArmor" operation="GTE" value="17"/>
			</triggered_effect>
			<triggered_effect trigger="onSelfBuffUpdate" action="ModifyCVar" cvar="AGFCraftingTier2Armors" operation="set" value="4">
				<requirement name="ProgressionLevel" progression_name="craftingArmor" operation="GTE" value="24"/>
			</triggered_effect>
			<triggered_effect trigger="onSelfBuffUpdate" action="ModifyCVar" cvar="AGFCraftingTier2Armors" operation="set" value="5">
				<requirement name="ProgressionLevel" progression_name="craftingArmor" operation="GTE" value="31"/>
			</triggered_effect>
			<triggered_effect trigger="onSelfBuffUpdate" action="ModifyCVar" cvar="AGFCraftingTier2Armors" operation="set" value="6">
				<requirement name="ProgressionLevel" progression_name="craftingArmor" operation="GTE" value="38"/>
			</triggered_effect>
		
		<!--Military and Steel Armors-->
			<triggered_effect trigger="onSelfBuffUpdate" action="ModifyCVar" cvar="AGFCraftingTier3Armors" operation="set" value="2">
				<requirement name="ProgressionLevel" progression_name="craftingArmor" operation="GTE" value="39"/>
			</triggered_effect>
			<triggered_effect trigger="onSelfBuffUpdate" action="ModifyCVar" cvar="AGFCraftingTier3Armors" operation="set" value="3">
				<requirement name="ProgressionLevel" progression_name="craftingArmor" operation="GTE" value="48"/>
			</triggered_effect>
			<triggered_effect trigger="onSelfBuffUpdate" action="ModifyCVar" cvar="AGFCraftingTier3Armors" operation="set" value="4">
				<requirement name="ProgressionLevel" progression_name="craftingArmor" operation="GTE" value="57"/>
			</triggered_effect>
			<triggered_effect trigger="onSelfBuffUpdate" action="ModifyCVar" cvar="AGFCraftingTier3Armors" operation="set" value="5">
				<requirement name="ProgressionLevel" progression_name="craftingArmor" operation="GTE" value="66"/>
			</triggered_effect>
			<triggered_effect trigger="onSelfBuffUpdate" action="ModifyCVar" cvar="AGFCraftingTier3Armors" operation="set" value="6">
				<requirement name="ProgressionLevel" progression_name="craftingArmor" operation="GTE" value="75"/>
			</triggered_effect>
	</effect_group>	
	
	<effect_group name="craftingArmorRecipesBOTHTIER6"><!--needs one for light and heavy armor. Get a tier 4 on any armors, and you get +1 crafting to ALL armors-->
		<requirement name="ProgressionLevel" progression_name="perkHeavyArmor" operation="GTE" value="4"/>
		<requirement name="ProgressionLevel" progression_name="perkLightArmor" operation="GTE" value="4"/>
		<!--Cloth and Scrap Armors-->
			<triggered_effect trigger="onSelfBuffUpdate" action="ModifyCVar" cvar="AGFCraftingTier1Armors" operation="set" value="2">
				<requirement name="ProgressionLevel" progression_name="craftingArmor" operation="GTE" value="1"/>
			</triggered_effect>
			<triggered_effect trigger="onSelfBuffUpdate" action="ModifyCVar" cvar="AGFCraftingTier1Armors" operation="set" value="3">
				<requirement name="ProgressionLevel" progression_name="craftingArmor" operation="GTE" value="3"/>
			</triggered_effect>
			<triggered_effect trigger="onSelfBuffUpdate" action="ModifyCVar" cvar="AGFCraftingTier1Armors" operation="set" value="4">
				<requirement name="ProgressionLevel" progression_name="craftingArmor" operation="GTE" value="5"/>
			</triggered_effect>
			<triggered_effect trigger="onSelfBuffUpdate" action="ModifyCVar" cvar="AGFCraftingTier1Armors" operation="set" value="5">
				<requirement name="ProgressionLevel" progression_name="craftingArmor" operation="GTE" value="7"/>
			</triggered_effect>
			<triggered_effect trigger="onSelfBuffUpdate" action="ModifyCVar" cvar="AGFCraftingTier1Armors" operation="set" value="6">
				<requirement name="ProgressionLevel" progression_name="craftingArmor" operation="GTE" value="10"/>
			</triggered_effect>

		<!--Leather and Iron Armors-->
			<triggered_effect trigger="onSelfBuffUpdate" action="ModifyCVar" cvar="AGFCraftingTier2Armors" operation="set" value="2">
				<requirement name="ProgressionLevel" progression_name="craftingArmor" operation="GTE" value="11"/>
			</triggered_effect>
			<triggered_effect trigger="onSelfBuffUpdate" action="ModifyCVar" cvar="AGFCraftingTier2Armors" operation="set" value="3">
				<requirement name="ProgressionLevel" progression_name="craftingArmor" operation="GTE" value="17"/>
			</triggered_effect>
			<triggered_effect trigger="onSelfBuffUpdate" action="ModifyCVar" cvar="AGFCraftingTier2Armors" operation="set" value="4">
				<requirement name="ProgressionLevel" progression_name="craftingArmor" operation="GTE" value="24"/>
			</triggered_effect>
			<triggered_effect trigger="onSelfBuffUpdate" action="ModifyCVar" cvar="AGFCraftingTier2Armors" operation="set" value="5">
				<requirement name="ProgressionLevel" progression_name="craftingArmor" operation="GTE" value="31"/>
			</triggered_effect>
			<triggered_effect trigger="onSelfBuffUpdate" action="ModifyCVar" cvar="AGFCraftingTier2Armors" operation="set" value="6">
				<requirement name="ProgressionLevel" progression_name="craftingArmor" operation="GTE" value="38"/>
			</triggered_effect>
		
		<!--Military and Steel Armors-->
			<triggered_effect trigger="onSelfBuffUpdate" action="ModifyCVar" cvar="AGFCraftingTier3Armors" operation="set" value="2">
				<requirement name="ProgressionLevel" progression_name="craftingArmor" operation="GTE" value="39"/>
			</triggered_effect>
			<triggered_effect trigger="onSelfBuffUpdate" action="ModifyCVar" cvar="AGFCraftingTier3Armors" operation="set" value="3">
				<requirement name="ProgressionLevel" progression_name="craftingArmor" operation="GTE" value="48"/>
			</triggered_effect>
			<triggered_effect trigger="onSelfBuffUpdate" action="ModifyCVar" cvar="AGFCraftingTier3Armors" operation="set" value="4">
				<requirement name="ProgressionLevel" progression_name="craftingArmor" operation="GTE" value="57"/>
			</triggered_effect>
			<triggered_effect trigger="onSelfBuffUpdate" action="ModifyCVar" cvar="AGFCraftingTier3Armors" operation="set" value="5">
				<requirement name="ProgressionLevel" progression_name="craftingArmor" operation="GTE" value="66"/>
			</triggered_effect>
			<triggered_effect trigger="onSelfBuffUpdate" action="ModifyCVar" cvar="AGFCraftingTier3Armors" operation="set" value="6">
				<requirement name="ProgressionLevel" progression_name="craftingArmor" operation="GTE" value="75"/>
			</triggered_effect>
	</effect_group>	





	<effect_group name="craftingElectricianRecipes"><!--Electricity Plus Mod edits this section-->	
		<requirement name="ProgressionLevel" progression_name="perkAdvancedEngineering" operation="GTE" value="4"/> 		
		<!--Car Battery-->
			<triggered_effect trigger="onSelfBuffUpdate" action="ModifyCVar" cvar="AGFCraftingBattery" operation="set" value="2">
				<requirement name="ProgressionLevel" progression_name="craftingElectrician" operation="GTE" value="65"/>
			</triggered_effect>
			<triggered_effect trigger="onSelfBuffUpdate" action="ModifyCVar" cvar="AGFCraftingBattery" operation="set" value="3">
				<requirement name="ProgressionLevel" progression_name="craftingElectrician" operation="GTE" value="75"/>
			</triggered_effect>
			<triggered_effect trigger="onSelfBuffUpdate" action="ModifyCVar" cvar="AGFCraftingBattery" operation="set" value="4">
				<requirement name="ProgressionLevel" progression_name="craftingElectrician" operation="GTE" value="85"/>
			</triggered_effect>
			<triggered_effect trigger="onSelfBuffUpdate" action="ModifyCVar" cvar="AGFCraftingBattery" operation="set" value="5">
				<requirement name="ProgressionLevel" progression_name="craftingElectrician" operation="GTE" value="95"/>
			</triggered_effect>
			<triggered_effect trigger="onSelfBuffUpdate" action="ModifyCVar" cvar="AGFCraftingBattery" operation="set" value="6">
				<requirement name="ProgressionLevel" progression_name="craftingElectrician" operation="GTE" value="100"/>
			</triggered_effect>
	</effect_group>
	


	
</append>	
	
	
	


</AGFVanillaPlus-Tier6Crafting>


