<AGFVanillaPlus-MasterTool>


<!--Master Tool-->
	<!--Small chance for the schematic for the master tool to actually show up in a tier 5 hardened chest-->
		<insertafter xpath="/lootcontainers/lootgroup[@name='groupHardenedChestT5_08']">
			<lootgroup name="groupAGFMasterTool">
				<item name="noteAGFMasterTool" count="1"/>
				<item name="meleeMasterToolSchematic" count="1" prob=".11"/>
			</lootgroup>
		</insertafter>
		
		<append xpath="/lootcontainers/lootgroup[@name='groupHardenedChestT5']">
			<item group="groupAGFMasterTool" count="1"/> 
		</append>		
	
		<append xpath="/lootcontainers/lootgroup[@name='groupInfestedT4']">
			<item group="groupAGFMasterTool" count="1"/> 
		</append>	
	
		<append xpath="/lootcontainers/lootgroup[@name='groupInfestedT5']">
			<item group="groupAGFMasterTool" count="3"/> 
		</append>	
	
	
		
</AGFVanillaPlus-MasterTool>