<AGF-QuickStart>


<!--This game event of "fires spawn" will give all the resources and items as if you completed the initial challenges, AND completes them for you.-->
	<append xpath="/gameevents/action_sequence[@name='game_first_spawn']">
			<action class="AddItems">
				<property name="phase" value="2" />
				<property name="added_items" value="resourceYuccaFibers,resourceWood,resourceRockSmall,meleeToolRepairT0StoneAxe,meleeWpnClubT0WoodenClub,gunBowT0PrimitiveBow,ammoArrowStone,armorPrimitiveOutfit" />
				<property name="added_item_counts" value="2,2,2,1-1,1-1,1-1,1,1-1" /> <!--The 1-1 was making sure the tiered equipment given was tier 1. Possible I don't need the extra -1.-->
			</action>
			<action class="CompleteChallenge">
				<property name="phase" value="3" />		
				<property name="challenges" value="redeemChallenge,gatherResources,craftStoneAxe,gatherResourcesStoneAxe,craftClothes,wearClothes,craftWoodClub,craftBow,craftArrows,groupCompleteChallenge" />
				<property name="force_redeem" value="true" />
			</action>			
	</append>


</AGF-QuickStart>

