<zzzAGF-HUDPlus-Compatibilities>


<!--This condition checks the variety of possible hud mods you have to make adjustments accordingly.-->
		<conditional>
			
		<!--Wookie's 12 slot toolbelt-->			
			<if cond="mod_loaded('WMM12SlotToolbelt')">
				<include filename="windowsWMM12Slot.xml" />
			</if>
			
		<!--Khaine's 15 slot toolbelt-->
			<if cond="mod_loaded('15SlotToolbelt')">
				<include filename="windowsKHA15Slot.xml" />
			</if>
			
		<!--Dewtas's 18 slot toolbelt-->			
			<if cond="mod_loaded('Dewtas18SlotToolbelt')">
				<include filename="windowsDewtas18Slot.xml" />
			</if>					
			
		</conditional>	


	
	
</zzzAGF-HUDPlus-Compatibilities>





