<zzzAGF-HUDPlus-Compatibilities>

<!--Dewtas 18 Slot Toolbelt Edits-->

		<!--Removal of water, food, and xp bars on toolbelt-->
			<remove xpath="/windows/window[@name='windowToolbelt']/rect/rect[@stat_type='Water']" /><!--water display-->
			<remove xpath="/windows/window[@name='windowToolbelt']/rect/rect[@stat_type='Food']" />	<!--food display-->
			<remove xpath="/windows/window[@name='windowToolbelt']/rect/sprite[@pos='-210,6']" /><!--XP display-->
	
		<!--Lowered & Centered Toolbelt-->
			<set xpath="/windows/window[@name='windowToolbelt']/@pos">-468,82</set><!--now centered with cursor and my compass marker.-->
			
		<!--Toolbelt Slot Numbers Display-->
			<!--REMOVABILITY = it is safe to delete JUST this section-->
			<append xpath="/windows/window[@name='windowToolbelt']/rect">
				<sprite depth="19" pos="-178,10" height="13" width="14" color="0,0,0,250" type="sliced" foregroundlayer="true" />		
				<label depth="20" name="slot#" pos="-178,10" width="14" height="12" text="[DECEA3]1" font_size="12" color="" justify="center"/>
					
				<sprite depth="19" pos="-103,10" height="13" width="14" color="0,0,0,250" type="sliced" foregroundlayer="true" />		
				<label depth="20" name="slot#" pos="-103,10" width="14" height="12" text="[DECEA3]2" font_size="12" color="" justify="center"/>	

				<sprite depth="19" pos="-28,10" height="13" width="14" color="0,0,0,250" type="sliced" foregroundlayer="true" />		
				<label depth="20" name="slot#" pos="-28,10" width="14" height="12" text="[DECEA3]3" font_size="12" color="" justify="center"/>	

				<sprite depth="19" pos="47,10" height="13" width="14" color="0,0,0,250" type="sliced" foregroundlayer="true" />		
				<label depth="20" name="slot#" pos="47,10" width="14" height="12" text="[DECEA3]4" font_size="12" color="" justify="center"/>		

				<sprite depth="19" pos="122,10" height="13" width="14" color="0,0,0,250" type="sliced" foregroundlayer="true" />		
				<label depth="20" name="slot#" pos="122,10" width="14" height="12" text="[DECEA3]5" font_size="12" color="" justify="center"/>	

				<sprite depth="19" pos="197,10" height="13" width="14" color="0,0,0,250" type="sliced" foregroundlayer="true" />		
				<label depth="20" name="slot#" pos="197,10" width="14" height="12" text="[DECEA3]6" font_size="12" color="" justify="center"/>	

				<sprite depth="19" pos="272,10" height="13" width="14" color="0,0,0,250" type="sliced" foregroundlayer="true" />		
				<label depth="20" name="slot#" pos="272,10" width="14" height="12" text="[DECEA3]7" font_size="12" color="" justify="center"/>	

				<sprite depth="19" pos="347,10" height="13" width="14" color="0,0,0,250" type="sliced" foregroundlayer="true" />		
				<label depth="20" name="slot#" pos="347,10" width="14" height="12" text="[DECEA3]8" font_size="12" color="" justify="center"/>
				
				<sprite depth="19" pos="422,10" height="13" width="14" color="0,0,0,250" type="sliced" foregroundlayer="true" />		
				<label depth="20" name="slot#" pos="422,10" width="14" height="12" text="[DECEA3]9" font_size="12" color="" justify="center"/>

				<sprite depth="19" pos="497,10" height="13" width="14" color="0,0,0,250" type="sliced" foregroundlayer="true" />		
				<label depth="20" name="slot#" pos="497,10" width="14" height="12" text="[DECEA3]10" font_size="12" color="" justify="center"/>
				
				<sprite depth="19" pos="572,10" height="13" width="14" color="0,0,0,250" type="sliced" foregroundlayer="true" />		
				<label depth="20" name="slot#" pos="572,10" width="14" height="12" text="[DECEA3]11" font_size="12" color="" justify="center"/>
				
				<sprite depth="19" pos="647,10" height="13" width="14" color="0,0,0,250" type="sliced" foregroundlayer="true" />		
				<label depth="20" name="slot#" pos="647,10" width="14" height="12" text="[DECEA3]12" font_size="12" color="" justify="center"/>
				
				<sprite depth="19" pos="722,10" height="13" width="14" color="0,0,0,250" type="sliced" foregroundlayer="true" />		
				<label depth="20" name="slot#" pos="722,10" width="14" height="12" text="[DECEA3]13" font_size="12" color="" justify="center"/>
				
				<sprite depth="19" pos="797,10" height="13" width="14" color="0,0,0,250" type="sliced" foregroundlayer="true" />		
				<label depth="20" name="slot#" pos="797,10" width="14" height="12" text="[DECEA3]14" font_size="12" color="" justify="center"/>
				
				<sprite depth="19" pos="872,10" height="13" width="14" color="0,0,0,250" type="sliced" foregroundlayer="true" />		
				<label depth="20" name="slot#" pos="872,10" width="14" height="12" text="[DECEA3]15" font_size="12" color="" justify="center"/>
				
				<sprite depth="19" pos="947,10" height="13" width="14" color="0,0,0,250" type="sliced" foregroundlayer="true" />		
				<label depth="20" name="slot#" pos="947,10" width="14" height="12" text="[DECEA3]16" font_size="12" color="" justify="center"/>
				
				<sprite depth="19" pos="1022,10" height="13" width="14" color="0,0,0,250" type="sliced" foregroundlayer="true" />		
				<label depth="20" name="slot#" pos="1022,10" width="14" height="12" text="[DECEA3]17" font_size="12" color="" justify="center"/>
				
				<sprite depth="19" pos="1097,10" height="13" width="14" color="0,0,0,250" type="sliced" foregroundlayer="true" />		
				<label depth="20" name="slot#" pos="1097,10" width="14" height="12" text="[DECEA3]18" font_size="12" color="" justify="center"/>
				
			</append>
			

</zzzAGF-HUDPlus-Compatibilities>





