<AGFVanillaPlus-ArmorVisionPlus>

<append xpath="/items">
	<item name="modArmorHelmetNightvisionBundle">
		<property name="CustomIcon" value="apparelNightvisionGoggles"/>
		<property name="CustomIconTint" value="930CF8"/>
		<property name="ItemTypeIcon" value="bundle"/>
		<property name="HoldType" value="45"/>
		<property name="Meshfile" value="@:Other/Items/Misc/sackPrefab.prefab"/>
		<property name="DropMeshfile" value="@:Other/Items/Misc/sack_droppedPrefab.prefab"/>
		<property name="Material" value="Morganic"/>
		<property name="Stacknumber" value="50"/>
		<property name="SellableToTrader" value="false"/>
		<property name="Group" value="Mods,Tool/Weapon Mods"/>
		<property class="Action0">
			<property name="Class" value="OpenBundle"/>
			<property name="Delay" value="0"/>
			<property name="Sound_start" value="close_garbage"/>
			<property name="Create_item" value="modArmorHelmetNightvision"/>
			<property name="Create_item_count" value="1"/>
		</property>
	</item>
</append>


	

</AGFVanillaPlus-ArmorVisionPlus>
