<AGFVanillaPlus-FuelPlus>


			
	<!--Wood Burning Enhancement--> <!--the number of wood is equal to the default associated time-->
			<append xpath="/recipes">
				<recipe name="resourceWood10min" count="1" craft_time="2">
					<ingredient name="resourceWood" count="12"/>
				</recipe>
				<recipe name="resourceWood60min" count="1" craft_time="5">
					<ingredient name="resourceWood" count="72"/>
				</recipe>
				<recipe name="resourceWood600min" count="1" craft_time="8">
					<ingredient name="resourceWood" count="720"/>
				</recipe>
				<recipe name="resourceWood" count="12" craft_time="2">
					<ingredient name="resourceWood10min" count="1"/>
				</recipe>
				<recipe name="resourceWood" count="72" craft_time="5">
					<ingredient name="resourceWood60min" count="1"/>
				</recipe>
				<recipe name="resourceWood" count="720" craft_time="5">
					<ingredient name="resourceWood600min" count="1"/>
				</recipe>		
			</append>
			
			
			<append xpath="/recipes">
				<recipe name="resourceCoal10min" count="1" craft_time="2">
					<ingredient name="resourceCoal" count="6"/>
				</recipe>
				<recipe name="resourceCoal60min" count="1" craft_time="5">
					<ingredient name="resourceCoal" count="36"/>
				</recipe>
				<recipe name="resourceCoal600min" count="1" craft_time="8">
					<ingredient name="resourceCoal" count="360"/>
				</recipe>
				<recipe name="resourceCoal" count="6" craft_time="2">
					<ingredient name="resourceCoal10min" count="1"/>
				</recipe>
				<recipe name="resourceCoal" count="36" craft_time="5">
					<ingredient name="resourceCoal60min" count="1"/>
				</recipe>
				<recipe name="resourceCoal" count="360" craft_time="5">
					<ingredient name="resourceCoal600min" count="1"/>
				</recipe>		
			</append>

	
	
</AGFVanillaPlus-FuelPlus>


