<AGF-QuickerQuestStart>


<!--this game event is what I used to add the starting equipment-->
	<append xpath="/gameevents/action_sequence[@name='game_first_spawn']">
			<action class="AddItems">
				<property name="phase" value="2" />
				<property name="added_items" value="resourceYuccaFibers,resourceWood,resourceRockSmall,meleeToolRepairT0StoneAxe,meleeWpnClubT0WoodenClub,gunBowT0PrimitiveBow,ammoArrowStone,armorPrimitiveOutfit" />
				<property name="added_item_counts" value="2,2,2,1-1,1-1,1-1,1,1-1" /> <!--The 1-1 was making sure the tiered equipment given was tier 1. Possible I don't need the extra -1.-->
			</action>
	</append>



<append xpath="/gameevents">
	<action_sequence name="kit1">
			<action class="AddItems">
				<property name="added_items" value="resourceYuccaFibers,resourceWood,resourceRockSmall,meleeToolRepairT0StoneAxe,meleeWpnClubT0WoodenClub,gunBowT0PrimitiveBow,ammoArrowStone,armorPrimitiveOutfit" />
				<property name="added_item_counts" value="2,2,2,1-1,1-1,1-1,1,1-1" /> <!--The 1-1 was making sure the tiered equipment given was tier 1. Possible I don't need the extra -1.-->
			</action>	
	</action_sequence>
</append>



</AGF-QuickerQuestStart>

