<AGFVanillaPlus-DyesPlus>


<!--Vannilla, you cannot craft dyes. But when you scrap one, you get 15 paint.-->

	
<!--Dye Recipes-->			
		<append xpath="/recipes">
			<recipe name="modDyeInvisible" count="1">
				<ingredient name="resourcePaint" count="15"/>
			</recipe>		
			<recipe name="modDyeRed" count="1">
				<ingredient name="resourcePaint" count="15"/>
			</recipe>			
			<recipe name="modDyeGreen" count="1">
				<ingredient name="resourcePaint" count="15"/>
			</recipe>			
			<recipe name="modDyeBlack" count="1">
				<ingredient name="resourcePaint" count="15"/>
			</recipe>			
			<recipe name="modDyeBlue" count="1">
				<ingredient name="resourcePaint" count="15"/>
			</recipe>			
			<recipe name="modDyeBrown" count="1">
				<ingredient name="resourcePaint" count="15"/>
			</recipe>		
			<recipe name="modDyePink" count="1">
				<ingredient name="resourcePaint" count="15"/>
			</recipe>				
			<recipe name="modDyePurple" count="1">
				<ingredient name="resourcePaint" count="15"/>
			</recipe>				
			<recipe name="modDyeYellow" count="1">
				<ingredient name="resourcePaint" count="15"/>
			</recipe>	
			<recipe name="modDyeOrange" count="1">
				<ingredient name="resourcePaint" count="15"/>
			</recipe>
			<recipe name="modDyeblackbright" count="1"><ingredient name="resourcePaint" count="15"/></recipe>
			<recipe name="modDyebluebright" count="1"><ingredient name="resourcePaint" count="15"/></recipe>
			<recipe name="modDyebrownbright" count="1"><ingredient name="resourcePaint" count="15"/></recipe>
			<recipe name="modDyegreenbright" count="1"><ingredient name="resourcePaint" count="15"/></recipe>
			<recipe name="modDyeorangebright" count="1"><ingredient name="resourcePaint" count="15"/></recipe>
			<recipe name="modDyepinkbright" count="1"><ingredient name="resourcePaint" count="15"/></recipe>
			<recipe name="modDyepurplebright" count="1"><ingredient name="resourcePaint" count="15"/></recipe>
			<recipe name="modDyeredbright" count="1"><ingredient name="resourcePaint" count="15"/></recipe>
			<recipe name="modDyeyellowbright" count="1"><ingredient name="resourcePaint" count="15"/></recipe>
			<recipe name="modDyeblackdark" count="1"><ingredient name="resourcePaint" count="15"/></recipe>
			<recipe name="modDyebluedark" count="1"><ingredient name="resourcePaint" count="15"/></recipe>
			<recipe name="modDyebrowndark" count="1"><ingredient name="resourcePaint" count="15"/></recipe>
			<recipe name="modDyegreendark" count="1"><ingredient name="resourcePaint" count="15"/></recipe>
			<recipe name="modDyeorangedark" count="1"><ingredient name="resourcePaint" count="15"/></recipe>
			<recipe name="modDyepinkdark" count="1"><ingredient name="resourcePaint" count="15"/></recipe>
			<recipe name="modDyepurpledark" count="1"><ingredient name="resourcePaint" count="15"/></recipe>
			<recipe name="modDyereddark" count="1"><ingredient name="resourcePaint" count="15"/></recipe>
			<recipe name="modDyeyellowdark" count="1"><ingredient name="resourcePaint" count="15"/></recipe>
			<recipe name="modDyeblacklight" count="1"><ingredient name="resourcePaint" count="15"/></recipe>
			<recipe name="modDyebluelight" count="1"><ingredient name="resourcePaint" count="15"/></recipe>
			<recipe name="modDyebrownlight" count="1"><ingredient name="resourcePaint" count="15"/></recipe>
			<recipe name="modDyegreenlight" count="1"><ingredient name="resourcePaint" count="15"/></recipe>
			<recipe name="modDyeorangelight" count="1"><ingredient name="resourcePaint" count="15"/></recipe>
			<recipe name="modDyepinklight" count="1"><ingredient name="resourcePaint" count="15"/></recipe>
			<recipe name="modDyepurplelight" count="1"><ingredient name="resourcePaint" count="15"/></recipe>
			<recipe name="modDyeredlight" count="1"><ingredient name="resourcePaint" count="15"/></recipe>
			<recipe name="modDyeyellowlight" count="1"><ingredient name="resourcePaint" count="15"/></recipe>
		</append>
	

<!--Bundles are going to be deleted, but in the mean time for compatibility on existing games, just removing the recipe for them.-->
	
<!--Bundle Dye Recipes					
		<append xpath="/recipes">			
			<recipe name="modDyeRedBundle" count="1" craft_time="0" craft_exp_gain="0">
				<ingredient name="modDyeRed" count="1"/>
			</recipe>
			<recipe name="modDyeGreenBundle" count="1" craft_time="0" craft_exp_gain="0">
				<ingredient name="modDyeGreen" count="1"/>
			</recipe>
			<recipe name="modDyeBlackBundle" count="1" craft_time="0" craft_exp_gain="0">
				<ingredient name="modDyeBlack" count="1"/>
			</recipe>
			<recipe name="modDyeBlueBundle" count="1" craft_time="0" craft_exp_gain="0">
				<ingredient name="modDyeBlue" count="1"/>
			</recipe>
			<recipe name="modDyeBrownBundle" count="1" craft_time="0" craft_exp_gain="0">
				<ingredient name="modDyeBrown" count="1"/>
			</recipe>
			<recipe name="modDyePinkBundle" count="1" craft_time="0" craft_exp_gain="0">
				<ingredient name="modDyePink" count="1"/>
			</recipe>
			<recipe name="modDyePurpleBundle" count="1" craft_time="0" craft_exp_gain="0">
				<ingredient name="modDyePurple" count="1"/>
			</recipe>
			<recipe name="modDyeYellowBundle" count="1" craft_time="0" craft_exp_gain="0">
				<ingredient name="modDyeYellow" count="1"/>
			</recipe>
			<recipe name="modDyeOrangeBundle" count="1" craft_time="0" craft_exp_gain="0">
				<ingredient name="modDyeOrange" count="1"/>
			</recipe>	
			<recipe name="modDyeInvisibleBundle" count="1" craft_time="0" craft_exp_gain="0">
				<ingredient name="modDyeInvisible" count="1"/>
			</recipe>
		</append>-->

	
	

	
</AGFVanillaPlus-DyesPlus>


