<AGFVanillaPlus-BattleAxeMod>


		<!--Battle Axe Mod Schematic-->
			<append xpath="/items">	<item name="modMeleeBattleAxeModSchematic">
					<property name="Extends" value="schematicNoQualityRecipeMaster"/>
					<property name="CreativeMode" value="Player"/>
					<property name="CustomIcon" value="modMeleeFiremansAxeMod"/><property name="CustomIconTint" value="149,52,54"/>
					<property name="Unlocks" value="modMeleeBattleAxeMod"/>
					<property name="Group" value="Books,Mods"/>
					<effect_group tiered="false">
						<triggered_effect trigger="onSelfPrimaryActionEnd" action="ModifyCVar" cvar="modMeleeBattleAxeMod" operation="set" value="1"/>
						<triggered_effect trigger="onSelfPrimaryActionEnd" action="GiveExp" exp="50"/>
					</effect_group>
				</item>
			</append>		
		
			


</AGFVanillaPlus-BattleAxeMod>