<AGFVanillaPlus-MasterTool>


			<append xpath="/items">	
				<item name="noteAGFMasterTool">
					<property name="Extends" value="blankNoteMaster"/>
					<property name="CreativeMode" value="None"/>
					<property name="DescriptionKey" value="noteAGFMasterToolDesc"/>
					<property name="CustomIcon" value="challengeQuestMaster"/><property name="CustomIconTint" value="930CF8"/>
				</item>									
			</append>
	
			<!--MASTER TOOL-->
			<append xpath="/items">	<item name="meleeMasterTool">
					<property name="CustomIcon" value="meleeToolRepairT3Nailgun"/><property name="CustomIconTint" value="930CF8"/>
					<property name="DisplayType" value="motorTool"/>
					<property name="Tags" value="tool,melee,nailgun,motorTool,repairTool,attStrength,perkMiner69r,perkMotherLode,miningTool,canHaveCosmetic"/>
					<property name="HoldType" value="37"/>
					<property name="Meshfile" value="@:Other/Items/Tools/nailgunPrefab.prefab"/>
					<property name="TintColor" value="204, 160, 0"/>
					<property name="RepairTools" value="resourceRepairKit"/>
					<property name="DegradationBreaksAfter" value="false"/>
					<property name="CrosshairUpAfterShot" value="true"/>
					<property name="Stacknumber" value="1"/>
					<property name="DescriptionKey" value="meleeMasterTooldesc"/>
					<property name="UnlockedBy" value="meleeMasterToolSchematic"/>
					<property name="Material" value="MmechanicalParts"/> <property name="Weight" value="10"/>
					<property name="ShowQuality" value="true"/>
					<property name="RepairExpMultiplier" value="10.8"/>
					<property name="EconomicValue" value="4000"/>
					<property class="Action0">
						<property name="Class" value="Ranged"/>
						<property name="Hitmask_override" value="Melee"/>
						<property name="UseMeleeCrosshair" value="true"/>
						<property name="Single_magazine_usage" value="false"/>
						<property name="Infinite_ammo" value="true"/>
						<property name="Bullet_material" value="metal"/>
						<property name="Sound_start" value="nailgun_fire"/>
						<property name="Sound_repeat" value=""/>
						<property name="Sound_end" value=""/>
						<property name="Sound_empty" value="dryfire"/>
						<property name="Sound_reload" value=""/>
						<property name="Particles_muzzle_fire" value="nailgunfire"/>
						<property name="Particles_muzzle_smoke" value="nozzlesmoke_chainsaw"/>
						<property name="SupportHarvesting" value="true"/>
						<property name="ToolCategory.harvestingTools" value="1" param1="2"/>
						<property name="ToolCategory.Disassemble" value="1" param1="1.75"/>
						<property name="ToolCategory.Butcher" value="0" param1="50"/>
						
						<property name="triggerEffectTriggerPullDualsense" value="PistolTrigger"/>
						<property name="triggerEffectTriggerPullXbox" value="PistolTrigger"/>
						<property name="triggerEffectTriggerShootDualsense" value="PistolShoot"/>
						<property name="triggerEffectTriggerShootXbox" value="PistolShoot"/>
					</property>
					<property class="Action1"> <!-- UseAction -->
						<property name="Class" value="Repair"/>
						<property name="Delay" value=".39"/> <!-- Repair actions still need the delay amount -->
						<property name="Repair_amount" value="2000"/>
						<property name="Upgrade_hit_offset" value="-5"/>
						<property name="Repair_action_sound" value="nailgun_fire"/>
						<property name="Upgrade_action_sound" value="nailgun_fire"/>
						<property name="Allowed_upgrade_items" value="resourceWood,resourceClayLump,resourceSnowBall,resourceScrapIron,resourceForgedIron,resourceForgedSteel,resourceConcreteMix,resourceCobblestones,ironDoor1_v1,vaultDoor01,scrapHatch_v1,vaultHatch_v1,cellarDoorDoubleIron,cellarDoorDoubleSteel,shuttersIronBlockVariantHelper,shuttersSteelBlockVariantHelper,resourceYuccaFibers,resourceCloth,resourceScrapPolymers,resourceNail,miscwoodDoorVariantHelper,miscironDoorVariantHelper,miscsteelDoorVariantHelper"/>
						<!--<property name="Restricted_upgrade_items" value="concrete"/>-->
					</property>
					<property name="Group" value="Tools/Traps"/>
					<effect_group name="meleeToolWrench" tiered="false">
						<passive_effect name="HarvestCount" operation="base_set" value="1" tags="salvageHarvest"/>
					</effect_group>
					<effect_group name="meleeMasterTool" tiered="false"> <!-- meleeToolRepairT3Nailgun -->
						<passive_effect name="DamageFalloffRange" operation="base_set" value="4" tags="perkMiner69r"/>
						<passive_effect name="MaxRange" operation="base_set" value="5" tags="perkMiner69r"/>

						<display_value name="dBlockRepairAmount" value="2000"/>
						<passive_effect name="RoundsPerMinute" operation="base_set" value="350" tags="perkMiner69r"/>
												
						<passive_effect name="EntityDamage" operation="base_set" value="1" tags="perkMiner69r"/>
						<passive_effect name="BlockDamage" operation="base_set" value="35" tags="perkMiner69r,miningTool"/>
						<passive_effect name="DegradationMax" operation="base_set" value="6000" tags="perkMiner69r"/>
						<passive_effect name="DegradationPerUse" operation="base_set" value="1" tags="perkMiner69r"/>
						<passive_effect name="BlockRange" operation="base_set" value="5" tags="perkMiner69r"/>
						<passive_effect name="ModSlots" operation="base_set" value="6" />
						<passive_effect name="ModPowerBonus" operation="perc_add" value=".10" tags="BlockDamage"/>
						<passive_effect name="ModPowerBonus" operation="base_add" value="300" tags="EconomicValue"/>
						<passive_effect name="BlockDamage" operation="perc_add" value="2" tags="safes"/>
						
						<passive_effect name="PlayerExpGain" operation="perc_add" value="-.4" tags="Harvesting"/>

						<passive_effect name="WeaponHandling" operation="perc_add" value=".08" tags="perkMiner69r"/> <!-- random WeaponHandling -->

						<passive_effect name="BurstRoundCount" operation="base_set" value="1000" tags="perkMiner69r"/>

						<passive_effect name="SpreadDegreesVertical" operation="base_set" value=".2" tags="perkMiner69r"/>
						<passive_effect name="SpreadDegreesHorizontal" operation="base_set" value=".2" tags="perkMiner69r"/>
						<passive_effect name="KickDegreesVerticalMin" operation="base_set" value="-.15" tags="perkMiner69r"/>
						<passive_effect name="KickDegreesVerticalMax" operation="base_set" value=".15" tags="perkMiner69r"/>
						<passive_effect name="KickDegreesHorizontalMin" operation="base_set" value="-.15" tags="perkMiner69r"/>
						<passive_effect name="KickDegreesHorizontalMax" operation="base_set" value=".15" tags="perkMiner69r"/>

						<passive_effect name="IncrementalSpreadMultiplier" operation="base_set" value="1" tags="perkMiner69r"/>
						<passive_effect name="WeaponHandling" operation="base_set" value="5" tags="perkMiner69r"/>		
						<passive_effect name="HarvestCount" operation="base_set" value="1" tags="allHarvest"/>
						<passive_effect name="HarvestCount" operation="base_set" value="1" tags="allToolsHarvest"/>
						<passive_effect name="HarvestCount" operation="base_set" value="1" tags="oreWoodHarvest"/>
						<passive_effect name="HarvestCount" operation="base_set" value="1" tags="butcherHarvest"/>
					</effect_group>
				</item>

			</append>
			
			
			<!--Master tool Schematic-->
			<append xpath="/items">	
				<item name="meleeMasterToolSchematic">
					<property name="Extends" value="schematicMaster"/>
					<property name="CreativeMode" value="Player"/>					
					<property name="DescriptionKey" value="meleeMasterToolSchematicDesc"/>
					<property name="CustomIcon" value="meleeToolRepairT3Nailgun"/><property name="CustomIconTint" value="930CF8"/>
					<property name="Unlocks" value="meleeMasterTool"/>
					<effect_group tiered="false">
						<triggered_effect trigger="onSelfPrimaryActionEnd" action="ModifyCVar" cvar="meleeMasterTool" operation="set" value="1"/>
						<triggered_effect trigger="onSelfPrimaryActionEnd" action="GiveExp" exp="50"/>
					</effect_group>
				</item>			
			</append>

		


</AGFVanillaPlus-MasterTool>
