<AGFVanillaPlus-SmeltingPlus>

	<set xpath="/styles/style[@name='workstation.reserve.name']/style_entry[@name='width']/@value">64</set>
	<set xpath="/styles/style[@name='workstation.reserve.weight']/style_entry[@name='width']/@value">63</set>

	<append xpath="/styles">	
		<style name="workstation.agf" type="label">
			<style_entry name="depth" value="2"/>
			<style_entry name="height" value="24"/>
			<style_entry name="width" value="7"/>
		</style>
	</append>

</AGFVanillaPlus-SmeltingPlus>