<AGFVanillaPlus-VehicleStorage>



<!--Plus 1 row of storage in vehicles (DO NOT MAKE BIGGER THAN 9,10!!!!)-->
		<set xpath="/lootcontainers/lootcontainer[@name='vehicleBicycle']/@size">9,4</set>  <!--bicycle, Default = 9,1-->
		<set xpath="/lootcontainers/lootcontainer[@name='vehicleMinibike']/@size">9,6</set>  <!--minibike, Default = 9,3-->
		<set xpath="/lootcontainers/lootcontainer[@name='vehicleMotorcycle']/@size">9,8</set>  <!--motorcycle, Default = 9,4-->
		<set xpath="/lootcontainers/lootcontainer[@name='vehicle4x4Truck']/@size">9,10</set> <!--Truck, Default = 9,9-->
		<set xpath="/lootcontainers/lootcontainer[@name='vehicleGyrocopter']/@size">9,8</set>  <!--Gyro, Default = 9,5-->
		
	
		
</AGFVanillaPlus-VehicleStorage>