<AGFVanillaPlus-FuelPlus>

<!--BURNING FUEL PLUS
	Feature:	Turn wood / coal resources into a sigle item that burns for 10min, 60min (1hour), or 600mins(10hours).
				Vanilla friendly as its ingredients require the exact amount from vanilla to make the burning times.
				These fuel items can be converted back to its original wood/coal resource.
	
	Default: 	You have to put in specific amounts of fuel to get the time you want.
	
	XML's: 		items, recipes, localization
	
	Why: 		Quality of Life for planning burn times and managing resources
	
	Delete?: 	Creates new items, therefore not safe to remove from an existing game.
				Can be "removed" from an existing game if you delete its section under recipes.xml.
	
	Code:		-->

		<!--Wood Burning Items, one burns for 10 minutes, the other 60 minutes, and another 600-->
			<append xpath="/items">
				<item name="resourceWood10min"> <!--Same as 12 wood-->
					<property name="HoldType" value="45"/>
					<property name="CustomIcon" value="modularFireWoodStackC"/> 
					<property name="CustomIconTint" value="A42ACC"/>
					<property name="ItemTypeIcon" value="campfire"/>
					<property name="Meshfile" value="@:Other/Items/Misc/sackPrefab.prefab"/>
					<property name="DropMeshfile" value="@:Other/Items/Misc/sack_droppedPrefab.prefab"/>
					<property name="Material" value="MresourceWood"/>
					<property name="DescriptionKey" value="resourceBurningDesc"/>
					<property name="Weight" value="80"/><!--creates 12 wood when you scrap-->
							<!--When you want to find what the weight should be to get EQUAL ingredient costs back.
							
								X = How much it costs to craft 1
								Y = The weight of one ingredient you are scrapping it into
																
								X / 75% * Y = Weight
								
								12 / 75% * 5 (resourceWood weight is 5) = 80
								
								Scrapping time is dependent on the weight of each individual ingredient added all up... then multiply that by the number of items you are scrapping at once.
							-->	
					<property name="Stacknumber" value="500"/> 
					<property name="FuelValue" value="600"/>
					<property name="Group" value="Resources"/>
					<property name="CraftingIngredientTime" value=".25"/>
					<property name="SellableToTrader" value="false"/>
				</item>
				<item name="resourceWood60min"> <!--Same as 72 wood-->
					<property name="Extends" value="resourceWood10min"/>
					<property name="Material" value="MresourceWood"/>
					<property name="Weight" value="480"/><!--creates 72 wood when you scrap-->
					<property name="CustomIcon" value="modularFireWoodStackB"/> 
					<property name="CustomIconTint" value="A42ACC"/>
					<property name="ItemTypeIcon" value="campfire"/>
					<property name="FuelValue" value="3600"/>
				</item>
				<item name="resourceWood600min"> <!--Same as 720 wood-->
					<property name="Extends" value="resourceWood10min"/>
					<property name="Material" value="MresourceWood"/>
					<property name="Weight" value="4800"/><!--creates 720 wood when you scrap-->
					<property name="CustomIcon" value="modularFireWoodStackA"/>
					<property name="CustomIconTint" value="A42ACC"/>
					<property name="ItemTypeIcon" value="campfire"/>
					<property name="FuelValue" value="36000"/>
				</item>				
			</append>
			
		<!--Coal Burning Items, one burns for 10 minutes, the other 60 minutes, and another 600-->
			<append xpath="/items">
				<item name="resourceCoal10min"> <!--Same as 6 coal-->
					<property name="Extends" value="resourceWood10min"/>
					<property name="Material" value="MresourceCoal"/>
					<property name="Weight" value="8"/><!--creates 6 coal when you scrap-->
					<property name="CustomIcon" value="oreCoalBoulder"/> 
					<property name="CustomIconTint" value="A42ACC"/>
					<property name="ItemTypeIcon" value="campfire"/>
					<property name="FuelValue" value="600"/>
				</item>			
				<item name="resourceCoal60min"> <!--Same as 36 coal-->
					<property name="Extends" value="resourceWood10min"/>
					<property name="Material" value="MresourceCoal"/>
					<property name="Weight" value="48"/><!--creates 36 coal when you scrap-->
					<property name="CustomIcon" value="resourceCoal"/> 
					<property name="CustomIconTint" value="A42ACC"/>
					<property name="ItemTypeIcon" value="campfire"/>
					<property name="FuelValue" value="3600"/>
				</item>
				<item name="resourceCoal600min"> <!--Same as 360 coal-->
					<property name="Extends" value="resourceWood10min"/>
					<property name="Material" value="MresourceCoal"/>
					<property name="Weight" value="480"/><!--creates 360 coal when you scrap-->
					<property name="CustomIcon" value="terrStone"/>
					<property name="CustomIconTint" value="A42ACC"/>
					<property name="ItemTypeIcon" value="campfire"/>
					<property name="FuelValue" value="36000"/>
				</item>					
			</append>	

		<!--In order to scrap my coal based items BACK into coal, had to add the weight-->		
			<append xpath="/items/item[@name='resourceCoal']">
				<property name="Weight" value="1"/>		
			</append>
		
</AGFVanillaPlus-FuelPlus>