<AGFVanillaPlus-FuelPlus>



	<!--In order to scrap my coal based items BACK into coal, had to add the scrapping recipe-->
			<append xpath="/recipes">
				<recipe name="resourceCoal" count="1" tooltip="ttScrapMetalBrass" always_unlocked="true" tags="salvageScrap"> <wildcard_forge_category /> </recipe>
			</append>
			
			
	<!--Wood Burning Enhancement--> <!--the number of wood is equal to the default associated time-->
			<append xpath="/recipes">
				<recipe name="resourceWood10min" count="1" craft_time="2">
					<ingredient name="resourceWood" count="12"/>
				</recipe>
				<recipe name="resourceWood60min" count="1" craft_time="5">
					<ingredient name="resourceWood" count="72"/>
				</recipe>
				<recipe name="resourceWood600min" count="1" craft_time="8">
					<ingredient name="resourceWood" count="720"/>
				</recipe>
			</append>
			
			
	<!--Coal Burning Enhancement--> <!--the number of coal is equal to the default associated time-->			
			<append xpath="/recipes">
				<recipe name="resourceCoal10min" count="1" craft_time="2">
					<ingredient name="resourceCoal" count="6"/>
				</recipe>
				<recipe name="resourceCoal60min" count="1" craft_time="5">
					<ingredient name="resourceCoal" count="36"/>
				</recipe>
				<recipe name="resourceCoal600min" count="1" craft_time="8">
					<ingredient name="resourceCoal" count="360"/>
				</recipe>
			</append>

	
	
</AGFVanillaPlus-FuelPlus>


