<AGFVanillaPlus-MacheteFasterMod>


	<!--battle axe mod recipe-->
		<append xpath="/recipes">
			<recipe name="modMeleeMacheteGripMod" count="1" craft_area="workbench" tags="learnable,workbenchCrafting">
				<ingredient name="resourceForgedSteel" count="5"/>
				<ingredient name="resourceGlue" count="5"/>
				<ingredient name="resourceMechanicalParts" count="5"/>
				<ingredient name="resourceSpring" count="10"/>		
			</recipe>
		</append>
		
	<!--to bundle the mod-->	
		<append xpath="/recipes">
			<recipe name="modMeleeMacheteGripModBundle" count="1" craft_time="0" craft_exp_gain="0">
				<ingredient name="modMeleeMacheteGripMod" count="1"/>
			</recipe>
		</append>


</AGFVanillaPlus-MacheteFasterMod>


