<AGFVanillaPlus-CraftVitamins>

	<conditional>
		<if cond="mod_loaded('AGF-V2-HUDPlus-PurpleBook')">
		
			<!--Adding vitamins-->
			<set xpath="/windows/window[@name='Schematics']/rect[@name='tabs']/rect[@name='tabsContents']/rect[@name='craftinglistTab']/rect[@name='tabs']/rect[@name='tabsContents']/rect[@name='allChecklists']/grid[@name='checklistMedical']/entry[@name='Icon']/sprite[@sprite='drugHerbalAntibiotics']/@pos">0,11</set>
			<insertafter xpath="/windows/window[@name='Schematics']/rect[@name='tabs']/rect[@name='tabsContents']/rect[@name='craftinglistTab']/rect[@name='tabs']/rect[@name='tabsContents']/rect[@name='allChecklists']/grid[@name='checklistMedical']/entry[@name='Icon']/sprite[@sprite='drugHerbalAntibiotics']">
				<sprite name="itemIcon" depth="3" pos="0,-11" size="21,21" foregroundlayer="true" atlas="ItemIconAtlas" sprite="drugVitamins" color="" tooltip_key="drugVitamins"/>
			</insertafter>

			<!--ZoomedIn part for adding vitamins.... -->
			<set xpath="/windows/window[@name='Schematics']/rect[@name='tabs']/rect[@name='tabsContents']/rect[@name='craftinglistTab']/rect[@name='tabs']/rect[@name='tabsContents']/rect[@name='zoomedMedical']/grid[@name='checklistMedical']/entry[@name='QSection']/sprite[@sprite='drugHerbalAntibiotics']/@pos">177,-40</set>
			<insertafter xpath="/windows/window[@name='Schematics']/rect[@name='tabs']/rect[@name='tabsContents']/rect[@name='craftinglistTab']/rect[@name='tabs']/rect[@name='tabsContents']/rect[@name='zoomedMedical']/grid[@name='checklistMedical']/entry[@name='QSection']/sprite[@sprite='drugHerbalAntibiotics']">
				<sprite name="itemIcon" depth="3" pos="227,-47" size="50,50" foregroundlayer="true" atlas="ItemIconAtlas" sprite="drugVitamins" color="" tooltip_key="drugVitamins"/>
			</insertafter>	


		</if>
	</conditional>
	
</AGFVanillaPlus-CraftVitamins>
