<AGFVanillaPlus-QuickStart>


<remove xpath="/gameevents/action_sequence[@name='game_first_spawn']/action[@class='AddJournalTip']"/>

<set xpath="/gameevents/action_sequence[@name='game_first_spawn']/action[@class='Delay']/property[@name='phase']/@value">1</set>

<append xpath="/gameevents/action_sequence[@name='game_first_spawn']">
		<action class="AddItems">
			<property name="added_items" value="meleeToolRepairT0StoneAxe,apparelPlantFiberPants,meleeWpnClubT0WoodenClub,gunBowT0PrimitiveBow,ammoArrowStone,resourceWood,resourceRockSmall,campfire,bedrollBlockVariantHelper" />
			<property name="added_item_counts" value="1,1,1,1,1,10,10,1,1" />
		</action>
		<action class="AddSkillPoints">
			<property name="skill_points" value="5" />
		</action>	
		<action class="AddXP">
			<property name="xp_amount" value="400" />
		</action>	
</append>


<set xpath="/gameevents/action_sequence[@name='game_first_spawn']/action[@class='AddQuest']/property[@name='quest']/@value">quest_whiteRiverCitizen1</set>
<set xpath="/gameevents/action_sequence[@name='game_first_spawn']/action[@class='AddQuest']/property[@name='phase']/@value">2</set>

</AGFVanillaPlus-QuickStart>

