<AGFVanillaPlus-MasterTool>


<!--the master tool has its own skill under intellect
	<append xpath="/progression/perks">
			<perk name="perkMasterTool" base_skill_point_cost="3" max_level="1" parent="skillIntellectCraftsmanship" name_key="perkMasterToolName" desc_key="perkMasterToolDesc" icon="ui_game_symbol_resource">
				<level_requirements level="1">
					<requirement name="ProgressionLevel" progression_name="perkSalvageOperations" operation="GTE" value="5" desc_key="reqMTSalvage"/>
					<requirement name="ProgressionLevel" progression_name="perkMiner69r" operation="GTE" value="5" desc_key="reqMTMiner"/>
					<requirement name="ProgressionLevel" progression_name="perkTheHuntsman" operation="GTE" value="5" desc_key="reqMTHuntsman"/>
					<requirement name="ProgressionLevel" progression_name="perkAdvancedEngineering" operation="GTE" value="5" desc_key="reqMTEngineering"/>				
				</level_requirements>
				<effect_group>
					<passive_effect name="RecipeTagUnlocked" operation="base_set" level="1" value="1" tags="meleeMasterTool"/>

					<effect_description level="1" desc_key="perkMasterToolRank1Desc" long_desc_key="perkMasterToolRank1LongDesc"/>
					
				</effect_group>
			</perk>

	</append>


-->

</AGFVanillaPlus-MasterTool>

 