<AGFVanillaPlus-ApiaryPlus>


	<!--Did NOT change the original cntApiary size.
		Created a new one to replace the existing one.
		This makes applying this mod to an existing save safe.-->
	<remove xpath="/blocks/block[@name='cntApiary']/property[@name='HeatMapStrength']"/>
	<remove xpath="/blocks/block[@name='cntApiary']/property[@name='HeatMapTime']"/>
	<remove xpath="/blocks/block[@name='cntApiary']/property[@name='HeatMapFrequency']"/>
		
		
		
	<append xpath="/blocks">
		<block name="cntApiaryAGF">
			<property name="Extends" value="cntApiary"/>	
			<property name="CustomIcon" value="cntApiary"/>		
			<property name="MultiBlockDim" value="2,2,1"/><!--Changes the size-->
		</block>
	</append>



	<!--Makes older version destroyable into the new one!
		Removes existing harvesting potential as well.-->	
	<remove xpath="/blocks/block[@name='cntApiary']/drop"/>
	<append xpath="/blocks/block[@name='cntApiary']">
		<drop event="Destroy" name="cntApiaryAGF" count="1"/>
		<drop event="Fall" name="cntApiaryAGF" count="1" prob="0.9" stick_chance="1"/>
	</append>



</AGFVanillaPlus-ApiaryPlus>
