<AGFVanillaPlus-FarmingPlus>

<!--FARMING PLUS-->
		<!--plant birds nests-->
		<append xpath="/recipes">
			<recipe name="birdsNestEmpty" count="1" craft_time="3" tags="learnable,perkLivingOffTheLand">
				<ingredient name="resourceYuccaFibers" count="10"/>
				<ingredient name="foodCornMeal" count="25"/>
			</recipe>
		</append>
		<!--plant bee flower for honey-->
		<append xpath="/recipes">
			<recipe name="beeFlower" count="1" craft_time="3" tags="learnable,perkLivingOffTheLand">
				<ingredient name="plantedChrysanthemum1" count="5"/>
				<ingredient name="plantedGoldenrod1" count="5"/>
				<ingredient name="resourceYuccaFibers" count="5"/>
			</recipe>
		</append>
		
	<append xpath="/recipes">

		<recipe name="plantedMushroom1x5" count="1" craft_time="1" craft_exp_gain="0">
			<ingredient name="plantedMushroom1" count="5"/>
		</recipe>
		<recipe name="plantedYucca1x5" count="1" craft_time="1" craft_exp_gain="0">
			<ingredient name="plantedYucca1" count="5"/>
		</recipe>
		<recipe name="plantedCotton1x5" count="1" craft_time="1" craft_exp_gain="0">
			<ingredient name="plantedCotton1" count="5"/>
		</recipe>
		<recipe name="plantedCoffee1x5" count="1" craft_time="1" craft_exp_gain="0">
			<ingredient name="plantedCoffee1" count="5"/>
		</recipe>
		<recipe name="plantedGoldenrod1x5" count="1" craft_time="1" craft_exp_gain="0">
			<ingredient name="plantedGoldenrod1" count="5"/>
		</recipe>
		<recipe name="plantedAloe1x5" count="1" craft_time="1" craft_exp_gain="0">
			<ingredient name="plantedAloe1" count="5"/>
		</recipe>
		<recipe name="plantedBlueberry1x5" count="1" craft_time="1" craft_exp_gain="0">
			<ingredient name="plantedBlueberry1" count="5"/>
		</recipe>
		<recipe name="plantedPotato1x5" count="1" craft_time="1" craft_exp_gain="0">
			<ingredient name="plantedPotato1" count="5"/>
		</recipe>
		<recipe name="plantedChrysanthemum1x5" count="1" craft_time="1" craft_exp_gain="0">
			<ingredient name="plantedChrysanthemum1" count="5"/>
		</recipe>
		<recipe name="plantedCorn1x5" count="1" craft_time="1" craft_exp_gain="0">
			<ingredient name="plantedCorn1" count="5"/>
		</recipe>
		<recipe name="plantedGraceCorn1x5" count="1" craft_time="1" craft_exp_gain="0">
			<ingredient name="plantedGraceCorn1" count="5"/>
		</recipe>
		<recipe name="plantedHop1x5" count="1" craft_time="1" craft_exp_gain="0">
			<ingredient name="plantedHop1" count="5"/>
		</recipe>
		<recipe name="plantedPumpkin1x5" count="1" craft_time="1" craft_exp_gain="0">
			<ingredient name="plantedPumpkin1" count="5"/>
		</recipe>
		<recipe name="birdsNestEmptyx5" count="1" craft_time="1" craft_exp_gain="0">
			<ingredient name="birdsNestEmpty" count="5"/>
		</recipe>
		<recipe name="beeFlowerx5" count="1" craft_time="1" craft_exp_gain="0">
			<ingredient name="beeFlower" count="5"/>
		</recipe>
		<recipe name="farmPlotBlockVariantHelperx5" count="1" craft_time="1" craft_exp_gain="0">
			<ingredient name="farmPlotBlockVariantHelper" count="5"/>
		</recipe>
	</append>
	
	<!--Removed in 2.0 as seed requirements are easier with 100% seed drops-->
		<!--Seed recipe requirements reduced with levels in farming-->
<!--		<append xpath="/recipes/recipe[starts-with(@name,'planted')]/@tags">,perkLivingOffTheLandCrafting</append>
		<append xpath="/recipes/recipe[starts-with(@name,'planted')]">
			<effect_group>
				<passive_effect name="CraftingIngredientCount" level="3" operation="base_add" value="-2" tags="resourceCropAloeLeaf,foodCropBlueberries,resourceCropChrysanthemumPlant,resourceCropCoffeeBeans,foodCropCorn,resourceCropCottonPlant,resourceCropGoldenrodPlant,foodCropGraceCorn,resourceCropHopsFlower,foodCropMushrooms,foodCropPotato,foodCropYuccaFruit,foodCropPumpkin,resourceYuccaFibers"/>
			</effect_group>
		</append>	-->
		
		
</AGFVanillaPlus-FarmingPlus>


