<AGF>

<remove xpath="/quests/quest[@id='quest_BasicSurvival1']/action[@type='ShowTip']"/>
<remove xpath="/quests/quest[@id='quest_BasicSurvival1']/objective[@type='FetchKeep']"/>
<remove xpath="/quests/quest[@id='quest_BasicSurvival1']/objective[@type='Craft']"/>

<set xpath="/quests/quest[@id='quest_BasicSurvival1']/objective[@type='BlockPlace']/@phase">1</set>

<append xpath="/quests/quest[@id='quest_BasicSurvival1']">
	<reward type="Exp" value="300"/>
	<reward type="SkillPoints" value="4"/>
	<reward type="Item" id="meleeToolRepairT0StoneAxe" value="1"/>
	<reward type="Item" id="apparelPlantFiberPants" value="1"/>
	<reward type="Item" id="apparelPlantFiberShirt" value="1"/>
	<reward type="Item" id="meleeWpnClubT0WoodenClub" value="1"/>
	<reward type="Item" id="gunBowT0PrimitiveBow" value="1"/>
	<reward type="Item" id="ammoArrowStone" value="1"/>
	<reward type="Item" id="resourceWood" value="10"/>
	<reward type="Item" id="resourceRockSmall" value="10"/>
	<reward type="Item" id="campfire" value="1"/>
</append>

<set xpath="/quests/quest[@id='quest_BasicSurvival1']/reward[@type='Quest']/@id">quest_whiteRiverCitizen1</set>

<remove xpath="/quests/quest[@id='quest_whiteRiverCitizen1']/action[@type='ShowTip']"/>

</AGF>