<AGFVanillaPlus-FarmingPlus>

<!--THIS is for my crafting checklist within my VP-1Core mod. If you don't have VP-1Core mod, that's ok, but it will show a few yellow errors that will NOT break your game-->

	<set xpath="/windows/window[@name='Schematics']/rect[@name='tabsContents']/rect[@name='craftinglistTab']/grid[@name='checklistSeeds']/entry[@name='plantedPotato1']/sprite[@name='backgroundSection']/@height">62</set>
	<set xpath="/windows/window[@name='Schematics']/rect[@name='tabsContents']/rect[@name='craftinglistTab']/grid[@name='checklistSeeds']/entry[@name='plantedPotato1']/sprite[@name='backgroundBorderSection']/@height">62</set>
	
	<set xpath="/windows/window[@name='Schematics']/rect[@name='tabsContents']/rect[@name='craftinglistTab']/grid[@name='checklistSeeds']/entry[@name='plantedPotato1']/filledsprite/@height">60</set>

	
	<insertafter xpath="/windows/window[@name='Schematics']/rect[@name='tabsContents']/rect[@name='craftinglistTab']/grid[@name='checklistSeeds']/entry[@name='Icon-plantedPotato1']">
		<entry/>
		<entry/>
		<entry/>
		<entry/>
		<entry name="Icon">
			<sprite name="itemIcon" depth="3" pos="2,7" size="28,28" foregroundlayer="true" atlas="ItemIconAtlas" sprite="forestFlower" color="" tooltip_key="beeFlower"/>
		</entry>
		<entry name="Icon">
			<sprite name="itemIcon" depth="3" pos="-4,7" size="28,28" foregroundlayer="true" atlas="ItemIconAtlas" sprite="cntBirdnest" color="" tooltip_key="birdsNestEmpty"/>
		</entry>		
	</insertafter>



</AGFVanillaPlus-FarmingPlus>

