<AGFVanillaPlus-PumpkinsPlus>


		<append xpath="/recipes">
			<recipe name="thrownAmmoMolotovJacks" count="1" craft_time="5">
				<ingredient name="thrownAmmoMolotovCocktail" count="1"/>
				<ingredient name="foodCropPumpkin" count="1"/>
			</recipe>	
			<recipe name="apparelJackOHelm" count="1" craft_time="1" >
				<ingredient name="decoPumpkinJackOLantern" count="1"/>
			</recipe>		
			<recipe name="modJackOHead" count="1" craft_time="1" >
				<ingredient name="apparelJackOHelm" count="1"/>
			</recipe>			
		</append>
		

<!--Can bundle the helmet mod-->		
		<append xpath="/recipes">
			<recipe name="modJackOHeadBundle" count="1" craft_time="0" craft_exp_gain="0">
				<ingredient name="modJackOHead" count="1"/>
			</recipe>
		</append>

	
	
</AGFVanillaPlus-PumpkinsPlus>


