<AGFVanillaPlus-FloraHarvester>


<append xpath="/recipes">

	<recipe name="modArmorFarmer" count="1" craft_time="30" craft_area="workbench" tags="learnable">
		<ingredient name="resourceArmorCraftingKit" count="24"/>
		<ingredient name="resourceLeather" count="100"/>
		<ingredient name="resourceForgedIron" count="100"/>
		<ingredient name="resourceForgedSteel" count="100"/>
		<ingredient name="resourceLegendaryParts" count="4"/>
	</recipe>
	
	<recipe name="modArmorMiner" count="1" craft_time="30" craft_area="workbench" tags="learnable">
		<ingredient name="resourceArmorCraftingKit" count="24"/>
		<ingredient name="resourceLeather" count="100"/>
		<ingredient name="resourceForgedIron" count="100"/>
		<ingredient name="resourceForgedSteel" count="100"/>
		<ingredient name="resourceLegendaryParts" count="4"/>
	</recipe>
	
	<recipe name="modArmorScavenger" count="1" craft_time="30" craft_area="workbench" tags="learnable">
		<ingredient name="resourceArmorCraftingKit" count="24"/>
		<ingredient name="resourceLeather" count="100"/>
		<ingredient name="resourceForgedIron" count="100"/>
		<ingredient name="resourceForgedSteel" count="100"/>
		<ingredient name="resourceLegendaryParts" count="4"/>
	</recipe>
	
	<recipe name="modArmorLumberjack" count="1" craft_time="30" craft_area="workbench" tags="learnable">
		<ingredient name="resourceArmorCraftingKit" count="24"/>
		<ingredient name="resourceCloth" count="100"/>
		<ingredient name="resourceForgedIron" count="100"/>
		<ingredient name="resourceForgedSteel" count="100"/>
		<ingredient name="resourceLegendaryParts" count="4"/>
	</recipe>

</append>	

	
	
</AGFVanillaPlus-FloraHarvester>


