<AGFVanillaPlus-DyesPlus>



<!--Invisible Dye and Orange Dye-->
		<!--Invisible Dye to hide clothing items you don't want to see.-->
		<append xpath="/item_modifiers">
			<item_modifier name="modDyeInvisible" installable_tags="clothing,armor" modifier_tags="dye" type="attachment" cosmetic_install_chance="0">
				<property name="DescriptionKey" value="modDyeInvisibleDesc"/>
				<property name="Group" value="CFChemicals"/>
				<property name="Stacknumber" value="1"/> 
				<property name="DropMeshfile" value="@:Other/Items/Misc/sack_droppedPrefab.prefab"/>
				<property name="CustomIcon" value="modDyeWhite"/> <property name="CustomIconTint" value="0,255,255"/>
				<property name="Material" value="Mpaint"/>
				<property name="Weight" value="20"/>

				<item_property_overrides name="*">
							<property name="UMA.Mesh" value=""/>
							<property name="CustomIconTint" value="0,255,255"/>
							<property name="UMA.ShowAltHair" value="false"/>
				</item_property_overrides>
						<property name="PickupJournalEntry" value="augmentGunsTip"/>
			</item_modifier>
		</append>
			
		<!--Orange Dye... this is technically in the game but it isn't...-->		
		<append xpath="/item_modifiers">	
			<item_modifier name="modDyeOrange" installable_tags="clothing,armor,weapon,tool,vehicle" modifier_tags="dye" type="attachment" cosmetic_install_chance=".1">
				<property name="Extends" value="modGeneralMaster"/>
				<property name="Group" value="CFChemicals"/>
				<property name="DescriptionKey" value="modDyeGroupDesc"/>
				<property name="CustomIcon" value="modDyeWhite"/> 
				<property name="CustomIconTint" value="220,125,15"/>
				<property name="Material" value="Mpaint"/>
				<property name="Weight" value="20"/>

				<item_property_overrides name="*">
					<property name="TintColor" value="220,125,15"/>
					<property name="CustomIconTint" value="220,125,15"/>
					<property name="UMA.Overlay0Tint" value="220,125,15"/> 
				</item_property_overrides>

				<item_property_overrides name="apparelTankTop">
					<property name="UMA.Overlay0Tint" value="skin"/>
					<property name="UMA.Overlay1Tint" value="220,125,15"/>
				</item_property_overrides>

				<item_property_overrides name="apparelTShirtPlain">
					<property name="UMA.Overlay0Tint" value="skin"/>
					<property name="UMA.Overlay1Tint" value="220,125,15"/>
				</item_property_overrides>

				<item_property_overrides name="apparelTShirtZU">
					<property name="UMA.Overlay0Tint" value="skin"/>
					<property name="UMA.Overlay1Tint" value="220,125,15"/>
				</item_property_overrides>

				<item_property_overrides name="apparelCoatJacketLetterZU">
					<property name="UMA.Overlay0Tint" value="220,125,15"/>
				</item_property_overrides>

				<item_property_overrides name="apparelDenimShortsPants">
					<property name="UMA.Overlay0Tint" value="skin"/>
					<property name="UMA.Overlay1Tint" value="220,125,15"/>
				</item_property_overrides>

				<item_property_overrides name="apparelSuitPants">
					<property name="UMA.Overlay0Tint" value="100,50,0"/>
				</item_property_overrides>

				<item_property_overrides name="apparelSuitJacket">
					<property name="UMA.Overlay0Tint" value="100,50,0"/>
					<property name="UMA.Overlay1Tint" value="27,27,27"/>
				</item_property_overrides>
				
				<item_property_overrides name="apparelSuitDressShoes">
					<property name="UMA.Overlay0Tint" value="100,50,0"/>
				</item_property_overrides>
			</item_modifier>				
		</append>				
				
		<!--Dye to show up on crafting list under campfire-->
		<append xpath="/item_modifiers/item_modifier[@name='modDyeRed']"><property name="Group" value="CFChemicals"/></append>
		<append xpath="/item_modifiers/item_modifier[@name='modDyeGreen']"><property name="Group" value="CFChemicals"/></append>
		<append xpath="/item_modifiers/item_modifier[@name='modDyeBlack']"><property name="Group" value="CFChemicals"/></append>
		<append xpath="/item_modifiers/item_modifier[@name='modDyeBlue']"><property name="Group" value="CFChemicals"/></append>
		<append xpath="/item_modifiers/item_modifier[@name='modDyeBrown']"><property name="Group" value="CFChemicals"/></append>
		<append xpath="/item_modifiers/item_modifier[@name='modDyePink']"><property name="Group" value="CFChemicals"/></append>
		<append xpath="/item_modifiers/item_modifier[@name='modDyePurple']"><property name="Group" value="CFChemicals"/></append>
		<append xpath="/item_modifiers/item_modifier[@name='modDyeYellow']"><property name="Group" value="CFChemicals"/></append>

</AGFVanillaPlus-DyesPlus>
