<AGF-Backpack72>

	<!--pushes Backpack Window up a bit-->
	<setattribute xpath="/windows/window[@name='windowBackpack']/panel[@name='header']" name="pos">0,8</setattribute> <!--default = it doesn't have this attribute-->
	<set xpath="/windows/window[@name='windowBackpack']/panel[@name='content']/@pos">0,-34</set><!--default = 0,-46"-->
	
	<!--the width of the Backpack Window-->
	<set xpath="/windows/window[@name='windowBackpack']/@width">807</set><!--default = 606-->
	
	<!--the number of columns in the Backpack Window-->
	<set xpath="/windows/window[@name='windowBackpack']/panel[@name='content']/grid[@name='inventory']/@cols">12</set>	<!--default = 9-->
	
	<!--adding a row-->	
	<set xpath="/windows/window[@name='windowBackpack']/panel[@name='content']/sprite[@name='backgroundMain']/@height">403</set><!--default = 336-->
	<set xpath="/windows/window[@name='windowBackpack']/panel[@name='content']/grid[@name='inventory']/@rows">6</set><!--default = 5-->
	
	<!--Positioning of the Inventory Management icons-->
	<set xpath="/windows/window[@name='windowBackpack']/panel[@name='header']/rect/@pos">423,0</set><!--default = 303,0-->

	<!--Positioning of the Coins-->	
	<set xpath="/windows/window[@name='windowBackpack']/panel[@name='header']/label[@depth='2']/@pos">673,-8</set><!--default = 472,-8-->
	<set xpath="/windows/window[@name='windowBackpack']/panel[@name='header']/sprite[@name='costIcon']/@pos">778,-10 </set><!--default = 577,-10-->
	
	<!--Adding the lockable slots to the backpack.-->
	<append xpath="/windows/window[@name='windowBackpack']/panel/rect">
		<combobox depth="3" name="cbxLockedSlots" pos="-120,-7" width="100" height="30" tooltip_key="xuiStashLockedSlots" type="ComboBoxInt" value_min="0" value_max="72" value_wrap="true" value_increment="1" />
	</append>


	<!--Adding the lockable slots to the vehicle storage.-->	
	<append xpath="/windows/window[@name='windowVehicleStorage']/panel/rect">
		<combobox depth="3" name="cbxLockedSlots" pos="70,-7" width="100" height="30" tooltip_key="xuiStashLockedSlots" type="ComboBoxInt" value_min="0" value_max="{container_slots}" value_wrap="true" value_increment="1" />
	</append>


	<!--Adding the lockable slots to storages / loot.-->	
	<append xpath="/windows/window[@name='windowLooting']/panel/rect">
		<combobox depth="3" name="cbxLockedSlots" pos="70,-7" width="100" height="30" tooltip_key="xuiStashLockedSlots" type="ComboBoxInt" value_min="0" value_max="{container_slots}" value_wrap="true" value_increment="1" />
	</append>
	
	<!--This is just the max limit sizes of containers. Currently caps at 90, but with more inventory, need it to be higher.-->
    <set xpath="/windows/window[@name='windowLooting']/rect[@name='content']/grid[@name='queue']/@rows">14</set><!--default = 10-->
    <set xpath="/windows/window[@name='windowLooting']/rect[@name='content']/grid[@name='queue']/@cols">14</set><!--default = 9-->
		<!--default is a 10 by 9 slot = 90 slots. This is a 14 x 14 slot = 196... because why not.-->
		<!--with 72 inventory slot, 10 toolbelt slots, 10 wearable slots, need at least 92 slots.-->
		<!--also need to change the container size of the player backpack dropped on death under loot.xml-->

</AGF-Backpack72>

