<AGF-HUDPlus>



<!--New Locked Slots icons to be easier seen?-->

		<remove xpath="/controls/backpack_item_stack/rect/button[@name='rectSlotLock']"/>
		<remove xpath="/controls/backpack_item_stack/rect/sprite[@name='iconSlotLock']"/>


		<append xpath="/controls/backpack_item_stack/rect">
				<button name="rectSlotLock" depth="15" style="press, hover" width="65" height="65" visible="{userlockmode}" sprite="" hoverscale="1" use_selection_box="true">
					<sprite depth="3" name="iconSlotLock" width="64" height="64" sprite="menu_empty3px"  type="sliced" fillcenter="true" color="{# userlockedslot ? '255, 0, 0,150' : '0,255,0,150' }"  />
					<sprite depth="3" name="iconSlotLock" width="64" height="64" sprite="menu_empty3px"  type="sliced" fillcenter="false" color="{# userlockedslot ? '255, 0, 0,150' : '0,255,0,150' }"  />
				</button>
				<sprite depth="3" name="iconSlotLock" width="64" height="64" sprite="menu_empty3px"  type="sliced" fillcenter="true" visible="{# userlockedslot and !userlockmode}" color="255,0,0,150" />
				<sprite depth="3" name="iconSlotLock" width="64" height="64" sprite="menu_empty3px"  type="sliced" fillcenter="false" visible="{# userlockedslot and !userlockmode}" color="255,0,0,150" />
		</append>


		

<!--CRAFTING IMPROVEMENT
	Feature: 	Crafting and burning times adjusted for easier viewing.
	
		Why: 	I like readability and sometimes find it hard to differentiate the crafting time and whats behind it.
	
	Default: 	Burn time is  a bright red that for some, is difficult to read.
				Craft time in crafting queue is white with minimal differentiation of what is behind it.
	
	Delete?: 	Safe to remove this section on existing games.
				To remove, delete the sections under windows and controls.
				
	XML's: 		windows, contols
	
	Code:		(windows.xml) Added a line of code of the burning time to adjust the color.
				(controls.xml) Removed original crafting timer set-up.
				(controls.xml) Appended a new timer setting that changes the color and adds a background.
-->
	
	<!--Removed original crafting timer set-up.-->
		<remove xpath="/controls/recipe_stack/rect/label[@name='timer']"/>
		
	<!--Appended a new timer setting that changes the color and adds a background.-->
		<append xpath="/controls/recipe_stack/rect">
			<label depth="4" name="timer" pos="36,-40" width="70" height="22" font_size="20" justify="center" pivot="center" color="252, 140, 3"><!--Thank you Morph3usx for color suggestion.-->
				<sprite depth="-1" name="timerBackground" pos="-37,12" width="73" height="22" color="0,0,0,255" type="sliced"/>
			</label>
		</append>





</AGF-HUDPlus>