<AGFVanillaPlus-CraftVitamins>


	<append xpath="/recipes">
		<recipe name="drugVitamins" count="1" craft_area="campfire" craft_tool="toolCookingPot" tags="learnable">
			<ingredient name="foodCropBlueberries" count="10"/>
			<ingredient name="foodCropMushrooms" count="5"/>
			<ingredient name="foodCropPumpkin" count="2"/>
			<ingredient name="drinkJarBoiledWater" count="1"/>
		</recipe>

		<recipe name="drugVitamins" count="1" craft_area="chemistryStation" tags="learnable,chemStationCrafting">
			<ingredient name="foodCropBlueberries" count="5"/>
			<ingredient name="foodCropMushrooms" count="2"/>
			<ingredient name="foodCropPumpkin" count="1"/>
			<ingredient name="drinkJarBoiledWater" count="1"/>
		</recipe>
	</append>


</AGFVanillaPlus-CraftVitamins>


