<VanillaPlus>





TABLE OF CONTENTS
Section 1 = FARMING PLUS
Section 2 = FIXES AND NEW THINGS
			c. Armor Nightvision Mod
			d. Wood Burning Enhancement
			e. New Crafting Recipes
			g. All Archery uses Feathers
			h. Scrapping Plus
Section 3 = BUNDLES PLUS  <!--must come after fixes and new things-->
Section 4 = SCHEMATICS PLUS
Section 5 = DOORS PLUS




<!--Section 1 = FARMING PLUS-->
		<!--plant birds nests-->
		<append xpath="/recipes">
			<recipe name="birdsNestEmpty" count="1" craft_time="20" tags="learnable,perkLivingOffTheLand">
				<ingredient name="resourceYuccaFibers" count="10"/>
				<ingredient name="foodCornMeal" count="5"/>
			</recipe>
		</append>
		<!--plant bee flower for honey-->
		<append xpath="/recipes">
			<recipe name="beeFlower" count="1" craft_time="20" tags="learnable,perkLivingOffTheLand">
				<ingredient name="plantedChrysanthemum1" count="5"/>
				<ingredient name="plantedGoldenrod1" count="5"/>
				<ingredient name="resourceYuccaFibers" count="5"/>
			</recipe>
		</append>
		
		<!--Seed recipe requirements reduced with levels in farming-->
		<append xpath="/recipes/recipe[starts-with(@name,'planted')]/@tags">,perkLivingOffTheLandCrafting</append>
		<append xpath="/recipes/recipe[starts-with(@name,'planted')]">
			<effect_group>
				<passive_effect name="CraftingIngredientCount" level="3" operation="base_add" value="-2" tags="resourceCropAloeLeaf,foodCropBlueberries,resourceCropChrysanthemumPlant,resourceCropCoffeeBeans,foodCropCorn,resourceCropCottonPlant,resourceCropGoldenrodPlant,foodCropGraceCorn,resourceCropHopsFlower,foodCropMushrooms,foodCropPotato,foodCropYuccaFruit,foodCropPumpkin,resourceYuccaFibers"/>
			</effect_group>
		</append>

		

<!--Section 2 = FIXES AND NEW THINGS-->
	
		<!--d. Wood Burning Enhancement--> <!--the number of wood is equal to the associated time-->
			<append xpath="/recipes">
				<recipe name="resourceWood10min" count="1" craft_time="2">
					<ingredient name="resourceWood" count="12"/>
				</recipe>
				<recipe name="resourceWood60min" count="1" craft_time="5">
					<ingredient name="resourceWood" count="72"/>
				</recipe>
				<recipe name="resourceWood" count="12" craft_time="2">
					<ingredient name="resourceWood10min" count="1"/>
				</recipe>
				<recipe name="resourceWood" count="72" craft_time="5">
					<ingredient name="resourceWood60min" count="1"/>
				</recipe>	
			</append>

		<!--e. New Crafting Recipes-->
			<append xpath="/recipes">
				<recipe name="medicalFirstAidBandage" count="1" tags="learnable"><!--allows building first aid bandages directly from bandages-->
					<ingredient name="medicalAloeCream" count="1"/>
					<ingredient name="medicalBandage" count="1"/>
				</recipe>
				<recipe name="terrSnow" count="1" craft_time="3"><!--in case you want to put snow back on the ground-->
					<ingredient name="resourceSnowBall" count="11"/>
				</recipe>
			</append>

	
		<!--g. All Archery uses Feathers AND feathers may be made from plastic.-->
			<!--THESE LINES OF CODES MUST COME BEFORE BUNDLESPLUS-->
			<remove xpath="/recipes/recipe[contains(@name,'Arrow')]/ingredient[@name='resourceScrapPolymers']"/>
			<remove xpath="/recipes/recipe[contains(@name,'Bolt')]/ingredient[@name='resourceScrapPolymers']"/>
			<append xpath="/recipes/recipe[@name='ammoArrowFlaming']"><ingredient name="resourceFeather" count="1"/></append>
			<append xpath="/recipes/recipe[@name='ammoBundleArrowFlaming']"><ingredient name="resourceFeather" count="80"/></append>
			<append xpath="/recipes/recipe[@name='ammoArrowExploding']"><ingredient name="resourceFeather" count="1"/></append>
			<append xpath="/recipes/recipe[@name='ammoBundleArrowExploding']"><ingredient name="resourceFeather" count="60"/></append>
			<append xpath="/recipes/recipe[@name='ammoArrowSteelAP']"><ingredient name="resourceFeather" count="1"/></append>
			<append xpath="/recipes/recipe[@name='ammoBundleArrowSteelAP']"><ingredient name="resourceFeather" count="80"/></append>
			<append xpath="/recipes/recipe[@name='ammoCrossbowBoltFlaming']"><ingredient name="resourceFeather" count="1"/></append>
			<append xpath="/recipes/recipe[@name='ammoBundleCrossbowBoltFlaming']"><ingredient name="resourceFeather" count="80"/></append>
			<append xpath="/recipes/recipe[@name='ammoCrossbowBoltExploding']"><ingredient name="resourceFeather" count="1"/></append>
			<append xpath="/recipes/recipe[@name='ammoBundleCrossbowBoltExploding']"><ingredient name="resourceFeather" count="60"/></append>
			<append xpath="/recipes/recipe[@name='ammoCrossbowBoltSteelAP']"><ingredient name="resourceFeather" count="1"/></append>
			<append xpath="/recipes/recipe[@name='ammoBundleCrossbowBoltSteelAP']"><ingredient name="resourceFeather" count="80"/></append>
			
			<!--Make Feathers out of plastic!-->
			<append xpath="/recipes">
				<recipe name="resourceFeather" count="1" craft_time="1" craft_area="workbench">
					<ingredient name="resourceScrapPolymers" count="2"/>
				</recipe>	
			</append>

		<!--h. Scrapping Plus, more resources from scrapping ammo and things-->
		<append xpath="/recipes">
			<recipe name="disa9mmBulletBall" count="1" tooltip="ttScrapMetalBrass" always_unlocked="true" tags="salvageScrap"> <wildcard_forge_category /> </recipe>
			<recipe name="disa9mmBulletHP" count="1" tooltip="ttScrapMetalBrass" always_unlocked="true" tags="salvageScrap"> <wildcard_forge_category /> </recipe>
			<recipe name="disa9mmBulletAP" count="1" tooltip="ttScrapMetalBrass" always_unlocked="true" tags="salvageScrap"> <wildcard_forge_category /> </recipe>
			<recipe name="disa44MagnumBulletBall" count="1" tooltip="ttScrapMetalBrass" always_unlocked="true" tags="salvageScrap"> <wildcard_forge_category /> </recipe>
			<recipe name="disa44MagnumBulletHP" count="1" tooltip="ttScrapMetalBrass" always_unlocked="true" tags="salvageScrap"> <wildcard_forge_category /> </recipe>
			<recipe name="disa44MagnumBulletAP" count="1" tooltip="ttScrapMetalBrass" always_unlocked="true" tags="salvageScrap"> <wildcard_forge_category /> </recipe>
			<recipe name="disa762mmBulletBall" count="1" tooltip="ttScrapMetalBrass" always_unlocked="true" tags="salvageScrap"> <wildcard_forge_category /> </recipe>
			<recipe name="disa762mmBulletHP" count="1" tooltip="ttScrapMetalBrass" always_unlocked="true" tags="salvageScrap"> <wildcard_forge_category /> </recipe>
			<recipe name="disa762mmBulletAP" count="1" tooltip="ttScrapMetalBrass" always_unlocked="true" tags="salvageScrap"> <wildcard_forge_category /> </recipe>
			<recipe name="disaShotgunShell" count="1" tooltip="ttScrapMetalBrass" always_unlocked="true" tags="salvageScrap"> <wildcard_forge_category /> </recipe>
			<recipe name="disaShotgunSlug" count="1" tooltip="ttScrapMetalBrass" always_unlocked="true" tags="salvageScrap"> <wildcard_forge_category /> </recipe>
			<recipe name="disaShotgunBreachingSlug" count="1" tooltip="ttScrapMetalBrass" always_unlocked="true" tags="salvageScrap"> <wildcard_forge_category /> </recipe>
			<recipe name="disaArrowFlaming" count="1" tooltip="ttScrapMetalBrass" always_unlocked="true" tags="salvageScrap"> <wildcard_forge_category /> </recipe>
			<recipe name="disaCrossbowBoltFlaming" count="1" tooltip="ttScrapMetalBrass" always_unlocked="true" tags="salvageScrap"> <wildcard_forge_category /> </recipe>
			<recipe name="disaArrowExploding" count="1" tooltip="ttScrapMetalBrass" always_unlocked="true" tags="salvageScrap"> <wildcard_forge_category /> </recipe>
			<recipe name="disaCrossbowBoltExploding" count="1" tooltip="ttScrapMetalBrass" always_unlocked="true" tags="salvageScrap"> <wildcard_forge_category /> </recipe>
			<recipe name="disaArrowIron" count="1" tooltip="ttScrapMetalBrass" always_unlocked="true" tags="salvageScrap"> <wildcard_forge_category /> </recipe>
			<recipe name="disaCrossbowBoltIron" count="1" tooltip="ttScrapMetalBrass" always_unlocked="true" tags="salvageScrap"> <wildcard_forge_category /> </recipe>
			<recipe name="disaArrowSteelAP" count="1" tooltip="ttScrapMetalBrass" always_unlocked="true" tags="salvageScrap"> <wildcard_forge_category /> </recipe>
			<recipe name="disaCrossbowBoltSteelAP" count="1" tooltip="ttScrapMetalBrass" always_unlocked="true" tags="salvageScrap"> <wildcard_forge_category /> </recipe>
			<recipe name="disaArrowStone" count="1" tooltip="ttScrapMetalBrass" always_unlocked="true" tags="salvageScrap"> <wildcard_forge_category /> </recipe>
			<recipe name="disaCrossbowBoltStone" count="1" tooltip="ttScrapMetalBrass" always_unlocked="true" tags="salvageScrap"> <wildcard_forge_category /> </recipe>
			<recipe name="disaRocketFrag" count="1" tooltip="ttScrapMetalBrass" always_unlocked="true" tags="salvageScrap"> <wildcard_forge_category /> </recipe>
			<recipe name="disaRocketHE" count="1" tooltip="ttScrapMetalBrass" always_unlocked="true" tags="salvageScrap"> <wildcard_forge_category /> </recipe>
			<recipe name="dthrownPipeBomb" count="1" tooltip="ttScrapMetalBrass" always_unlocked="true" tags="salvageScrap"> <wildcard_forge_category /> </recipe>
			<recipe name="dthrownGrenadeContact" count="1" tooltip="ttScrapMetalBrass" always_unlocked="true" tags="salvageScrap"> <wildcard_forge_category /> </recipe>
			<recipe name="dthrownGrenade" count="1" tooltip="ttScrapMetalBrass" always_unlocked="true" tags="salvageScrap"> <wildcard_forge_category /> </recipe>
			<recipe name="dthrownTimedCharge" count="1" tooltip="ttScrapMetalBrass" always_unlocked="true" tags="salvageScrap"> <wildcard_forge_category /> </recipe>
			<recipe name="dthrownDynamite" count="1" tooltip="ttScrapMetalBrass" always_unlocked="true" tags="salvageScrap"> <wildcard_forge_category /> </recipe>
			<recipe name="dthrownMolotovCocktail" count="1" tooltip="ttScrapMetalBrass" always_unlocked="true" tags="salvageScrap"> <wildcard_forge_category /> </recipe>
			<recipe name="disaDartIron" count="1" tooltip="ttScrapMetalBrass" always_unlocked="true" tags="salvageScrap"> <wildcard_forge_category /> </recipe>
			<recipe name="disaJunkTurretRegular" count="1" tooltip="ttScrapMetalBrass" always_unlocked="true" tags="salvageScrap"> <wildcard_forge_category /> </recipe>
			<recipe name="disaJunkTurretAP" count="1" tooltip="ttScrapMetalBrass" always_unlocked="true" tags="salvageScrap"> <wildcard_forge_category /> </recipe>
			<recipe name="disaJunkTurretShell" count="1" tooltip="ttScrapMetalBrass" always_unlocked="true" tags="salvageScrap"> <wildcard_forge_category /> </recipe>
			<recipe name="resourceGunPowder" count="1" tooltip="ttScrapMetalBrass" always_unlocked="true" tags="salvageScrap"> <wildcard_forge_category /> </recipe>
			<recipe name="resourceAcid" count="1" tooltip="ttScrapMetalBrass" always_unlocked="true" tags="salvageScrap"> <wildcard_forge_category /> </recipe>
		</append>


		<append xpath="/recipes">
			<recipe name="modMeleeBattleAxeMod" count="1" craft_area="workbench" tags="learnable,workbenchCrafting">
				<ingredient name="resourceForgedSteel" count="5"/>
				<ingredient name="resourceGlue" count="5"/>
				<ingredient name="resourceMechanicalParts" count="5"/>
				<ingredient name="resourceSpring" count="10"/>		
			</recipe>
		</append>


<!--Section 3 = BUNDLES PLUS-->		
		<!--Bundle Engines-->
		<append xpath="/recipes">
			<recipe name="smallEngineBundle" count="1" craft_time="3" craft_exp_gain="0" tags="learnable">
				<ingredient name="smallEngine" count="1"/>
			</recipe>	
		</append>
		
		<!--Due to changes in stack sizes and an explotation, removed xp gain from Mining Pallet Bundling-->
		<setattribute xpath="/recipes/recipe[@name='resourceRockSmallBundle']" name="craft_exp_gain">0</setattribute>
		<setattribute xpath="/recipes/recipe[@name='resourceWoodBundle']" name="craft_exp_gain">0</setattribute>
		<setattribute xpath="/recipes/recipe[@name='resourceScrapIronBundle']" name="craft_exp_gain">0</setattribute>
		<setattribute xpath="/recipes/recipe[@name='resourcePotassiumNitratePowderBundle']" name="craft_exp_gain">0</setattribute>
		<setattribute xpath="/recipes/recipe[@name='resourceLeadBundle']" name="craft_exp_gain">0</setattribute>
		<setattribute xpath="/recipes/recipe[@name='resourceCoalBundle']" name="craft_exp_gain">0</setattribute>
		<setattribute xpath="/recipes/recipe[@name='resourceOilShaleBundle']" name="craft_exp_gain">0</setattribute>	
		
		<!--reduced bundling time from 10 seconds to 5-->
		<setattribute xpath="/recipes/recipe[@name='resourceRockSmallBundle']" name="craft_time">5</setattribute>
		<setattribute xpath="/recipes/recipe[@name='resourceWoodBundle']" name="craft_time">5</setattribute>
		<setattribute xpath="/recipes/recipe[@name='resourceScrapIronBundle']" name="craft_time">5</setattribute>
		<setattribute xpath="/recipes/recipe[@name='resourcePotassiumNitratePowderBundle']" name="craft_time">5</setattribute>
		<setattribute xpath="/recipes/recipe[@name='resourceLeadBundle']" name="craft_time">5</setattribute>
		<setattribute xpath="/recipes/recipe[@name='resourceCoalBundle']" name="craft_time">5</setattribute>
		<setattribute xpath="/recipes/recipe[@name='resourceOilShaleBundle']" name="craft_time">5</setattribute>	
		
		<!--perkArtOfMiningPallets to include Clay Soil and Crushed Sand-->
		<append xpath="/recipes">
			<recipe name="resourceClayLumpBundle" count="1" craft_time="3" craft_exp_gain="0" tags="learnable">				<ingredient name="resourceClayLump" count="6000"/></recipe>
			<recipe name="resourceCrushedSandBundle" count="1" craft_time="3" craft_exp_gain="0" tags="learnable">			<ingredient name="resourceCrushedSand" count="6000"/></recipe>
			<recipe name="resourceScrapBrassBundle" count="1" craft_time="3" craft_exp_gain="0" tags="learnable">			<ingredient name="resourceScrapBrass" count="6000"/></recipe>
			
		</append>

		<!--RebundleBundles-->
		<append xpath="/recipes">
			<recipe name="ammoBundle9mmBulletBall" count="1" craft_time="3" craft_exp_gain="0" tags="learnable">			<ingredient name="ammo9mmBulletBall" count="500"/></recipe>
			<recipe name="ammoBundle9mmBulletHP" count="1" craft_time="3" craft_exp_gain="0" tags="learnable">				<ingredient name="ammo9mmBulletHP" count="500"/></recipe>
			<recipe name="ammoBundle9mmBulletAP" count="1" craft_time="3" craft_exp_gain="0" tags="learnable">				<ingredient name="ammo9mmBulletAP" count="500"/></recipe>
			<recipe name="ammoBundle44MagnumBulletBall" count="1" craft_time="3" craft_exp_gain="0" tags="learnable">		<ingredient name="ammo44MagnumBulletBall" count="500"/></recipe>
			<recipe name="ammoBundle44MagnumBulletHP" count="1" craft_time="3" craft_exp_gain="0" tags="learnable">			<ingredient name="ammo44MagnumBulletHP" count="500"/></recipe>	
			<recipe name="ammoBundle44MagnumBulletAP" count="1" craft_time="3" craft_exp_gain="0" tags="learnable">			<ingredient name="ammo44MagnumBulletAP" count="500"/></recipe>	
			<recipe name="ammoBundle762mmBulletBall" count="1" craft_time="3" craft_exp_gain="0" tags="learnable">			<ingredient name="ammo762mmBulletBall" count="500"/></recipe>	
			<recipe name="ammoBundle762mmBulletHP" count="1" craft_time="3" craft_exp_gain="0" tags="learnable">			<ingredient name="ammo762mmBulletHP" count="500"/></recipe>	
			<recipe name="ammoBundle762mmBulletAP" count="1" craft_time="3" craft_exp_gain="0" tags="learnable">			<ingredient name="ammo762mmBulletAP" count="500"/></recipe>	
			<recipe name="ammoBundleShotgunShell" count="1" craft_time="3" craft_exp_gain="0" tags="learnable">				<ingredient name="ammoShotgunShell" count="500"/></recipe>
			<recipe name="ammoBundleShotgunSlug" count="1" craft_time="3" craft_exp_gain="0" tags="learnable">				<ingredient name="ammoShotgunSlug" count="500"/></recipe>
			<recipe name="ammoBundleShotgunBreachingSlug" count="1" craft_time="3" craft_exp_gain="0" tags="learnable">		<ingredient name="ammoShotgunBreachingSlug" count="500"/></recipe>
			<recipe name="ammoBundleJunkTurretRegular" count="1" craft_time="3" craft_exp_gain="0" tags="learnable">		<ingredient name="ammoJunkTurretRegular" count="1000"/></recipe>	
			<recipe name="ammoBundleJunkTurretShell" count="1" craft_time="3" craft_exp_gain="0" tags="learnable">			<ingredient name="ammoJunkTurretShell" count="1000"/></recipe>
			<recipe name="ammoBundleJunkTurretAP" count="1" craft_time="3" craft_exp_gain="0" tags="learnable">				<ingredient name="ammoJunkTurretAP" count="1000"/></recipe>	
			<recipe name="ammoBundleArrowFlaming" count="1" craft_time="3" craft_exp_gain="0" tags="learnable">				<ingredient name="ammoArrowFlaming" count="500"/></recipe>	
			<recipe name="ammoBundleArrowExploding" count="1" craft_time="3" craft_exp_gain="0" tags="learnable">			<ingredient name="ammoArrowExploding" count="500"/></recipe>
			<recipe name="ammoBundleArrowIron" count="1" craft_time="3" craft_exp_gain="0" tags="learnable">				<ingredient name="ammoArrowIron" count="500"/></recipe>
			<recipe name="ammoBundleArrowSteelAP" count="1" craft_time="3" craft_exp_gain="0" tags="learnable">				<ingredient name="ammoArrowSteelAP" count="500"/></recipe>	
			<recipe name="ammoBundleArrowStone" count="1" craft_time="3" craft_exp_gain="0" tags="learnable">				<ingredient name="ammoArrowStone" count="500"/></recipe>	
			<recipe name="ammoBundleCrossbowBoltFlaming" count="1" craft_time="3" craft_exp_gain="0" tags="learnable">		<ingredient name="ammoCrossbowBoltFlaming" count="500"/></recipe>	
			<recipe name="ammoBundleCrossbowBoltExploding" count="1" craft_time="3" craft_exp_gain="0" tags="learnable">	<ingredient name="ammoCrossbowBoltExploding" count="500"/></recipe>	
			<recipe name="ammoBundleCrossbowBoltIron" count="1" craft_time="3" craft_exp_gain="0" tags="learnable">			<ingredient name="ammoCrossbowBoltIron" count="500"/></recipe>	
			<recipe name="ammoBundleCrossbowBoltSteelAP" count="1" craft_time="3" craft_exp_gain="0" tags="learnable">		<ingredient name="ammoCrossbowBoltSteelAP" count="500"/></recipe>
			<recipe name="ammoBundleCrossbowBoltStone" count="1" craft_time="3" craft_exp_gain="0" tags="learnable">		<ingredient name="ammoCrossbowBoltStone" count="500"/></recipe>
			<recipe name="ammoGasCanBundle" count="1" craft_time="3" craft_exp_gain="0" tags="learnable">					<ingredient name="ammoGasCan" count="30000"/></recipe>			
			<recipe name="resourceGunPowderBundle" count="1" craft_time="3" craft_exp_gain="0" tags="learnable">			<ingredient name="resourceGunPowder" count="1000"/></recipe>
			<recipe name="resourceLockPickBundle" count="1" craft_time="3" craft_exp_gain="0" tags="learnable">				<ingredient name="resourceLockPick" count="50"/></recipe>
		</append>

		<!--BUNDLE INGREDIENT counts to represent stack size improvements-->
		<set xpath="/recipes/recipe[@name='ammoGasCanBundle']/ingredient[@name='resourceOilShale']/@count">2400</set>

		<set xpath="/recipes/recipe[@name='ammoBundle9mmBulletBall']/ingredient[@name='resourceBulletTip']/@count">400</set>
		<set xpath="/recipes/recipe[@name='ammoBundle9mmBulletBall']/ingredient[@name='resourceGunPowder']/@count">400</set>
		<set xpath="/recipes/recipe[@name='ammoBundle9mmBulletBall']/ingredient[@name='resourceBulletCasing']/@count">400</set>

		<set xpath="/recipes/recipe[@name='ammoBundle9mmBulletHP']/ingredient[@name='resourceBulletTip']/@count">800</set>
		<set xpath="/recipes/recipe[@name='ammoBundle9mmBulletHP']/ingredient[@name='resourceGunPowder']/@count">400</set>
		<set xpath="/recipes/recipe[@name='ammoBundle9mmBulletHP']/ingredient[@name='resourceBulletCasing']/@count">400</set>

		<set xpath="/recipes/recipe[@name='ammoBundle9mmBulletAP']/ingredient[@name='resourceBulletTip']/@count">400</set>
		<set xpath="/recipes/recipe[@name='ammoBundle9mmBulletAP']/ingredient[@name='resourceGunPowder']/@count">800</set>
		<set xpath="/recipes/recipe[@name='ammoBundle9mmBulletAP']/ingredient[@name='resourceBulletCasing']/@count">400</set>

		<set xpath="/recipes/recipe[@name='ammoBundle44MagnumBulletBall']/ingredient[@name='resourceBulletTip']/@count">400</set>
		<set xpath="/recipes/recipe[@name='ammoBundle44MagnumBulletBall']/ingredient[@name='resourceGunPowder']/@count">800</set>
		<set xpath="/recipes/recipe[@name='ammoBundle44MagnumBulletBall']/ingredient[@name='resourceBulletCasing']/@count">400</set>

		<set xpath="/recipes/recipe[@name='ammoBundle44MagnumBulletHP']/ingredient[@name='resourceBulletTip']/@count">800</set>
		<set xpath="/recipes/recipe[@name='ammoBundle44MagnumBulletHP']/ingredient[@name='resourceGunPowder']/@count">800</set>
		<set xpath="/recipes/recipe[@name='ammoBundle44MagnumBulletHP']/ingredient[@name='resourceBulletCasing']/@count">400</set>

		<set xpath="/recipes/recipe[@name='ammoBundle44MagnumBulletAP']/ingredient[@name='resourceBulletTip']/@count">400</set>
		<set xpath="/recipes/recipe[@name='ammoBundle44MagnumBulletAP']/ingredient[@name='resourceGunPowder']/@count">1200</set>
		<set xpath="/recipes/recipe[@name='ammoBundle44MagnumBulletAP']/ingredient[@name='resourceBulletCasing']/@count">400</set>

		<set xpath="/recipes/recipe[@name='ammoBundle762mmBulletBall']/ingredient[@name='resourceBulletTip']/@count">400</set>
		<set xpath="/recipes/recipe[@name='ammoBundle762mmBulletBall']/ingredient[@name='resourceGunPowder']/@count">1200</set>
		<set xpath="/recipes/recipe[@name='ammoBundle762mmBulletBall']/ingredient[@name='resourceBulletCasing']/@count">400</set>

		<set xpath="/recipes/recipe[@name='ammoBundle762mmBulletHP']/ingredient[@name='resourceBulletTip']/@count">800</set>
		<set xpath="/recipes/recipe[@name='ammoBundle762mmBulletHP']/ingredient[@name='resourceGunPowder']/@count">1200</set>
		<set xpath="/recipes/recipe[@name='ammoBundle762mmBulletHP']/ingredient[@name='resourceBulletCasing']/@count">400</set>

		<set xpath="/recipes/recipe[@name='ammoBundle762mmBulletAP']/ingredient[@name='resourceBulletTip']/@count">400</set>
		<set xpath="/recipes/recipe[@name='ammoBundle762mmBulletAP']/ingredient[@name='resourceGunPowder']/@count">2000</set>
		<set xpath="/recipes/recipe[@name='ammoBundle762mmBulletAP']/ingredient[@name='resourceBulletCasing']/@count">400</set>

		<set xpath="/recipes/recipe[@name='ammoBundleShotgunShell']/ingredient[@name='resourceBuckshot']/@count">400</set>
		<set xpath="/recipes/recipe[@name='ammoBundleShotgunShell']/ingredient[@name='resourceGunPowder']/@count">1600</set>
		<set xpath="/recipes/recipe[@name='ammoBundleShotgunShell']/ingredient[@name='resourcePaper']/@count">400</set>	

		<set xpath="/recipes/recipe[@name='ammoBundleShotgunSlug']/ingredient[@name='resourceBulletTip']/@count">800</set>
		<set xpath="/recipes/recipe[@name='ammoBundleShotgunSlug']/ingredient[@name='resourceGunPowder']/@count">1600</set>
		<set xpath="/recipes/recipe[@name='ammoBundleShotgunSlug']/ingredient[@name='resourceScrapPolymers']/@count">400</set>	

		<set xpath="/recipes/recipe[@name='ammoBundleShotgunBreachingSlug']/ingredient[@name='resourceForgedSteel']/@count">1600</set>
		<set xpath="/recipes/recipe[@name='ammoBundleShotgunBreachingSlug']/ingredient[@name='resourceClayLump']/@count">800</set>
		<set xpath="/recipes/recipe[@name='ammoBundleShotgunBreachingSlug']/ingredient[@name='resourceGunPowder']/@count">1600</set>	
		<set xpath="/recipes/recipe[@name='ammoBundleShotgunBreachingSlug']/ingredient[@name='resourceScrapPolymers']/@count">400</set>	
			
		<set xpath="/recipes/recipe[@name='ammoBundleArrowFlaming']/ingredient[@name='resourceArrowHeadSteelAP']/@count">400</set>
		<set xpath="/recipes/recipe[@name='ammoBundleArrowFlaming']/ingredient[@name='resourceFeather']/@count">400</set>
		<set xpath="/recipes/recipe[@name='ammoBundleArrowFlaming']/ingredient[@name='resourceGunPowder']/@count">800</set>	
		<set xpath="/recipes/recipe[@name='ammoBundleArrowFlaming']/ingredient[@name='resourceCloth']/@count">400</set>	
		<set xpath="/recipes/recipe[@name='ammoBundleArrowFlaming']/ingredient[@name='resourceAnimalFat']/@count">400</set>	

		<set xpath="/recipes/recipe[@name='ammoBundleArrowExploding']/ingredient[@name='resourceArrowHeadSteelAP']/@count">400</set>
		<set xpath="/recipes/recipe[@name='ammoBundleArrowExploding']/ingredient[@name='resourceFeather']/@count">400</set>
		<set xpath="/recipes/recipe[@name='ammoBundleArrowExploding']/ingredient[@name='resourceGunPowder']/@count">2400</set>	
		<set xpath="/recipes/recipe[@name='ammoBundleArrowExploding']/ingredient[@name='resourceDuctTape']/@count">400</set>	
			
		<set xpath="/recipes/recipe[@name='ammoBundleArrowIron']/ingredient[@name='resourceArrowHeadIron']/@count">400</set>
		<set xpath="/recipes/recipe[@name='ammoBundleArrowIron']/ingredient[@name='resourceWood']/@count">400</set>
		<set xpath="/recipes/recipe[@name='ammoBundleArrowIron']/ingredient[@name='resourceFeather']/@count">400</set>	

		<set xpath="/recipes/recipe[@name='ammoBundleArrowSteelAP']/ingredient[@name='resourceArrowHeadSteelAP']/@count">400</set>
		<set xpath="/recipes/recipe[@name='ammoBundleArrowSteelAP']/ingredient[@name='resourceFeather']/@count">400</set>

		<set xpath="/recipes/recipe[@name='ammoBundleArrowStone']/ingredient[@name='resourceRockSmall']/@count">400</set>
		<set xpath="/recipes/recipe[@name='ammoBundleArrowStone']/ingredient[@name='resourceWood']/@count">400</set>
		<set xpath="/recipes/recipe[@name='ammoBundleArrowStone']/ingredient[@name='resourceFeather']/@count">400</set>
			
		<set xpath="/recipes/recipe[@name='ammoBundleCrossbowBoltFlaming']/ingredient[@name='resourceArrowHeadSteelAP']/@count">400</set>
		<set xpath="/recipes/recipe[@name='ammoBundleCrossbowBoltFlaming']/ingredient[@name='resourceFeather']/@count">400</set>
		<set xpath="/recipes/recipe[@name='ammoBundleCrossbowBoltFlaming']/ingredient[@name='resourceGunPowder']/@count">800</set>	
		<set xpath="/recipes/recipe[@name='ammoBundleCrossbowBoltFlaming']/ingredient[@name='resourceCloth']/@count">400</set>	
		<set xpath="/recipes/recipe[@name='ammoBundleCrossbowBoltFlaming']/ingredient[@name='resourceAnimalFat']/@count">400</set>	

		<set xpath="/recipes/recipe[@name='ammoBundleCrossbowBoltExploding']/ingredient[@name='resourceArrowHeadSteelAP']/@count">400</set>
		<set xpath="/recipes/recipe[@name='ammoBundleCrossbowBoltExploding']/ingredient[@name='resourceFeather']/@count">400</set>
		<set xpath="/recipes/recipe[@name='ammoBundleCrossbowBoltExploding']/ingredient[@name='resourceGunPowder']/@count">3200</set>	
		<set xpath="/recipes/recipe[@name='ammoBundleCrossbowBoltExploding']/ingredient[@name='resourceDuctTape']/@count">400</set>	
			
		<set xpath="/recipes/recipe[@name='ammoBundleCrossbowBoltIron']/ingredient[@name='resourceArrowHeadIron']/@count">400</set>
		<set xpath="/recipes/recipe[@name='ammoBundleCrossbowBoltIron']/ingredient[@name='resourceWood']/@count">400</set>
		<set xpath="/recipes/recipe[@name='ammoBundleCrossbowBoltIron']/ingredient[@name='resourceFeather']/@count">400</set>	

		<set xpath="/recipes/recipe[@name='ammoBundleCrossbowBoltSteelAP']/ingredient[@name='resourceArrowHeadSteelAP']/@count">400</set>
		<set xpath="/recipes/recipe[@name='ammoBundleCrossbowBoltSteelAP']/ingredient[@name='resourceFeather']/@count">400</set>

		<set xpath="/recipes/recipe[@name='ammoBundleCrossbowBoltStone']/ingredient[@name='resourceRockSmall']/@count">400</set>
		<set xpath="/recipes/recipe[@name='ammoBundleCrossbowBoltStone']/ingredient[@name='resourceWood']/@count">400</set>
		<set xpath="/recipes/recipe[@name='ammoBundleCrossbowBoltStone']/ingredient[@name='resourceFeather']/@count">400</set>
			


<!--Section 4 = SCHEMATICS PLUS-->
	<!--Bundle complete book collections-->
		<append xpath="/recipes">
			<recipe name="bookFiremansAlmanacCollection" count="1" craft_time="0" craft_exp_gain="0">
				<ingredient name="bookFiremansAlmanacHeat" count="1"/>
				<ingredient name="bookFiremansAlmanacAxes" count="1"/>
				<ingredient name="bookFiremansAlmanacSpeed" count="1"/>
				<ingredient name="bookFiremansAlmanacMolotov" count="1"/>
				<ingredient name="bookFiremansAlmanacPrevention" count="1"/>
				<ingredient name="bookFiremansAlmanacHarvest" count="1"/>
				<ingredient name="bookFiremansAlmanacEquipment" count="1"/>
			</recipe>
			<recipe name="bookNightStalkerCollection" count="1" craft_time="0" craft_exp_gain="0">
				<ingredient name="bookNightStalkerStealthDamage" count="1"/>
				<ingredient name="bookNightStalkerSilentNight" count="1"/>
				<ingredient name="bookNightStalkerBlades" count="1"/>
				<ingredient name="bookNightStalkerThiefAdrenaline" count="1"/>
				<ingredient name="bookNightStalkerArchery" count="1"/>
				<ingredient name="bookNightStalkerTwilightThief" count="1"/>
				<ingredient name="bookNightStalkerSlumberParty" count="1"/>
			</recipe>
			<recipe name="bookLuckyLooterCollection" count="1" craft_time="0" craft_exp_gain="0">
				<ingredient name="bookLuckyLooterDukes" count="1"/>
				<ingredient name="bookLuckyLooterAmmunition" count="1"/>
				<ingredient name="bookLuckyLooterBrass" count="1"/>
				<ingredient name="bookLuckyLooterLead" count="1"/>
				<ingredient name="bookLuckyLooterBooks" count="1"/>
				<ingredient name="bookLuckyLooterFood" count="1"/>
				<ingredient name="bookLuckyLooterMedical" count="1"/>
			</recipe>
			<recipe name="bookEnforcerCollection" count="1" craft_time="0" craft_exp_gain="0">
				<ingredient name="bookEnforcerDamage" count="1"/>
				<ingredient name="bookEnforcerApparel" count="1"/>
				<ingredient name="bookEnforcerPunks" count="1"/>
				<ingredient name="bookEnforcerIntimidation" count="1"/>
				<ingredient name="bookEnforcerAPAmmo" count="1"/>
				<ingredient name="bookEnforcerHPAmmo" count="1"/>
				<ingredient name="bookEnforcerCriminalPursuit" count="1"/>
			</recipe>
			<recipe name="bookBatterUpCollection" count="1" craft_time="0" craft_exp_gain="0">
				<ingredient name="bookBatterUpBigHits" count="1"/>
				<ingredient name="bookBatterUpMetalChain" count="1"/>
				<ingredient name="bookBatterUpGear" count="1"/>
				<ingredient name="bookBatterUpSlowPitch" count="1"/>
				<ingredient name="bookBatterUpKnockdown" count="1"/>
				<ingredient name="bookBatterUpMaintenance" count="1"/>
				<ingredient name="bookBatterUpBaseballBats" count="1"/>
			</recipe>
			<recipe name="bookGreatHeistCollection" count="1" craft_time="0" craft_exp_gain="0">
				<ingredient name="bookGreatHeistSafes" count="1"/>
				<ingredient name="bookGreatHeistGems" count="1"/>
				<ingredient name="bookGreatHeistTimedCharge" count="1"/>
				<ingredient name="bookGreatHeistClaimed" count="1"/>
				<ingredient name="bookGreatHeistAdrenalineFall" count="1"/>
				<ingredient name="bookGreatHeistSprintSneak" count="1"/>
				<ingredient name="bookGreatHeistMotionDetection" count="1"/>
			</recipe>
			<recipe name="bookWasteTreasuresCollection" count="1" craft_time="0" craft_exp_gain="0">
				<ingredient name="bookWasteTreasuresHoney" count="1"/>
				<ingredient name="bookWasteTreasuresCoffins" count="1"/>
				<ingredient name="bookWasteTreasuresAcid" count="1"/>
				<ingredient name="bookWasteTreasuresWater" count="1"/>
				<ingredient name="bookWasteTreasuresDoors" count="1"/>
				<ingredient name="bookWasteTreasuresCloth" count="1"/>
				<ingredient name="bookWasteTreasuresSinks" count="1"/>
			</recipe>
			<recipe name="bookNeedleAndThreadCollection" count="1" craft_time="0" craft_exp_gain="0">
				<ingredient name="bookNeedleAndThreadWinterWear" count="1"/>
				<ingredient name="bookNeedleAndThreadLegwear" count="1"/>
				<ingredient name="bookNeedleAndThreadFootwear" count="1"/>
				<ingredient name="bookNeedleAndThreadDesertWear" count="1"/>
				<ingredient name="bookNeedleAndThreadDusters" count="1"/>
				<ingredient name="bookNeedleAndThreadPufferCoats" count="1"/>
				<ingredient name="bookNeedleAndThreadPockets" count="1"/>
			</recipe>
			<recipe name="bookHuntingJournalCollection" count="1" craft_time="0" craft_exp_gain="0">
				<ingredient name="bookHuntingJournalBears" count="1"/>
				<ingredient name="bookHuntingJournalWolves" count="1"/>
				<ingredient name="bookHuntingJournalCoyotes" count="1"/>
				<ingredient name="bookHuntingJournalMountainLions" count="1"/>
				<ingredient name="bookHuntingJournalDeer" count="1"/>
				<ingredient name="bookHuntingJournalVultures" count="1"/>
				<ingredient name="bookHuntingJournalSelfDefense" count="1"/>
			</recipe>
			<recipe name="bookArtOfMiningCollection" count="1" craft_time="0" craft_exp_gain="0">
				<ingredient name="bookArtOfMiningLuckyStrike" count="1"/>
				<ingredient name="bookArtOfMiningDiamondTools" count="1"/>
				<ingredient name="bookArtOfMiningPallets" count="1"/>
				<ingredient name="bookArtOfMiningCoffee" count="1"/>
				<ingredient name="bookArtOfMiningBlackStrap" count="1"/>
				<ingredient name="bookArtOfMiningAvalanche" count="1"/>
				<ingredient name="bookArtOfMiningLantern" count="1"/>
			</recipe>
			<recipe name="bookRangersCollection" count="1" craft_time="0" craft_exp_gain="0">
				<ingredient name="bookRangersArrowRecovery" count="1"/>
				<ingredient name="bookRangersExplodingBolts" count="1"/>
				<ingredient name="bookRangersCripplingShot" count="1"/>
				<ingredient name="bookRangersAPAmmo" count="1"/>
				<ingredient name="bookRangersFlamingArrows" count="1"/>
				<ingredient name="bookRangersForestGuide" count="1"/>
				<ingredient name="bookRangersKnockdown" count="1"/>
			</recipe>
			<recipe name="bookPistolPeteCollection" count="1" craft_time="0" craft_exp_gain="0">
				<ingredient name="bookPistolPeteTakeAim" count="1"/>
				<ingredient name="bookPistolPeteSwissKnees" count="1"/>
				<ingredient name="bookPistolPeteSteadyHand" count="1"/>
				<ingredient name="bookPistolPeteMaintenance" count="1"/>
				<ingredient name="bookPistolPeteHPAmmo" count="1"/>
				<ingredient name="bookPistolPeteAPAmmo" count="1"/>
				<ingredient name="bookPistolPeteDamage" count="1"/>
			</recipe>
			<recipe name="bookShotgunMessiahCollection" count="1" craft_time="0" craft_exp_gain="0">
				<ingredient name="bookShotgunMessiahDamage" count="1"/>
				<ingredient name="bookShotgunMessiahBreachingSlugs" count="1"/>
				<ingredient name="bookShotgunMessiahLimbShot" count="1"/>
				<ingredient name="bookShotgunMessiahSlugs" count="1"/>
				<ingredient name="bookShotgunMessiahMaintenance" count="1"/>
				<ingredient name="bookShotgunMessiahMagazine" count="1"/>
				<ingredient name="bookShotgunMessiahPartyStarter" count="1"/>
			</recipe>
			<recipe name="bookSniperCollection" count="1" craft_time="0" craft_exp_gain="0">
				<ingredient name="bookSniperDamage" count="1"/>
				<ingredient name="bookSniperCripplingShot" count="1"/>
				<ingredient name="bookSniperHeadShot" count="1"/>
				<ingredient name="bookSniperReload" count="1"/>
				<ingredient name="bookSniperControlledBreathing" count="1"/>
				<ingredient name="bookSniperAPAmmo" count="1"/>
				<ingredient name="bookSniperHPAmmo" count="1"/>
			</recipe>
			<recipe name="bookAutoWeaponsCollection" count="1" craft_time="0" craft_exp_gain="0">
				<ingredient name="bookAutoWeaponsDamage" count="1"/>
				<ingredient name="bookAutoWeaponsUncontrolledBurst" count="1"/>
				<ingredient name="bookAutoWeaponsMaintenance" count="1"/>
				<ingredient name="bookAutoWeaponsDrumMag" count="1"/>
				<ingredient name="bookAutoWeaponsRecoil" count="1"/>
				<ingredient name="bookAutoWeaponsRagdoll" count="1"/>
				<ingredient name="bookAutoWeaponsMachineGuns" count="1"/>
			</recipe>
			<recipe name="bookUrbanCombatCollection" count="1" craft_time="0" craft_exp_gain="0">
				<ingredient name="bookUrbanCombatLanding" count="1"/>
				<ingredient name="bookUrbanCombatCigar" count="1"/>
				<ingredient name="bookUrbanCombatSneaking" count="1"/>
				<ingredient name="bookUrbanCombatJumping" count="1"/>
				<ingredient name="bookUrbanCombatLandMines" count="1"/>
				<ingredient name="bookUrbanCombatAdrenalineRush" count="1"/>
				<ingredient name="bookUrbanCombatRoomClearing" count="1"/>
			</recipe>
			<recipe name="bookTechJunkieCollection" count="1" craft_time="0" craft_exp_gain="0">
				<ingredient name="bookTechJunkie1Damage" count="1"/>
				<ingredient name="bookTechJunkie2Maintenance" count="1"/>
				<ingredient name="bookTechJunkie3APAmmo" count="1"/>
				<ingredient name="bookTechJunkie4Shells" count="1"/>
				<ingredient name="bookTechJunkie5Repulsor" count="1"/>
				<ingredient name="bookTechJunkie6BatonCharge" count="1"/>
				<ingredient name="bookTechJunkie7Hydraulics" count="1"/>
			</recipe>
			<recipe name="bookBarBrawlingCollection" count="1" craft_time="0" craft_exp_gain="0">
				<ingredient name="bookBarBrawling1BasicMoves" count="1"/>
				<ingredient name="bookBarBrawling2DropABomb" count="1"/>
				<ingredient name="bookBarBrawling3KillerInstinct" count="1"/>
				<ingredient name="bookBarBrawling4FinishingMoves" count="1"/>
				<ingredient name="bookBarBrawling5AdrenalineHealing" count="1"/>
				<ingredient name="bookBarBrawling6RageMode" count="1"/>
				<ingredient name="bookBarBrawling7BoozedUp" count="1"/>
			</recipe>
			<recipe name="bookSpearHunterCollection" count="1" craft_time="0" craft_exp_gain="0">
				<ingredient name="bookSpearHunter1Damage" count="1"/>
				<ingredient name="bookSpearHunter2Maintenance" count="1"/>
				<ingredient name="bookSpearHunter3SteelSpears" count="1"/>
				<ingredient name="bookSpearHunter4StrongArm" count="1"/>
				<ingredient name="bookSpearHunter5RapidStrike" count="1"/>
				<ingredient name="bookSpearHunter6PuncturedLung" count="1"/>
				<ingredient name="bookSpearHunter7QuickStrike" count="1"/>
			</recipe>
			<recipe name="bookCompleteCollection" count="1" craft_time="0" craft_exp_gain="0"><!--Encyclopedia-->
				<ingredient name="bookFiremansAlmanacCollection" count="1"/>
				<ingredient name="bookNightStalkerCollection" count="1"/>
				<ingredient name="bookLuckyLooterCollection" count="1"/>
				<ingredient name="bookEnforcerCollection" count="1"/>
				<ingredient name="bookBatterUpCollection" count="1"/>
				<ingredient name="bookGreatHeistCollection" count="1"/>
				<ingredient name="bookWasteTreasuresCollection" count="1"/>
				<ingredient name="bookNeedleAndThreadCollection" count="1"/>
				<ingredient name="bookHuntingJournalCollection" count="1"/>
				<ingredient name="bookArtOfMiningCollection" count="1"/>
				<ingredient name="bookRangersCollection" count="1"/>
				<ingredient name="bookPistolPeteCollection" count="1"/>
				<ingredient name="bookShotgunMessiahCollection" count="1"/>
				<ingredient name="bookSniperCollection" count="1"/>
				<ingredient name="bookAutoWeaponsCollection" count="1"/>
				<ingredient name="bookUrbanCombatCollection" count="1"/>
				<ingredient name="bookTechJunkieCollection" count="1"/>
				<ingredient name="bookBarBrawlingCollection" count="1"/>
				<ingredient name="bookSpearHunterCollection" count="1"/>
			</recipe>


	</append>


	
<!--Section 5 = VARIANTS PLUS-->
		<!--Door Variants-->
		<append xpath="/recipes">
			<recipe name="miscwoodDoorVariantHelper" count="1">
				<ingredient name="resourceWood" count="5"/>
			</recipe>
			<recipe name="miscironDoorVariantHelper" count="1">
				<ingredient name="resourceForgedIron" count="10"/>
			</recipe>		
			<recipe name="miscsteelDoorVariantHelper" count="1" craft_area="workbench" tags="workbenchCrafting">
				<ingredient name="resourceForgedSteel" count="12"/>
				<ingredient name="resourceSpring" count="2"/>
				<ingredient name="resourceMechanicalParts" count="4"/>
			</recipe>		
		</append>
		
			<remove xpath="/recipes/recipe[@name='vaultDoor01']"/>
			<remove xpath="/recipes/recipe[@name='vaultHatch_v1']"/>
			<remove xpath="/recipes/recipe[@name='secureDoorWooden']"/>
			<remove xpath="/recipes/recipe[@name='cellarDoorDoubleWood']"/>
			<remove xpath="/recipes/recipe[@name='cellarDoorDoubleIron']"/>
			<remove xpath="/recipes/recipe[@name='cellarDoorDoubleSteel']"/>
			<remove xpath="/recipes/recipe[@name='shuttersWoodBlockVariantHelper']"/>
			<remove xpath="/recipes/recipe[@name='shuttersIronBlockVariantHelper']"/>
			<remove xpath="/recipes/recipe[@name='shuttersSteelBlockVariantHelper']"/>
			<remove xpath="/recipes/recipe[@name='ironDoor1_v1']"/>
			<remove xpath="/recipes/recipe[@name='woodHatch1_v1']"/>
			<remove xpath="/recipes/recipe[@name='scrapHatch_v1']"/>



<!--Section 6 = Dissassemly System, Large amounts of ammo-->
	<append xpath="/recipes">
		<!--combining 100 dissassembled ammo into 1, for easier opening-->
		<recipe name="disa44MagnumBulletAP100" count="1" craft_time="1"><ingredient name="disa44MagnumBulletAP" count="100"/></recipe>
		<recipe name="disa44MagnumBulletBall100" count="1" craft_time="1"><ingredient name="disa44MagnumBulletBall" count="100"/></recipe>
		<recipe name="disa44MagnumBulletHP100" count="1" craft_time="1"><ingredient name="disa44MagnumBulletHP" count="100"/></recipe>
		<recipe name="disa762mmBulletAP100" count="1" craft_time="1"><ingredient name="disa762mmBulletAP" count="100"/></recipe>
		<recipe name="disa762mmBulletBall100" count="1" craft_time="1"><ingredient name="disa762mmBulletBall" count="100"/></recipe>
		<recipe name="disa762mmBulletHP100" count="1" craft_time="1"><ingredient name="disa762mmBulletHP" count="100"/></recipe>
		<recipe name="disa9mmBulletAP100" count="1" craft_time="1"><ingredient name="disa9mmBulletAP" count="100"/></recipe>
		<recipe name="disa9mmBulletBall100" count="1" craft_time="1"><ingredient name="disa9mmBulletBall" count="100"/></recipe>
		<recipe name="disa9mmBulletHP100" count="1" craft_time="1"><ingredient name="disa9mmBulletHP" count="100"/></recipe>
		<recipe name="disaArrowExploding100" count="1" craft_time="1"><ingredient name="disaArrowExploding" count="100"/></recipe>
		<recipe name="disaArrowFlaming100" count="1" craft_time="1"><ingredient name="disaArrowFlaming" count="100"/></recipe>
		<recipe name="disaArrowIron100" count="1" craft_time="1"><ingredient name="disaArrowIron" count="100"/></recipe>
		<recipe name="disaArrowSteelAP100" count="1" craft_time="1"><ingredient name="disaArrowSteelAP" count="100"/></recipe>
		<recipe name="disaArrowStone100" count="1" craft_time="1"><ingredient name="disaArrowStone" count="100"/></recipe>
		<recipe name="disaCrossbowBoltExploding100" count="1" craft_time="1"><ingredient name="disaCrossbowBoltExploding" count="100"/></recipe>
		<recipe name="disaCrossbowBoltFlaming100" count="1" craft_time="1"><ingredient name="disaCrossbowBoltFlaming" count="100"/></recipe>
		<recipe name="disaCrossbowBoltIron100" count="1" craft_time="1"><ingredient name="disaCrossbowBoltIron" count="100"/></recipe>
		<recipe name="disaCrossbowBoltSteelAP100" count="1" craft_time="1"><ingredient name="disaCrossbowBoltSteelAP" count="100"/></recipe>
		<recipe name="disaCrossbowBoltStone100" count="1" craft_time="1"><ingredient name="disaCrossbowBoltStone" count="100"/></recipe>
		<recipe name="disaDartIron100" count="1" craft_time="1"><ingredient name="disaDartIron" count="100"/></recipe>
		<recipe name="disaJunkTurretAP100" count="1" craft_time="1"><ingredient name="disaJunkTurretAP" count="100"/></recipe>
		<recipe name="disaJunkTurretRegular100" count="1" craft_time="1"><ingredient name="disaJunkTurretRegular" count="100"/></recipe>
		<recipe name="disaJunkTurretShell100" count="1" craft_time="1"><ingredient name="disaJunkTurretShell" count="100"/></recipe>
		<recipe name="disaRocketFrag100" count="1" craft_time="1"><ingredient name="disaRocketFrag" count="100"/></recipe>
		<recipe name="disaRocketHE100" count="1" craft_time="1"><ingredient name="disaRocketHE" count="100"/></recipe>
		<recipe name="disaShotgunBreachingSlug100" count="1" craft_time="1"><ingredient name="disaShotgunBreachingSlug" count="100"/></recipe>
		<recipe name="disaShotgunShell100" count="1" craft_time="1"><ingredient name="disaShotgunShell" count="100"/></recipe>
		<recipe name="disaShotgunSlug100" count="1" craft_time="1"><ingredient name="disaShotgunSlug" count="100"/></recipe>
		<recipe name="dthrownMolotovCocktail100" count="1" craft_time="1"><ingredient name="dthrownMolotovCocktail" count="100"/></recipe>
		<recipe name="dthrownPipeBomb100" count="1" craft_time="1"><ingredient name="dthrownPipeBomb" count="100"/></recipe>
		<recipe name="dthrownDynamite100" count="1" craft_time="1"><ingredient name="dthrownDynamite" count="100"/></recipe>
		<recipe name="dthrownGrenade100" count="1" craft_time="1"><ingredient name="dthrownGrenade" count="100"/></recipe>
		<recipe name="dthrownGrenadeContact100" count="1" craft_time="1"><ingredient name="dthrownGrenadeContact" count="100"/></recipe>
		<recipe name="dthrownTimedCharge100" count="1" craft_time="1"><ingredient name="dthrownTimedCharge" count="100"/></recipe>
		
		<!--combining 1,000 dissassembled ammo into 1, for easier opening-->
		<recipe name="disa44MagnumBulletAP1000" count="1" craft_time="1"><ingredient name="disa44MagnumBulletAP" count="1000"/></recipe>
		<recipe name="disa44MagnumBulletBall1000" count="1" craft_time="1"><ingredient name="disa44MagnumBulletBall" count="1000"/></recipe>
		<recipe name="disa44MagnumBulletHP1000" count="1" craft_time="1"><ingredient name="disa44MagnumBulletHP" count="1000"/></recipe>
		<recipe name="disa762mmBulletAP1000" count="1" craft_time="1"><ingredient name="disa762mmBulletAP" count="1000"/></recipe>
		<recipe name="disa762mmBulletBall1000" count="1" craft_time="1"><ingredient name="disa762mmBulletBall" count="1000"/></recipe>
		<recipe name="disa762mmBulletHP1000" count="1" craft_time="1"><ingredient name="disa762mmBulletHP" count="1000"/></recipe>
		<recipe name="disa9mmBulletAP1000" count="1" craft_time="1"><ingredient name="disa9mmBulletAP" count="1000"/></recipe>
		<recipe name="disa9mmBulletBall1000" count="1" craft_time="1"><ingredient name="disa9mmBulletBall" count="1000"/></recipe>
		<recipe name="disa9mmBulletHP1000" count="1" craft_time="1"><ingredient name="disa9mmBulletHP" count="1000"/></recipe>
		<recipe name="disaArrowExploding1000" count="1" craft_time="1"><ingredient name="disaArrowExploding" count="1000"/></recipe>
		<recipe name="disaArrowFlaming1000" count="1" craft_time="1"><ingredient name="disaArrowFlaming" count="1000"/></recipe>
		<recipe name="disaArrowIron1000" count="1" craft_time="1"><ingredient name="disaArrowIron" count="1000"/></recipe>
		<recipe name="disaArrowSteelAP1000" count="1" craft_time="1"><ingredient name="disaArrowSteelAP" count="1000"/></recipe>
		<recipe name="disaArrowStone1000" count="1" craft_time="1"><ingredient name="disaArrowStone" count="1000"/></recipe>
		<recipe name="disaCrossbowBoltExploding1000" count="1" craft_time="1"><ingredient name="disaCrossbowBoltExploding" count="1000"/></recipe>
		<recipe name="disaCrossbowBoltFlaming1000" count="1" craft_time="1"><ingredient name="disaCrossbowBoltFlaming" count="1000"/></recipe>
		<recipe name="disaCrossbowBoltIron1000" count="1" craft_time="1"><ingredient name="disaCrossbowBoltIron" count="1000"/></recipe>
		<recipe name="disaCrossbowBoltSteelAP1000" count="1" craft_time="1"><ingredient name="disaCrossbowBoltSteelAP" count="1000"/></recipe>
		<recipe name="disaCrossbowBoltStone1000" count="1" craft_time="1"><ingredient name="disaCrossbowBoltStone" count="1000"/></recipe>
		<recipe name="disaDartIron1000" count="1" craft_time="1"><ingredient name="disaDartIron" count="1000"/></recipe>
		<recipe name="disaJunkTurretAP1000" count="1" craft_time="1"><ingredient name="disaJunkTurretAP" count="1000"/></recipe>
		<recipe name="disaJunkTurretRegular1000" count="1" craft_time="1"><ingredient name="disaJunkTurretRegular" count="1000"/></recipe>
		<recipe name="disaJunkTurretShell1000" count="1" craft_time="1"><ingredient name="disaJunkTurretShell" count="1000"/></recipe>
		<recipe name="disaRocketFrag1000" count="1" craft_time="1"><ingredient name="disaRocketFrag" count="1000"/></recipe>
		<recipe name="disaRocketHE1000" count="1" craft_time="1"><ingredient name="disaRocketHE" count="1000"/></recipe>
		<recipe name="disaShotgunBreachingSlug1000" count="1" craft_time="1"><ingredient name="disaShotgunBreachingSlug" count="1000"/></recipe>
		<recipe name="disaShotgunShell1000" count="1" craft_time="1"><ingredient name="disaShotgunShell" count="1000"/></recipe>
		<recipe name="disaShotgunSlug1000" count="1" craft_time="1"><ingredient name="disaShotgunSlug" count="1000"/></recipe>
		<recipe name="dthrownMolotovCocktail1000" count="1" craft_time="1"><ingredient name="dthrownMolotovCocktail" count="1000"/></recipe>
		<recipe name="dthrownPipeBomb1000" count="1" craft_time="1"><ingredient name="dthrownPipeBomb" count="1000"/></recipe>
		<recipe name="dthrownDynamite1000" count="1" craft_time="1"><ingredient name="dthrownDynamite" count="1000"/></recipe>
		<recipe name="dthrownGrenade1000" count="1" craft_time="1"><ingredient name="dthrownGrenade" count="1000"/></recipe>
		<recipe name="dthrownGrenadeContact1000" count="1" craft_time="1"><ingredient name="dthrownGrenadeContact" count="1000"/></recipe>
		<recipe name="dthrownTimedCharge1000" count="1" craft_time="1"><ingredient name="dthrownTimedCharge" count="1000"/></recipe>
	</append>
	
</VanillaPlus>


