<AGFVanillaPlus-ElectricityPlus>

		<!--simplified power structures-->		
			<append xpath="/recipes/recipe[@name='generatorbank']">
				<ingredient name="smallEngine" count="3"/>
			</append>	
			<append xpath="/recipes/recipe[@name='batterybank']">
				<ingredient name="carBattery" count="3"/>
			</append>						
			
			<append xpath="/recipes">
				<recipe name="solarbank" count="1" craft_area="workbench" tags="perkAdvancedEngineering,learnable">
					<ingredient name="resourceForgedSteel" count="14"/>
					<ingredient name="resourceMechanicalParts" count="10"/>
					<ingredient name="resourceElectricParts" count="18"/>
					<ingredient name="solarCell" count="3"/>
					<effect_group>
						<passive_effect name="CraftingIngredientCount" level="0,1,2,3,4" operation="perc_add" value=".56,.56,.56,.34,.15" tags="resourceForgedSteel,resourceMechanicalParts,resourceElectricParts"/>
					</effect_group>
				</recipe>
			</append>
			
			<append xpath="/recipes">
				<recipe name="powerCore" count="1" craft_area="workbench" tags="perkAdvancedEngineering">
					<ingredient name="resourceForgedIron" count="2"/>
					<ingredient name="resourceElectricParts" count="1"/>
					<effect_group>
						<passive_effect name="CraftingIngredientCount" level="0,1,2,3,4" operation="perc_add" value=".56,.56,.56,.34,.15" tags="resourceForgedIron"/>
					</effect_group>
				</recipe>
				<recipe name="powerCoreCharge" count="1">
					<ingredient name="powerCore" count="1"/>
				</recipe>
			</append>			
	
	
</AGFVanillaPlus-ElectricityPlus>


