MOD_NAME,HAS_IMAGE_PREPARED,IMAGE_FILE
0AGF-V3-CLIENT-LawnTractorPatchGuard,No,
AGF-V3-ADMIN-Fix4DestroyBiomeBadge,No,
AGF-V3-ADMIN-Fix4PerkPageReset,No,
AGF-V3-BOTH-CosmeticLockIcon,Yes,CosmeticLockIcon_01.png
AGF-V3-BOTH-GyroFlightModes,Yes,GyroFlightModes_01.png
AGF-V3-BOTH-PartyGroupPlus,No,
AGF-V3-BOTH-Toolbelt12Slots,Yes,Toolbelt12Slots_01.png
AGF-V3-CLIENT-AudioOptionsPlus,Yes,AudioOptionsPlus_01.png
AGF-V3-CLIENT-AutoRun,Yes,AutoRun_01.png
AGF-V3-CLIENT-ConsoleOpacityMod,No,
AGF-V3-CLIENT-EnhancedAGF,Yes,EnhancedAGF_01.png
AGF-V3-CLIENT-HideDLCCosmetics,Yes,HideDLCCosmetics_01.png
AGF-V3-CLIENT-MapPlus,Yes,MapPlus_01.png
AGF-V3-CLIENT-OpenAllButton,Yes,OpenAllButton_01.png
AGF-V3-CLIENT-SmeltTimerOption,Yes,SmeltTimerOption_01.png
AGF-V3-SERVER-1HUDPlus,Yes,1HUDPlus_01.png
AGF-V3-SERVER-2BMCounter,Yes,2BMCounter_01.png
AGF-V3-SERVER-2PurpleBook,Yes,2PurpleBook_01.png
AGF-V3-SERVER-2RemoveEnteringPopUp,Yes,2RemoveEnteringPopUp_01.png
AGF-V3-SERVER-2VisualEntityTracker,Yes,2VisualEntityTracker_01.png
AGF-V3-SERVER-2Weekday,Yes,2Weekday_01.png
AGF-V3-SERVER-3VisualEntityTrackerAddon,No,
AGF-V3-SERVER-AdminModdingSupport,Yes,AdminModdingSupport_01.png
AGF-V3-SERVER-AlternativeRecipes,Yes,AlternativeRecipes_01.png
AGF-V3-SERVER-AmmoDisassembly,Yes,AmmoDisassembly_01.png
AGF-V3-SERVER-AnimalTrackerAlwaysOn,No,
AGF-V3-SERVER-ArcheryFeathersChange,Yes,ArcheryFeathersChange_01.png
AGF-V3-SERVER-AutomobilesRespawn,Yes,AutomobilesRespawn_01.png
AGF-V3-SERVER-BedrollPlus,Yes,BedrollPlus_01.png
AGF-V3-SERVER-BetterEggChance,Yes,BetterEggChance_01.png
AGF-V3-SERVER-BreakItGetIt,Yes,BreakItGetIt_01.png
AGF-V3-SERVER-CraftSewingKits,Yes,CraftSewingKits_01.png
AGF-V3-SERVER-CraftStackEngBattCells,Yes,CraftStackEngBattCells_01.png
AGF-V3-SERVER-CraftVitamins,Yes,CraftVitamins_01.png
AGF-V3-SERVER-DecorationBlock,No,
AGF-V3-SERVER-DoorsPlus,Yes,DoorsPlus_01.png
AGF-V3-SERVER-DrinkableAcid,Yes,DrinkableAcid_01.png
AGF-V3-SERVER-DyesPlus,Yes,DyesPlus_01.png
AGF-V3-SERVER-FloraHarvester,Yes,FloraHarvester_01.png
AGF-V3-SERVER-FuelAutoShutOff,Yes,FuelAutoShutOff_01.png
AGF-V3-SERVER-FuelBurnPlus,Yes,FuelBurnPlus_01.png
AGF-V3-SERVER-GlobalStormTracker,Yes,GlobalStormTracker_01.png
AGF-V3-SERVER-HonkOpensYourDoors,Yes,HonkOpensYourDoors_01.png
AGF-V3-SERVER-LargerStorageOption,Yes,LargerStorageOption_01.png
AGF-V3-SERVER-LootTimerHolds,No,
AGF-V3-SERVER-MasterTool,Yes,MasterTool_01.png
AGF-V3-SERVER-MaxLevel500,Yes,MaxLevel500_01.png
AGF-V3-SERVER-MiningPlus,Yes,MiningPlus_01.png
AGF-V3-SERVER-Mod988,Yes,Mod988_01.png
AGF-V3-SERVER-ModSlotsPlus,Yes,ModSlotsPlus_01.png
AGF-V3-SERVER-PaintbrushPlus,No,
AGF-V3-SERVER-PickupLanternsPlus,Yes,PickupLanternsPlus_01.png
AGF-V3-SERVER-PlayerResetQuests,Yes,PlayerResetQuests_01.png
AGF-V3-SERVER-RebundleBundles,Yes,RebundleBundles_01.png
AGF-V3-SERVER-RecipeRottingFlesh,Yes,RecipeRottingFlesh_01.png
AGF-V3-SERVER-RestorePowerAnyTime,Yes,RestorePowerAnyTime_01.png
AGF-V3-SERVER-ScrapBatts4Acid,Yes,ScrapBatts4Acid_01.png
AGF-V3-SERVER-ScrapEquipmentFaster,Yes,ScrapEquipmentFaster_01.png
AGF-V3-SERVER-ScreamerAlert,Yes,ScreamerAlert_01.png
AGF-V3-SERVER-SimplifiedStacks,Yes,SimplifiedStacks_01.png
AGF-V3-SERVER-SmallerInteractionPrompt,Yes,SmallerInteractionPrompt_01.png
AGF-V3-SERVER-SmeltingPlus,Yes,SmeltingPlus_01.png
AGF-V3-SERVER-SortingCart,No,
AGF-V3-SERVER-StayLongerAnimalCorpse,Yes,StayLongerAnimalCorpse_01.png
AGF-V3-SERVER-StayLongerPlayerBackpack,Yes,StayLongerPlayerBackpack_01.png
AGF-V3-SERVER-TacticalRiflePlus,Yes,TacticalRiflePlus_01.png
AGF-V3-SERVER-TinyBuffsPopUp,Yes,TinyBuffsPopUp_01.png
AGF-V3-SERVER-VehiclePerformance,No,
AGF-V3-SERVER-VehiclesExtraSeating,Yes,VehiclesExtraSeating_01.png
AGF-V3-SERVER-VehicleStoragePlus,Yes,VehicleStoragePlus_01.png
AGF-V3-SERVER-ZombieCorpseLeaveQuicker,Yes,ZombieCorpseLeaveQuicker_01.png
zzzAGF-V3-CLIENT-LawnTractorV3Fix,No,
zzzAGF-V3-SERVER-HelpfulRenames,No,
zzzAGF-V3-SERVER-LootStaysOnEmpty,No,
