<AGF-HUDPlus>


<!--Compass Compatibility-->
			
			<remove xpath="/windows/window[@name='windowCompass']/texture[@style='compass.window.newbackground']"/>


			<set xpath="/windows/window[@name='windowCompass']/@pos">-260,-9</set>
			<set xpath="/windows/window[@name='windowCompass']/@width">520</set>			
			<set xpath="/windows/window[@name='windowCompass']/sprite[@depth='0']/@color">0,0,0,235</set>
			<set xpath="/windows/window[@name='windowCompass']/sprite[@depth='1']/@color">120,120,120,235</set>
			
			<set xpath="/windows/window[@name='windowCompass']/sprite[@depth='0']/@width">456</set>
			<set xpath="/windows/window[@name='windowCompass']/sprite[@depth='1']/@width">450</set>
			<set xpath="/windows/window[@name='windowCompass']/sprite[@depth='0']/@pos">32,0</set>
			<set xpath="/windows/window[@name='windowCompass']/sprite[@depth='1']/@pos">35,-3</set>	

			<set xpath="/windows/window[@name='windowCompass']/texture/@width">450</set>
			<set xpath="/windows/window[@name='windowCompass']/texture/@rect_size">0.35,1</set>
			<set xpath="/windows/window[@name='windowCompass']/texture/@rect_offset">{#compass_rotation / 360 + 0.067 - 0.18},0</set>
			<set xpath="/windows/window[@name='windowCompass']/texture/@pos">35,-12</set>			
	
	
		<!--b. Mark on center of compass-->
			<append xpath="/windows/window[@name='windowCompass']">
				<label depth="20" name="TextContent" pos="69,5" width="380" height="60" text="I" font_size="60" color="22,22,22,235" justify="center"/>
			</append>
	
	
		<!--c. Day and Time adjustment-->
			<remove xpath="/windows/window[@name='windowCompass']/sprite[@pos='200,-60']"/>
			<append xpath="/windows/window[@name='windowCompass']">
				<rect name="hud" pos="-117,-1" rows="1" cols="1" width="121">
						<sprite depth="1" pos="0,-2" height="38" width="121" color="0,0,0,235" type="sliced" foregroundlayer="true" />
						<label depth="2" name="TextContent" pos="4,-9" width="113" height="30" text="{daytitle}: [{daycolor|always}]{day|always}" font_size="28" color="[white]" justify="center"/>	
				</rect>	
				<rect name="hud" pos="515,-1" rows="1" cols="1" width="108" >
						<sprite depth="1" pos="0,-2" height="38" width="121" color="0,0,0,235" type="sliced" foregroundlayer="true"/>
						<label depth="2" name="TextContent" pos="4,-9" width="113" height="30" text="{timetitle}: [DECEA3]{time|always}" font_size="28" color="[white]" justify="center"/>				
				</rect>	
			</append>
	

		<!--d. Day and Time on Menus!!!-->
			<append xpath="/windows/window[@name='windowPagingHeader']">
				<sprite depth="1" name="timeBackground" width="230" height="34" pos="-345,-5" color="[black]"/>
				<sprite depth="2" name="dayTimeIcon" width="24" height="24" pos="-330,-10" sprite="ui_game_symbol_clock" color="[iconColor]" foregroundlayer="true"/>
				<label depth="2" name="dayTimeLabel" pos="-300,-12" width="230" height="28" text="{mapdaytimetitle}: [DECEA3]{mapdaytime}[-]" font_size="22" controller="MapStats"/>
			</append>
			
			<append xpath="/windows/window[@name='windowNonPagingHeader']">
				<sprite depth="1" name="timeBackground" width="230" height="34" pos="-345,-5" color="[black]"/>
				<sprite depth="2" name="dayTimeIcon" width="24" height="24" pos="-330,-10" sprite="ui_game_symbol_clock" color="[iconColor]" foregroundlayer="true"/>
				<label depth="2" name="dayTimeLabel" pos="-300,-12" width="230" height="28" text="{mapdaytimetitle}: [DECEA3]{mapdaytime}[-]" font_size="22" controller="MapStats"/>
			</append>

	
		<!--b. Lowered & Centered Toolbelt-->
			<set xpath="/windows/window[@name='windowToolbelt']/@pos">-381,82</set>
			<set xpath="/windows/window[@name='windowToolbelt']/rect/rect[@pos='3,-3']/grid/@cols">15</set>
			<set xpath="/windows/window[@name='windowToolbelt']/rect/rect[@pos='3,-3']/grid[@name='inventory']/@pos">-184,0</set>
			<set xpath="/windows/window[@name='windowToolbelt']/rect/rect[@pos='3,-3']/grid[@name='inventory2']/@pos">-184,82</set>

	




<!--Toolbelt Slot Numbers Display (15 slots)-->
			<!--REMOVABILITY = it is safe to delete JUST this section-->
			<remove xpath="/windows/window[@name='windowToolbelt']/rect[@name='agf10slots']"/>
			
			<append xpath="/windows/window[@name='windowToolbelt']">
			<rect name="agf15slots" pos="-186,0">
				<sprite depth="19" pos="32,10" height="13" width="14" color="0,0,0,250" type="sliced" foregroundlayer="true" />		
				<label depth="20" name="slot#" pos="32,10" width="14" height="12" text="[DECEA3]1" font_size="12" color="" justify="center"/>
					
				<sprite depth="19" pos="107,10" height="13" width="14" color="0,0,0,250" type="sliced" foregroundlayer="true" />		
				<label depth="20" name="slot#" pos="107,10" width="14" height="12" text="[DECEA3]2" font_size="12" color="" justify="center"/>	

				<sprite depth="19" pos="182,10" height="13" width="14" color="0,0,0,250" type="sliced" foregroundlayer="true" />		
				<label depth="20" name="slot#" pos="182,10" width="14" height="12" text="[DECEA3]3" font_size="12" color="" justify="center"/>	

				<sprite depth="19" pos="257,10" height="13" width="14" color="0,0,0,250" type="sliced" foregroundlayer="true" />		
				<label depth="20" name="slot#" pos="257,10" width="14" height="12" text="[DECEA3]4" font_size="12" color="" justify="center"/>		

				<sprite depth="19" pos="332,10" height="13" width="14" color="0,0,0,250" type="sliced" foregroundlayer="true" />		
				<label depth="20" name="slot#" pos="332,10" width="14" height="12" text="[DECEA3]5" font_size="12" color="" justify="center"/>	

				<sprite depth="19" pos="407,10" height="13" width="14" color="0,0,0,250" type="sliced" foregroundlayer="true" />		
				<label depth="20" name="slot#" pos="407,10" width="14" height="12" text="[DECEA3]6" font_size="12" color="" justify="center"/>	

				<sprite depth="19" pos="482,10" height="13" width="14" color="0,0,0,250" type="sliced" foregroundlayer="true" />		
				<label depth="20" name="slot#" pos="482,10" width="14" height="12" text="[DECEA3]7" font_size="12" color="" justify="center"/>	

				<sprite depth="19" pos="557,10" height="13" width="14" color="0,0,0,250" type="sliced" foregroundlayer="true" />		
				<label depth="20" name="slot#" pos="557,10" width="14" height="12" text="[DECEA3]8" font_size="12" color="" justify="center"/>
				
				<sprite depth="19" pos="632,10" height="13" width="14" color="0,0,0,250" type="sliced" foregroundlayer="true" />		
				<label depth="20" name="slot#" pos="632,10" width="14" height="12" text="[DECEA3]9" font_size="12" color="" justify="center"/>

				<sprite depth="19" pos="707,10" height="13" width="14" color="0,0,0,250" type="sliced" foregroundlayer="true" />		
				<label depth="20" name="slot#" pos="707,10" width="14" height="12" text="[DECEA3]10" font_size="12" color="" justify="center"/>
				
				<sprite depth="19" pos="782,10" height="13" width="14" color="0,0,0,250" type="sliced" foregroundlayer="true" />		
				<label depth="20" name="slot#" pos="782,10" width="14" height="12" text="[DECEA3]11" font_size="12" color="" justify="center"/>
				
				<sprite depth="19" pos="857,10" height="13" width="14" color="0,0,0,250" type="sliced" foregroundlayer="true" />		
				<label depth="20" name="slot#" pos="857,10" width="14" height="12" text="[DECEA3]12" font_size="12" color="" justify="center"/>
				
				<sprite depth="19" pos="932,10" height="13" width="14" color="0,0,0,250" type="sliced" foregroundlayer="true" />		
				<label depth="20" name="slot#" pos="932,10" width="14" height="12" text="[DECEA3]13" font_size="12" color="" justify="center"/>
				
				<sprite depth="19" pos="1007,10" height="13" width="14" color="0,0,0,250" type="sliced" foregroundlayer="true" />		
				<label depth="20" name="slot#" pos="1007,10" width="14" height="12" text="[DECEA3]14" font_size="12" color="" justify="center"/>
				
				<sprite depth="19" pos="1082,10" height="13" width="14" color="0,0,0,250" type="sliced" foregroundlayer="true" />		
				<label depth="20" name="slot#" pos="1082,10" width="14" height="12" text="[DECEA3]15" font_size="12" color="" justify="center"/>
			</rect>
			</append>
			
	
<!--return of the "original" Right Stat Bars-->	
	<set xpath="/windows/window[@name='HUDRightStatBars']">
		<rect name="hud" pos="-90,32" side="right" controller="CollectedItemList" pivot="BottomLeft">
			<panel width="168" height="46" name="item" visible="false" pivot="right" disableautobackground="true" pos="70, 0" >
				<sprite depth="3" pos="0,0"  name="Background" sprite="ui_game_popup" height="44" width="162" pivot="center" />
				<sprite depth="4" name="Icon" atlas="ItemIconAtlas"  size="38,38" pos="50,0" pivot="center" foregroundlayer="true"/>
				<label depth="6" pos="12,0" name="TextContent" font_size="30" color="[white]" justify="right" height="32" pivot="right"/>
				<sprite depth="6" pos="0,16" width="36" height="36" name="Negative" sprite="ui_game_symbol_x" color="[red]" />
			</panel>

			 <!-- <rect width="168" height="43" controller="CollectedItem">
				<sprite depth="3" pos="3,0"  name="Background" sprite="{itembackground}" height="43" width="162" color="{itembackgroundcolor}" />
				<sprite depth="4" name="Icon" atlas="ItemIconAtlas" sprite="{itemicon}" size="32,32" pos="130,-6" color="{itemiconcolor}" />
				<label depth="6" name="TextContent" pos="15,-10" font_size="28" color="[white]" justify="center" text="{itemcount}" height="30"/>
			</rect> -->
		</rect>

		<grid name="hud" pos="-194,50" rows="2" cols="1" width="168" cell_width="168" cell_height="46" repeat_content="false" side="right">
			<rect width="188" height="46" controller="HUDStatBar" stat_type="ActiveItem" visible="{statvisible}">
				<sprite depth="3" pos="3,0"  name="BarContent" sprite="{statimage|once}" height="46" width="182" />
				<sprite depth="4" name="Icon" atlas="{staticonatlas|once}" sprite="{staticon}" size="39,35" pos="130,-6" color="{staticoncolor}" foregroundlayer="true" />
				<label depth="6" name="TextContent" pos="115,-26" font_size="28" color="[white]" justify="right" pivot="right" text="{statcurrentwithmax}" width="250" height="30" />
			</rect>
		</grid>
		<rect name="hud" pos="-177,100" rows="2" cols="1" width="168" side="right">
			<rect width="168" height="46" controller="HUDStatBar" stat_type="VehicleFuel" visible="{statvisible}">
				<sprite depth="1" name="border" color="0,0,0,128" type="sliced"/>
				<sprite depth="2" name="background" color="0,0,0,140" type="sliced" />
				<sprite depth="2" pos="3,-3"  name="background" height="40" width="162" color="64,64,64,100" type="sliced" />
				<filledsprite depth="5" name="BarContent" color="0,54,255,128" width="169" type="filled" fill="0" flip="Horizontally" />
				<sprite depth="4" name="Icon" atlas="{staticonatlas|once}" sprite="{staticon|once}" size="35,35" pos="148,-24" pivot="center" foregroundlayer="true" />
				<label depth="6" name="TextContent" pos="125,-24" font_size="32" color="[white]" justify="center" pivot="right" text="{statcurrentwithmax}" width="120" height="35"/>
				<sprite depth="8" name="border" color="0,0,0,255" type="sliced" fillcenter="false"/>
			</rect>
			<rect width="168" height="46" pos="0,-50" controller="HUDStatBar" stat_type="VehicleHealth" visible="{statvisible}">
				<sprite depth="1" name="border" color="0,0,0,128" type="sliced"/>
				<sprite depth="2" name="background" color="0,0,0,140" type="sliced" />
				<sprite depth="2" pos="3,-3"  name="background" height="40" width="162" color="64,64,64,100" type="sliced" />

				<filledsprite depth="5" name="BarContent" color="255,0,0,128" width="169" type="filled" fill="0" flip="Horizontally" />
				<sprite depth="4" name="Icon" atlas="{staticonatlas|once}" sprite="{staticon|once}" size="35,35" pos="148,-24" pivot="center" foregroundlayer="true" />
				<label depth="6" name="TextContent" pos="125,-24" font_size="28" color="[white]" justify="center" pivot="right" text="{statcurrentwithmax}" width="120" height="35"/>
				<sprite depth="8" name="border" color="0,0,0,255" type="sliced" fillcenter="false"/>
			</rect>
		</rect>
	</set>
	

</AGF-HUDPlus>





