<AGFVanillaPlus-FarmingPlus>

<!--FARMING PLUS-->
		<!--plant birds nests-->
		<append xpath="/recipes">
			<recipe name="birdsNestEmpty" count="1" craft_time="20" tags="learnable,perkLivingOffTheLand">
				<ingredient name="resourceYuccaFibers" count="10"/>
				<ingredient name="foodCornMeal" count="5"/>
			</recipe>
		</append>
		<!--plant bee flower for honey-->
		<append xpath="/recipes">
			<recipe name="beeFlower" count="1" craft_time="20" tags="learnable,perkLivingOffTheLand">
				<ingredient name="plantedChrysanthemum1" count="5"/>
				<ingredient name="plantedGoldenrod1" count="5"/>
				<ingredient name="resourceYuccaFibers" count="5"/>
			</recipe>
		</append>

	
	
</AGFVanillaPlus-FarmingPlus>


