<AGF-V2-HUDPlus-10IngredientSlots>

	<append xpath="/windows/window[@name='craftingInfoPanel']/rect[@name='contentCraftingInfo']/rect[@name='ingredients']/grid">
			<ingredient_row name="6"/>
			<ingredient_row name="7"/>
			<ingredient_row name="8"/>
			<ingredient_row name="9"/>
			<ingredient_row name="10"/>
	</append>	
	<set xpath="/windows/window[@name='craftingInfoPanel']/rect[@name='contentCraftingInfo']/rect[@name='ingredients']/grid/@rows">11</set>	
	<set xpath="/windows/window[@name='craftingInfoPanel']/rect[@name='contentCraftingInfo']/rect[@name='ingredients']/@pos">153,-50</set>
	<set xpath="/windows/window[@name='craftingInfoPanel']/rect[@name='contentCraftingInfo']/rect[@name='ingredients']/grid/@cell_height">27</set>

	
	
</AGF-V2-HUDPlus-10IngredientSlots>


