<AGFVanillaPlus-FarmingPlus>

	<conditional>
		<if cond="mod_loaded('AGF-V2-HUDPlus-PurpleBook') and game_version() &gt;= version(1,2,0) and game_version() &lt; version(1,2,5)">
			<!--Crafting List adjustment-->
			<set xpath="/windows/window[@name='Schematics']/rect[@name='tabs']/rect[@name='tabsContents']/rect[@name='craftinglistTab']/rect[@name='tabs']/rect[@name='tabsContents']/rect[@name='allChecklists']/grid[@name='checklistSeeds']/entry[@name='plantedPotato1']/sprite[@name='backgroundSection']/@height">92</set>
			<set xpath="/windows/window[@name='Schematics']/rect[@name='tabs']/rect[@name='tabsContents']/rect[@name='craftinglistTab']/rect[@name='tabs']/rect[@name='tabsContents']/rect[@name='allChecklists']/grid[@name='checklistSeeds']/entry[@name='plantedPotato1']/sprite[@name='backgroundBorderSection']/@height">92</set>
			<set xpath="/windows/window[@name='Schematics']/rect[@name='tabs']/rect[@name='tabsContents']/rect[@name='craftinglistTab']/rect[@name='tabs']/rect[@name='tabsContents']/rect[@name='allChecklists']/grid[@name='checklistSeeds']/entry[@name='plantedPotato1']/filledsprite/@height">90</set>
			<insertafter xpath="/windows/window[@name='Schematics']/rect[@name='tabs']/rect[@name='tabsContents']/rect[@name='craftinglistTab']/rect[@name='tabs']/rect[@name='tabsContents']/rect[@name='allChecklists']/grid[@name='checklistSeeds']/entry[@name='Icon-plantedPotato1']">
				<entry/>
				<entry/>
				<entry/>
				<entry/>
				<entry name="Icon">
					<sprite name="itemIcon" depth="3" pos="2,7" size="28,28" foregroundlayer="true" atlas="ItemIconAtlas" sprite="forestFlower" color="" tooltip_key="beeFlower"/>
					<sprite name="itemIcon" depth="3" pos="2,-19" size="28,28" foregroundlayer="true" atlas="ItemIconAtlas" sprite="plantHydroponicAloe" color="" tooltip_key="advancedFarmingKey"/>
				</entry>
				<entry name="Icon">
					<sprite name="itemIcon" depth="3" pos="-4,7" size="28,28" foregroundlayer="true" atlas="ItemIconAtlas" sprite="cntBirdnest" color="" tooltip_key="birdsNestEmpty"/>
				</entry>
			</insertafter>
			<!--Crafting List-Zoomed adjustment-->
			<set xpath="/windows/window[@name='Schematics']/rect[@name='tabs']/rect[@name='tabsContents']/rect[@name='craftinglistTab']/rect[@name='tabs']/rect[@name='tabsContents']/rect[@name='zoomedSeeds']/grid[@name='checklistSeeds']/entry[@name='QSectionPotato']/sprite[@sprite='plantedPotato1']/@pos">158,-40</set>
			<insertafter xpath="/windows/window[@name='Schematics']/rect[@name='tabs']/rect[@name='tabsContents']/rect[@name='craftinglistTab']/rect[@name='tabs']/rect[@name='tabsContents']/rect[@name='zoomedSeeds']/grid[@name='checklistSeeds']/entry[@name='QSectionPotato']/sprite[@sprite='plantedPotato1']">
				<sprite name="itemIcon" depth="3" pos="184,-15" size="100,100" foregroundlayer="true" atlas="ItemIconAtlas" sprite="forestFlower" color="" tooltip_key="beeFlower"/>
				<sprite name="itemIcon" depth="4" pos="235,-35" size="75,75" foregroundlayer="true" atlas="ItemIconAtlas" sprite="cntBirdnest" color="" tooltip_key="birdsNestEmpty"/>
				<sprite name="itemIcon" depth="4" pos="247,-3" size="50,50" foregroundlayer="true" atlas="ItemIconAtlas" sprite="plantHydroponicAloe" color="" tooltip_key="advancedFarmingKey"/>
			</insertafter>
		</if>
		<if cond="mod_loaded('AGF-V2-HUDPlus-PurpleBook') and game_version() &gt;= version(1,2,5)">
			<!--Crafting List adjustment-->
			<set xpath="/windows/window[@name='Schematics']/rect[@name='tabs']/rect[@name='tabsContents']/rect[@name='craftinglistTab']/rect[@name='tabs']/rect[@name='tabsContents']/rect[@name='allChecklists']/grid[@name='checklistSeeds']/entry[@name='plantedPotato1']/sprite[@name='backgroundSection']/@height">62</set>
			<set xpath="/windows/window[@name='Schematics']/rect[@name='tabs']/rect[@name='tabsContents']/rect[@name='craftinglistTab']/rect[@name='tabs']/rect[@name='tabsContents']/rect[@name='allChecklists']/grid[@name='checklistSeeds']/entry[@name='plantedPotato1']/sprite[@name='backgroundBorderSection']/@height">62</set>
			<set xpath="/windows/window[@name='Schematics']/rect[@name='tabs']/rect[@name='tabsContents']/rect[@name='craftinglistTab']/rect[@name='tabs']/rect[@name='tabsContents']/rect[@name='allChecklists']/grid[@name='checklistSeeds']/entry[@name='plantedPotato1']/filledsprite/@height">60</set>
			<insertafter xpath="/windows/window[@name='Schematics']/rect[@name='tabs']/rect[@name='tabsContents']/rect[@name='craftinglistTab']/rect[@name='tabs']/rect[@name='tabsContents']/rect[@name='allChecklists']/grid[@name='checklistSeeds']/entry[@name='Icon-plantedPotato1']">
				<entry/>
				<entry/>
				<entry/>
				<entry/>
				<entry name="Icon">
					<sprite name="itemIcon" depth="3" pos="0,7" size="28,28" foregroundlayer="true" atlas="ItemIconAtlas" sprite="cntBirdnest" color="" tooltip_key="birdsNestEmpty"/>
					<sprite name="itemIcon" depth="3" pos="22,7" size="28,28" foregroundlayer="true" atlas="ItemIconAtlas" sprite="plantHydroponicAloe" color="" tooltip_key="advancedFarmingKey"/>
				</entry>
				<entry/>
			</insertafter>
			<!--Crafting List-Zoomed adjustment-->
			<set xpath="/windows/window[@name='Schematics']/rect[@name='tabs']/rect[@name='tabsContents']/rect[@name='craftinglistTab']/rect[@name='tabs']/rect[@name='tabsContents']//rect[@name='zoomedSeeds']/grid[@name='checklistSeeds']/entry[@name='QSectionPotato']/sprite[@sprite='plantedPotato1']/@pos">158,-40</set>
			<insertafter xpath="/windows/window[@name='Schematics']/rect[@name='tabs']/rect[@name='tabsContents']/rect[@name='craftinglistTab']/rect[@name='tabs']/rect[@name='tabsContents']//rect[@name='zoomedSeeds']/grid[@name='checklistSeeds']/entry[@name='QSectionPotato']/sprite[@sprite='plantedPotato1']">
				<sprite name="itemIcon" depth="3" pos="248,-44" size="50,50" foregroundlayer="true" atlas="ItemIconAtlas" sprite="plantHydroponicAloe" color="" tooltip_key="advancedFarmingKey"/>
				<sprite name="itemIcon" depth="4" pos="192,-36" size="75,75" foregroundlayer="true" atlas="ItemIconAtlas" sprite="cntBirdnest" color="" tooltip_key="birdsNestEmpty"/>
			</insertafter>
		</if>
	</conditional>

</AGFVanillaPlus-FarmingPlus>

