<AGFVanillaPlus-StacksBundlesAmmoPlus>


	<append xpath="/materials">
		<material id="Mammo9mmBulletBall">
			<property name="damage_category" value="metal"/>
			<property name="surface_category" value="metal"/>
			<property name="forge_category" value="disa9mmBulletBall"/>
			<property name="Experience" value="2"/>
		</material>
		<material id="Mammo9mmBulletHP">
			<property name="damage_category" value="metal"/>
			<property name="surface_category" value="metal"/>
			<property name="forge_category" value="disa9mmBulletHP"/>
			<property name="Experience" value="2"/>
		</material>
		<material id="Mammo9mmBulletAP">
			<property name="damage_category" value="metal"/>
			<property name="surface_category" value="metal"/>
			<property name="forge_category" value="disa9mmBulletAP"/>
			<property name="Experience" value="2"/>
		</material>	
		<material id="Mammo762mmBulletBall">
			<property name="damage_category" value="metal"/>
			<property name="surface_category" value="metal"/>
			<property name="forge_category" value="disa762mmBulletBall"/>
			<property name="Experience" value="2"/>
		</material>
		<material id="Mammo762mmBulletHP">
			<property name="damage_category" value="metal"/>
			<property name="surface_category" value="metal"/>
			<property name="forge_category" value="disa762mmBulletHP"/>
			<property name="Experience" value="2"/>
		</material>	
		<material id="Mammo762mmBulletAP">
			<property name="damage_category" value="metal"/>
			<property name="surface_category" value="metal"/>
			<property name="forge_category" value="disa762mmBulletAP"/>
			<property name="Experience" value="2"/>
		</material>	
		<material id="Mammo44MagnumBulletBall">
			<property name="damage_category" value="metal"/>
			<property name="surface_category" value="metal"/>
			<property name="forge_category" value="disa44MagnumBulletBall"/>
			<property name="Experience" value="2"/>
		</material>
		<material id="Mammo44MagnumBulletHP">
			<property name="damage_category" value="metal"/>
			<property name="surface_category" value="metal"/>
			<property name="forge_category" value="disa44MagnumBulletHP"/>
			<property name="Experience" value="2"/>
		</material>	
		<material id="Mammo44MagnumBulletAP">
			<property name="damage_category" value="metal"/>
			<property name="surface_category" value="metal"/>
			<property name="forge_category" value="disa44MagnumBulletAP"/>
			<property name="Experience" value="2"/>
		</material>	
		<material id="MammoBlunderbuss">
			<property name="damage_category" value="metal"/>
			<property name="surface_category" value="metal"/>
			<property name="forge_category" value="disaBlunderbuss"/>
			<property name="Experience" value="2"/>
		</material>
		<material id="MammoShotgunShell">
			<property name="damage_category" value="metal"/>
			<property name="surface_category" value="metal"/>
			<property name="forge_category" value="disaShotgunShell"/>
			<property name="Experience" value="2"/>
		</material>
		<material id="MammoShotgunSlug">
			<property name="damage_category" value="metal"/>
			<property name="surface_category" value="metal"/>
			<property name="forge_category" value="disaShotgunSlug"/>
			<property name="Experience" value="2"/>
		</material>	
		<material id="MammoShotgunBreachingSlug">
			<property name="damage_category" value="metal"/>
			<property name="surface_category" value="metal"/>
			<property name="forge_category" value="disaShotgunBreachingSlug"/>
			<property name="Experience" value="2"/>
		</material>
		<material id="MammoRocketFrag">
			<property name="damage_category" value="metal"/>
			<property name="surface_category" value="metal"/>
			<property name="forge_category" value="disaRocketFrag"/>
			<property name="Experience" value="2"/>
		</material>
		<material id="MammoRocketHE">
			<property name="damage_category" value="metal"/>
			<property name="surface_category" value="metal"/>
			<property name="forge_category" value="disaRocketHE"/>
			<property name="Experience" value="2"/>
		</material>	
		<material id="MammoArrowFlaming">
			<property name="damage_category" value="metal"/>
			<property name="surface_category" value="metal"/>
			<property name="forge_category" value="disaArrowFlaming"/>
			<property name="Experience" value="2"/>
		</material>
		<material id="MammoCrossbowBoltFlaming">
			<property name="damage_category" value="metal"/>
			<property name="surface_category" value="metal"/>
			<property name="forge_category" value="disaCrossbowBoltFlaming"/>
			<property name="Experience" value="2"/>
		</material>	
		<material id="MammoArrowExploding">
			<property name="damage_category" value="metal"/>
			<property name="surface_category" value="metal"/>
			<property name="forge_category" value="disaArrowExploding"/>
			<property name="Experience" value="2"/>
		</material>
		<material id="MammoCrossbowBoltExploding">
			<property name="damage_category" value="metal"/>
			<property name="surface_category" value="metal"/>
			<property name="forge_category" value="disaCrossbowBoltExploding"/>
			<property name="Experience" value="2"/>
		</material>	
		<material id="MammoArrowIron">
			<property name="damage_category" value="metal"/>
			<property name="surface_category" value="metal"/>
			<property name="forge_category" value="disaArrowIron"/>
			<property name="Experience" value="2"/>
		</material>
		<material id="MammoCrossbowBoltIron">
			<property name="damage_category" value="metal"/>
			<property name="surface_category" value="metal"/>
			<property name="forge_category" value="disaCrossbowBoltIron"/>
			<property name="Experience" value="2"/>
		</material>	
		<material id="MammoArrowSteelAP">
			<property name="damage_category" value="metal"/>
			<property name="surface_category" value="metal"/>
			<property name="forge_category" value="disaArrowSteelAP"/>
			<property name="Experience" value="2"/>
		</material>
		<material id="MammoCrossbowBoltSteelAP">
			<property name="damage_category" value="metal"/>
			<property name="surface_category" value="metal"/>
			<property name="forge_category" value="disaCrossbowBoltSteelAP"/>
			<property name="Experience" value="2"/>
		</material>	
		<material id="MammoArrowStone">
			<property name="damage_category" value="metal"/>
			<property name="surface_category" value="metal"/>
			<property name="forge_category" value="disaArrowStone"/>
			<property name="Experience" value="2"/>
		</material>
		<material id="MammoCrossbowBoltStone">
			<property name="damage_category" value="metal"/>
			<property name="surface_category" value="metal"/>
			<property name="forge_category" value="disaCrossbowBoltStone"/>
			<property name="Experience" value="2"/>
		</material>	
		<material id="MthrownAmmoPipeBomb">
			<property name="damage_category" value="metal"/>
			<property name="surface_category" value="metal"/>
			<property name="forge_category" value="dthrownPipeBomb"/>
			<property name="Experience" value="2"/>
		</material>		
		<material id="MthrownGrenadeContact">
			<property name="damage_category" value="metal"/>
			<property name="surface_category" value="metal"/>
			<property name="forge_category" value="dthrownGrenadeContact"/>
			<property name="Experience" value="2"/>
		</material>			
		<material id="MthrownGrenade">
			<property name="damage_category" value="metal"/>
			<property name="surface_category" value="metal"/>
			<property name="forge_category" value="dthrownGrenade"/>
			<property name="Experience" value="2"/>
		</material>			
		<material id="MthrownTimedCharge">
			<property name="damage_category" value="metal"/>
			<property name="surface_category" value="metal"/>
			<property name="forge_category" value="dthrownTimedCharge"/>
			<property name="Experience" value="2"/>
		</material>			
		<material id="MthrownDynamite">
			<property name="damage_category" value="metal"/>
			<property name="surface_category" value="metal"/>
			<property name="forge_category" value="dthrownDynamite"/>
			<property name="Experience" value="2"/>
		</material>			
		<material id="MthrownAmmoMolotovCocktail">
			<property name="damage_category" value="metal"/>
			<property name="surface_category" value="metal"/>
			<property name="forge_category" value="dthrownMolotovCocktail"/>
			<property name="Experience" value="2"/>
		</material>			
		<material id="MammoDartIron">
			<property name="damage_category" value="metal"/>
			<property name="surface_category" value="metal"/>
			<property name="forge_category" value="disaDartIron"/>
			<property name="Experience" value="2"/>
		</material>			
		<material id="MammoJunkTurretRegular">
			<property name="damage_category" value="metal"/>
			<property name="surface_category" value="metal"/>
			<property name="forge_category" value="disaJunkTurretRegular"/>
			<property name="Experience" value="2"/>
		</material>			
		<material id="MammoJunkTurretAP">
			<property name="damage_category" value="metal"/>
			<property name="surface_category" value="metal"/>
			<property name="forge_category" value="disaJunkTurretAP"/>
			<property name="Experience" value="2"/>
		</material>			
		<material id="MammoJunkTurretShell">
			<property name="damage_category" value="metal"/>
			<property name="surface_category" value="metal"/>
			<property name="forge_category" value="disaJunkTurretShell"/>
			<property name="Experience" value="2"/>
		</material>			
	</append>
	
	


	
</AGFVanillaPlus-StacksBundlesAmmoPlus>
