<AGF-HUDPlus-BMCounter15Days-NoDayCount>



<!--removes the little compass section of date and time, to allow adding days of the week-->
	<remove xpath="/windows/window[@name='windowCompass']/rect[@name='hud']"></remove>	
	
		

<!--Replaces Day to BloodMoon Counter of every 7 days.-->
	<append xpath="/windows/window[@name='windowCompass']">
			<rect name="hud" pos="-250,-4" rows="1" cols="1" width="250">
					<sprite pos="0,6" name="Background" sprite="ui_game_header_fill" color="0,0,0,225" foregroundlayer="true" height="46" width="250" type="sliced" />
					<label depth="3" text="" text_key="agfNextBloodMoon" width="140" font_size="20" justify="center" pos="6,2" height="28" visible="{showtime}"/>
					<label depth="3" text="[{daycolor}]{# localization('daycountdown_' + day%15)}[-]" width="140" font_size="20" justify="center" pos="6,-20" height="28" visible="{showtime}"/>
					
					<label depth="3" text="{timetitle}" width="170" font_size="20" justify="center" pos="86,2" height="28" visible="{showtime}"/>
					<label depth="3" text="[DECEA3]{time}" width="170" font_size="20" justify="center" pos="86,-20" height="28" visible="{showtime}"/>

			</rect>	
	</append>



</AGF-HUDPlus-BMCounter15Days-NoDayCount>