<AGFVanillaPlus-DecorationBlock>



<append xpath="/ui_display_info/crafting_category_display">

<crafting_category_list display_type="agfDecocntWoodBurningStoveCooking"><crafting_category name="CFFood/Cooking" icon="ui_game_symbol_fork" display_name="lblCategoryFood" /><crafting_category name="CFDrink/Cooking" icon="ui_game_symbol_thirst" display_name="lblCategoryDrink" /><crafting_category name="CFMedical" icon="ui_game_symbol_medical" display_name="lblCategoryMedicine" /><crafting_category name="CFChemicals" icon="ui_game_symbol_chemistry" display_name="lblCategoryChemicals" /></crafting_category_list>
<crafting_category_list display_type="agfDecocntwallOvenFullWhiteCooking"><crafting_category name="CFFood/Cooking" icon="ui_game_symbol_fork" display_name="lblCategoryFood" /><crafting_category name="CFDrink/Cooking" icon="ui_game_symbol_thirst" display_name="lblCategoryDrink" /><crafting_category name="CFMedical" icon="ui_game_symbol_medical" display_name="lblCategoryMedicine" /><crafting_category name="CFChemicals" icon="ui_game_symbol_chemistry" display_name="lblCategoryChemicals" /></crafting_category_list>
<crafting_category_list display_type="agfDecocntwallOvenFullGreyCooking"><crafting_category name="CFFood/Cooking" icon="ui_game_symbol_fork" display_name="lblCategoryFood" /><crafting_category name="CFDrink/Cooking" icon="ui_game_symbol_thirst" display_name="lblCategoryDrink" /><crafting_category name="CFMedical" icon="ui_game_symbol_medical" display_name="lblCategoryMedicine" /><crafting_category name="CFChemicals" icon="ui_game_symbol_chemistry" display_name="lblCategoryChemicals" /></crafting_category_list>
<crafting_category_list display_type="agfDecocntwallOvenFullBlackCooking"><crafting_category name="CFFood/Cooking" icon="ui_game_symbol_fork" display_name="lblCategoryFood" /><crafting_category name="CFDrink/Cooking" icon="ui_game_symbol_thirst" display_name="lblCategoryDrink" /><crafting_category name="CFMedical" icon="ui_game_symbol_medical" display_name="lblCategoryMedicine" /><crafting_category name="CFChemicals" icon="ui_game_symbol_chemistry" display_name="lblCategoryChemicals" /></crafting_category_list>
<crafting_category_list display_type="agfDecocntwallOvenEmptyWhiteCooking"><crafting_category name="CFFood/Cooking" icon="ui_game_symbol_fork" display_name="lblCategoryFood" /><crafting_category name="CFDrink/Cooking" icon="ui_game_symbol_thirst" display_name="lblCategoryDrink" /><crafting_category name="CFMedical" icon="ui_game_symbol_medical" display_name="lblCategoryMedicine" /><crafting_category name="CFChemicals" icon="ui_game_symbol_chemistry" display_name="lblCategoryChemicals" /></crafting_category_list>
<crafting_category_list display_type="agfDecocntwallOvenEmptyGreyCooking"><crafting_category name="CFFood/Cooking" icon="ui_game_symbol_fork" display_name="lblCategoryFood" /><crafting_category name="CFDrink/Cooking" icon="ui_game_symbol_thirst" display_name="lblCategoryDrink" /><crafting_category name="CFMedical" icon="ui_game_symbol_medical" display_name="lblCategoryMedicine" /><crafting_category name="CFChemicals" icon="ui_game_symbol_chemistry" display_name="lblCategoryChemicals" /></crafting_category_list>
<crafting_category_list display_type="agfDecocntwallOvenEmptyBlackCooking"><crafting_category name="CFFood/Cooking" icon="ui_game_symbol_fork" display_name="lblCategoryFood" /><crafting_category name="CFDrink/Cooking" icon="ui_game_symbol_thirst" display_name="lblCategoryDrink" /><crafting_category name="CFMedical" icon="ui_game_symbol_medical" display_name="lblCategoryMedicine" /><crafting_category name="CFChemicals" icon="ui_game_symbol_chemistry" display_name="lblCategoryChemicals" /></crafting_category_list>
<crafting_category_list display_type="agfDecocntStoveOldVer2OpenCooking"><crafting_category name="CFFood/Cooking" icon="ui_game_symbol_fork" display_name="lblCategoryFood" /><crafting_category name="CFDrink/Cooking" icon="ui_game_symbol_thirst" display_name="lblCategoryDrink" /><crafting_category name="CFMedical" icon="ui_game_symbol_medical" display_name="lblCategoryMedicine" /><crafting_category name="CFChemicals" icon="ui_game_symbol_chemistry" display_name="lblCategoryChemicals" /></crafting_category_list>
<crafting_category_list display_type="agfDecocntStoveOldVer1ClosedCooking"><crafting_category name="CFFood/Cooking" icon="ui_game_symbol_fork" display_name="lblCategoryFood" /><crafting_category name="CFDrink/Cooking" icon="ui_game_symbol_thirst" display_name="lblCategoryDrink" /><crafting_category name="CFMedical" icon="ui_game_symbol_medical" display_name="lblCategoryMedicine" /><crafting_category name="CFChemicals" icon="ui_game_symbol_chemistry" display_name="lblCategoryChemicals" /></crafting_category_list>
<crafting_category_list display_type="agfDecocntStoveModernVer2OpenCooking"><crafting_category name="CFFood/Cooking" icon="ui_game_symbol_fork" display_name="lblCategoryFood" /><crafting_category name="CFDrink/Cooking" icon="ui_game_symbol_thirst" display_name="lblCategoryDrink" /><crafting_category name="CFMedical" icon="ui_game_symbol_medical" display_name="lblCategoryMedicine" /><crafting_category name="CFChemicals" icon="ui_game_symbol_chemistry" display_name="lblCategoryChemicals" /></crafting_category_list>
<crafting_category_list display_type="agfDecocntStoveModernVer1ClosedCooking"><crafting_category name="CFFood/Cooking" icon="ui_game_symbol_fork" display_name="lblCategoryFood" /><crafting_category name="CFDrink/Cooking" icon="ui_game_symbol_thirst" display_name="lblCategoryDrink" /><crafting_category name="CFMedical" icon="ui_game_symbol_medical" display_name="lblCategoryMedicine" /><crafting_category name="CFChemicals" icon="ui_game_symbol_chemistry" display_name="lblCategoryChemicals" /></crafting_category_list>
<crafting_category_list display_type="agfDecocntMicrowaveOvenVer2OpenCooking"><crafting_category name="CFFood/Cooking" icon="ui_game_symbol_fork" display_name="lblCategoryFood" /><crafting_category name="CFDrink/Cooking" icon="ui_game_symbol_thirst" display_name="lblCategoryDrink" /><crafting_category name="CFMedical" icon="ui_game_symbol_medical" display_name="lblCategoryMedicine" /><crafting_category name="CFChemicals" icon="ui_game_symbol_chemistry" display_name="lblCategoryChemicals" /></crafting_category_list>
<crafting_category_list display_type="agfDecocntMicrowaveOvenVer2ClosedCooking"><crafting_category name="CFFood/Cooking" icon="ui_game_symbol_fork" display_name="lblCategoryFood" /><crafting_category name="CFDrink/Cooking" icon="ui_game_symbol_thirst" display_name="lblCategoryDrink" /><crafting_category name="CFMedical" icon="ui_game_symbol_medical" display_name="lblCategoryMedicine" /><crafting_category name="CFChemicals" icon="ui_game_symbol_chemistry" display_name="lblCategoryChemicals" /></crafting_category_list>
<crafting_category_list display_type="agfDecocntMicrowaveOvenVer1OpenCooking"><crafting_category name="CFFood/Cooking" icon="ui_game_symbol_fork" display_name="lblCategoryFood" /><crafting_category name="CFDrink/Cooking" icon="ui_game_symbol_thirst" display_name="lblCategoryDrink" /><crafting_category name="CFMedical" icon="ui_game_symbol_medical" display_name="lblCategoryMedicine" /><crafting_category name="CFChemicals" icon="ui_game_symbol_chemistry" display_name="lblCategoryChemicals" /></crafting_category_list>
<crafting_category_list display_type="agfDecocntMicrowaveOvenVer1ClosedCooking"><crafting_category name="CFFood/Cooking" icon="ui_game_symbol_fork" display_name="lblCategoryFood" /><crafting_category name="CFDrink/Cooking" icon="ui_game_symbol_thirst" display_name="lblCategoryDrink" /><crafting_category name="CFMedical" icon="ui_game_symbol_medical" display_name="lblCategoryMedicine" /><crafting_category name="CFChemicals" icon="ui_game_symbol_chemistry" display_name="lblCategoryChemicals" /></crafting_category_list>
<crafting_category_list display_type="agfDecocntgasRangeWhiteCooking"><crafting_category name="CFFood/Cooking" icon="ui_game_symbol_fork" display_name="lblCategoryFood" /><crafting_category name="CFDrink/Cooking" icon="ui_game_symbol_thirst" display_name="lblCategoryDrink" /><crafting_category name="CFMedical" icon="ui_game_symbol_medical" display_name="lblCategoryMedicine" /><crafting_category name="CFChemicals" icon="ui_game_symbol_chemistry" display_name="lblCategoryChemicals" /></crafting_category_list>
<crafting_category_list display_type="agfDecocntgasRangeGreyCooking"><crafting_category name="CFFood/Cooking" icon="ui_game_symbol_fork" display_name="lblCategoryFood" /><crafting_category name="CFDrink/Cooking" icon="ui_game_symbol_thirst" display_name="lblCategoryDrink" /><crafting_category name="CFMedical" icon="ui_game_symbol_medical" display_name="lblCategoryMedicine" /><crafting_category name="CFChemicals" icon="ui_game_symbol_chemistry" display_name="lblCategoryChemicals" /></crafting_category_list>
<crafting_category_list display_type="agfDecocntgasRangeBlackCooking"><crafting_category name="CFFood/Cooking" icon="ui_game_symbol_fork" display_name="lblCategoryFood" /><crafting_category name="CFDrink/Cooking" icon="ui_game_symbol_thirst" display_name="lblCategoryDrink" /><crafting_category name="CFMedical" icon="ui_game_symbol_medical" display_name="lblCategoryMedicine" /><crafting_category name="CFChemicals" icon="ui_game_symbol_chemistry" display_name="lblCategoryChemicals" /></crafting_category_list>
<crafting_category_list display_type="agfDecocntGasGrillOpenCooking"><crafting_category name="CFFood/Cooking" icon="ui_game_symbol_fork" display_name="lblCategoryFood" /><crafting_category name="CFDrink/Cooking" icon="ui_game_symbol_thirst" display_name="lblCategoryDrink" /><crafting_category name="CFMedical" icon="ui_game_symbol_medical" display_name="lblCategoryMedicine" /><crafting_category name="CFChemicals" icon="ui_game_symbol_chemistry" display_name="lblCategoryChemicals" /></crafting_category_list>
<crafting_category_list display_type="agfDecocntGasGrillClosedCooking"><crafting_category name="CFFood/Cooking" icon="ui_game_symbol_fork" display_name="lblCategoryFood" /><crafting_category name="CFDrink/Cooking" icon="ui_game_symbol_thirst" display_name="lblCategoryDrink" /><crafting_category name="CFMedical" icon="ui_game_symbol_medical" display_name="lblCategoryMedicine" /><crafting_category name="CFChemicals" icon="ui_game_symbol_chemistry" display_name="lblCategoryChemicals" /></crafting_category_list>
<crafting_category_list display_type="agfDecocntCoffeeMakerCooking"><crafting_category name="CFDrink/Cooking" icon="ui_game_symbol_thirst" display_name="lblCategoryDrink" /><crafting_category name="CFMedical" icon="ui_game_symbol_medical" display_name="lblCategoryMedicine" /><crafting_category name="CFChemicals" icon="ui_game_symbol_chemistry" display_name="lblCategoryChemicals" /></crafting_category_list>
<crafting_category_list display_type="agfDecocntCoffeeMakerCommercialCooking"><crafting_category name="CFDrink/Cooking" icon="ui_game_symbol_thirst" display_name="lblCategoryDrink" /><crafting_category name="CFMedical" icon="ui_game_symbol_medical" display_name="lblCategoryMedicine" /><crafting_category name="CFChemicals" icon="ui_game_symbol_chemistry" display_name="lblCategoryChemicals" /></crafting_category_list>
<crafting_category_list display_type="agfDecocntCharcoalGrillOpenCooking"><crafting_category name="CFFood/Cooking" icon="ui_game_symbol_fork" display_name="lblCategoryFood" /><crafting_category name="CFDrink/Cooking" icon="ui_game_symbol_thirst" display_name="lblCategoryDrink" /><crafting_category name="CFMedical" icon="ui_game_symbol_medical" display_name="lblCategoryMedicine" /><crafting_category name="CFChemicals" icon="ui_game_symbol_chemistry" display_name="lblCategoryChemicals" /></crafting_category_list>
<crafting_category_list display_type="agfDecocntCharcoalGrillClosedCooking"><crafting_category name="CFFood/Cooking" icon="ui_game_symbol_fork" display_name="lblCategoryFood" /><crafting_category name="CFDrink/Cooking" icon="ui_game_symbol_thirst" display_name="lblCategoryDrink" /><crafting_category name="CFMedical" icon="ui_game_symbol_medical" display_name="lblCategoryMedicine" /><crafting_category name="CFChemicals" icon="ui_game_symbol_chemistry" display_name="lblCategoryChemicals" /></crafting_category_list>


	
</append>		
		
		
		



</AGFVanillaPlus-DecorationBlock>
