<AGFVanillaPlus-FloraHarvester>

		

	<append xpath="/progression/crafting_skills/crafting_skill[@name='craftingArmor']">
		<display_entry icon="plantedPumpkin1" name_key="armorHarvestMods" has_quality="false" unlock_level="100">
			<unlock_entry item="modArmorFarmer,modArmorMiner,modArmorScavenger,modArmorLumberjack" unlock_tier="1" recipes="modArmorFarmer,modArmorMiner,modArmorScavenger,modArmorLumberjack"/>
		</display_entry>	
	</append>
	
	<append xpath="/progression/crafting_skills/crafting_skill[@name='craftingArmor']/effect_group">
		<passive_effect name="RecipeTagUnlocked" operation="base_set" level="100" value="1" tags="modArmorFarmer,modArmorMiner,modArmorScavenger,modArmorLumberjack"/>	
	</append>


</AGFVanillaPlus-FloraHarvester>

 