<AGFVanillaPlus-DyesPlus>


<!--Invisible Dye, hides clothing items you don't want to see.-->
<!--For version 1.0, not yet sure how this may help or not.-->
		<append xpath="/item_modifiers">
			<item_modifier name="modDyeInvisible" installable_tags="clothing,armor" modifier_tags="dye,modDyeInvisible" type="attachment" cosmetic_install_chance="0">
				<property name="DescriptionKey" value="modDyeInvisibleDesc"/>
				<property name="Group" value="Science"/>
				<property name="Stacknumber" value="1"/> 
				<property name="DropMeshfile" value="@:Other/Items/Misc/sack_droppedPrefab.prefab"/>
				<property name="CustomIcon" value="modDyeWhite"/>
				<property name="Material" value="Mpaint"/>
				<property name="Weight" value="20"/>

				<item_property_overrides name="*">
							<property name="UMA.Mesh" value=""/>
							<property name="CustomIconTint" value="0,255,255"/>
							<property name="UMA.ShowAltHair" value="false"/>
				</item_property_overrides>
			</item_modifier>
		</append>
				

<!--27 New Colors, from the original, a bright, light, and dark version of each-->				
	<append xpath="/item_modifiers"><item_modifier name="modDyeblackbright" installable_tags="clothing,armor,weapon,tool,vehicle,drone" modifier_tags="dye,modDyeblackbright" type="attachment" cosmetic_install_chance="0.03"><property name="Extends" value="modGeneralMaster"/><property name="Group" value="Science"/><property name="DescriptionKey" value="modDyeGroupDesc"/><property name="CustomIcon" value="modDyeWhite"/><property name="CustomIconTint" value="80, 80, 80"/><property name="Material" value="Mpaint"/><property name="Weight" value="20"/><property name="EconomicValue" value="50"/><item_property_overrides name="*"><property name="TintColor" value="80, 80, 80"/><property name="CustomIconTint" value="80, 80, 80"/></item_property_overrides></item_modifier></append>
	<append xpath="/item_modifiers"><item_modifier name="modDyeblackdark" installable_tags="clothing,armor,weapon,tool,vehicle,drone" modifier_tags="dye,modDyeblackdark" type="attachment" cosmetic_install_chance="0.03"><property name="Extends" value="modGeneralMaster"/><property name="Group" value="Science"/><property name="DescriptionKey" value="modDyeGroupDesc"/><property name="CustomIcon" value="modDyeWhite"/><property name="CustomIconTint" value="5, 5 ,5"/><property name="Material" value="Mpaint"/><property name="Weight" value="20"/><property name="EconomicValue" value="50"/><item_property_overrides name="*"><property name="TintColor" value="5, 5 ,5"/><property name="CustomIconTint" value="5, 5 ,5"/></item_property_overrides></item_modifier></append>
	<append xpath="/item_modifiers"><item_modifier name="modDyeblacklight" installable_tags="clothing,armor,weapon,tool,vehicle,drone" modifier_tags="dye,modDyeblacklight" type="attachment" cosmetic_install_chance="0.03"><property name="Extends" value="modGeneralMaster"/><property name="Group" value="Science"/><property name="DescriptionKey" value="modDyeGroupDesc"/><property name="CustomIcon" value="modDyeWhite"/><property name="CustomIconTint" value="160, 160, 160"/><property name="Material" value="Mpaint"/><property name="Weight" value="20"/><property name="EconomicValue" value="50"/><item_property_overrides name="*"><property name="TintColor" value="160, 160, 160"/><property name="CustomIconTint" value="160, 160, 160"/></item_property_overrides></item_modifier></append>
	<append xpath="/item_modifiers"><item_modifier name="modDyebluebright" installable_tags="clothing,armor,weapon,tool,vehicle,drone" modifier_tags="dye,modDyebluebright" type="attachment" cosmetic_install_chance="0.11"><property name="Extends" value="modGeneralMaster"/><property name="Group" value="Science"/><property name="DescriptionKey" value="modDyeGroupDesc"/><property name="CustomIcon" value="modDyeWhite"/><property name="CustomIconTint" value="20, 80, 245"/><property name="Material" value="Mpaint"/><property name="Weight" value="20"/><property name="EconomicValue" value="50"/><item_property_overrides name="*"><property name="TintColor" value="20, 80, 245"/><property name="CustomIconTint" value="20, 80, 245"/></item_property_overrides></item_modifier></append>
	<append xpath="/item_modifiers"><item_modifier name="modDyebluedark" installable_tags="clothing,armor,weapon,tool,vehicle,drone" modifier_tags="dye,modDyebluedark" type="attachment" cosmetic_install_chance="0.11"><property name="Extends" value="modGeneralMaster"/><property name="Group" value="Science"/><property name="DescriptionKey" value="modDyeGroupDesc"/><property name="CustomIcon" value="modDyeWhite"/><property name="CustomIconTint" value="4, 32, 110"/><property name="Material" value="Mpaint"/><property name="Weight" value="20"/><property name="EconomicValue" value="50"/><item_property_overrides name="*"><property name="TintColor" value="4, 32, 110"/><property name="CustomIconTint" value="4, 32, 110"/></item_property_overrides></item_modifier></append>
	<append xpath="/item_modifiers"><item_modifier name="modDyebluelight" installable_tags="clothing,armor,weapon,tool,vehicle,drone" modifier_tags="dye,modDyebluelight" type="attachment" cosmetic_install_chance="0.11"><property name="Extends" value="modGeneralMaster"/><property name="Group" value="Science"/><property name="DescriptionKey" value="modDyeGroupDesc"/><property name="CustomIcon" value="modDyeWhite"/><property name="CustomIconTint" value="153, 175, 240"/><property name="Material" value="Mpaint"/><property name="Weight" value="20"/><property name="EconomicValue" value="50"/><item_property_overrides name="*"><property name="TintColor" value="153, 175, 240"/><property name="CustomIconTint" value="153, 175, 240"/></item_property_overrides></item_modifier></append>
	<append xpath="/item_modifiers"><item_modifier name="modDyebrownbright" installable_tags="clothing,armor,weapon,tool,vehicle,drone" modifier_tags="dye,modDyebrownbright" type="attachment" cosmetic_install_chance="0.14"><property name="Extends" value="modGeneralMaster"/><property name="Group" value="Science"/><property name="DescriptionKey" value="modDyeGroupDesc"/><property name="CustomIcon" value="modDyeWhite"/><property name="CustomIconTint" value="158, 106, 65"/><property name="Material" value="Mpaint"/><property name="Weight" value="20"/><property name="EconomicValue" value="50"/><item_property_overrides name="*"><property name="TintColor" value="158, 106, 65"/><property name="CustomIconTint" value="158, 106, 65"/></item_property_overrides></item_modifier></append>
	<append xpath="/item_modifiers"><item_modifier name="modDyebrowndark" installable_tags="clothing,armor,weapon,tool,vehicle,drone" modifier_tags="dye,modDyebrowndark" type="attachment" cosmetic_install_chance="0.14"><property name="Extends" value="modGeneralMaster"/><property name="Group" value="Science"/><property name="DescriptionKey" value="modDyeGroupDesc"/><property name="CustomIcon" value="modDyeWhite"/><property name="CustomIconTint" value="66, 43, 25"/><property name="Material" value="Mpaint"/><property name="Weight" value="20"/><property name="EconomicValue" value="50"/><item_property_overrides name="*"><property name="TintColor" value="66, 43, 25"/><property name="CustomIconTint" value="66, 43, 25"/></item_property_overrides></item_modifier></append>
	<append xpath="/item_modifiers"><item_modifier name="modDyebrownlight" installable_tags="clothing,armor,weapon,tool,vehicle,drone" modifier_tags="dye,modDyebrownlight" type="attachment" cosmetic_install_chance="0.14"><property name="Extends" value="modGeneralMaster"/><property name="Group" value="Science"/><property name="DescriptionKey" value="modDyeGroupDesc"/><property name="CustomIcon" value="modDyeWhite"/><property name="CustomIconTint" value="186, 164, 147"/><property name="Material" value="Mpaint"/><property name="Weight" value="20"/><property name="EconomicValue" value="50"/><item_property_overrides name="*"><property name="TintColor" value="186, 164, 147"/><property name="CustomIconTint" value="186, 164, 147"/></item_property_overrides></item_modifier></append>
	<append xpath="/item_modifiers"><item_modifier name="modDyegreenbright" installable_tags="clothing,armor,weapon,tool,vehicle,drone" modifier_tags="dye,modDyegreenbright" type="attachment" cosmetic_install_chance="0.11"><property name="Extends" value="modGeneralMaster"/><property name="Group" value="Science"/><property name="DescriptionKey" value="modDyeGroupDesc"/><property name="CustomIcon" value="modDyeWhite"/><property name="CustomIconTint" value="55, 207, 4"/><property name="Material" value="Mpaint"/><property name="Weight" value="20"/><property name="EconomicValue" value="50"/><item_property_overrides name="*"><property name="TintColor" value="55, 207, 4"/><property name="CustomIconTint" value="55, 207, 4"/></item_property_overrides></item_modifier></append>
	<append xpath="/item_modifiers"><item_modifier name="modDyegreendark" installable_tags="clothing,armor,weapon,tool,vehicle,drone" modifier_tags="dye,modDyegreendark" type="attachment" cosmetic_install_chance="0.11"><property name="Extends" value="modGeneralMaster"/><property name="Group" value="Science"/><property name="DescriptionKey" value="modDyeGroupDesc"/><property name="CustomIcon" value="modDyeWhite"/><property name="CustomIconTint" value="23, 54, 13"/><property name="Material" value="Mpaint"/><property name="Weight" value="20"/><property name="EconomicValue" value="50"/><item_property_overrides name="*"><property name="TintColor" value="23, 54, 13"/><property name="CustomIconTint" value="23, 54, 13"/></item_property_overrides></item_modifier></append>
	<append xpath="/item_modifiers"><item_modifier name="modDyegreenlight" installable_tags="clothing,armor,weapon,tool,vehicle,drone" modifier_tags="dye,modDyegreenlight" type="attachment" cosmetic_install_chance="0.11"><property name="Extends" value="modGeneralMaster"/><property name="Group" value="Science"/><property name="DescriptionKey" value="modDyeGroupDesc"/><property name="CustomIcon" value="modDyeWhite"/><property name="CustomIconTint" value="140, 237, 140"/><property name="Material" value="Mpaint"/><property name="Weight" value="20"/><property name="EconomicValue" value="50"/><item_property_overrides name="*"><property name="TintColor" value="140, 237, 140"/><property name="CustomIconTint" value="140, 237, 140"/></item_property_overrides></item_modifier></append>
	<append xpath="/item_modifiers"><item_modifier name="modDyeorangebright" installable_tags="clothing,armor,weapon,tool,vehicle,drone" modifier_tags="dye,modDyeorangebright" type="attachment" cosmetic_install_chance="0.08"><property name="Extends" value="modGeneralMaster"/><property name="Group" value="Science"/><property name="DescriptionKey" value="modDyeGroupDesc"/><property name="CustomIcon" value="modDyeWhite"/><property name="CustomIconTint" value="255, 138, 3"/><property name="Material" value="Mpaint"/><property name="Weight" value="20"/><property name="EconomicValue" value="50"/><item_property_overrides name="*"><property name="TintColor" value="255, 138, 3"/><property name="CustomIconTint" value="255, 138, 3"/></item_property_overrides></item_modifier></append>
	<append xpath="/item_modifiers"><item_modifier name="modDyeorangedark" installable_tags="clothing,armor,weapon,tool,vehicle,drone" modifier_tags="dye,modDyeorangedark" type="attachment" cosmetic_install_chance="0.08"><property name="Extends" value="modGeneralMaster"/><property name="Group" value="Science"/><property name="DescriptionKey" value="modDyeGroupDesc"/><property name="CustomIcon" value="modDyeWhite"/><property name="CustomIconTint" value="220, 125, 15"/><property name="Material" value="Mpaint"/><property name="Weight" value="20"/><property name="EconomicValue" value="50"/><item_property_overrides name="*"><property name="TintColor" value="220, 125, 15"/><property name="CustomIconTint" value="220, 125, 15"/></item_property_overrides></item_modifier></append>
	<append xpath="/item_modifiers"><item_modifier name="modDyeorangelight" installable_tags="clothing,armor,weapon,tool,vehicle,drone" modifier_tags="dye,modDyeorangelight" type="attachment" cosmetic_install_chance="0.08"><property name="Extends" value="modGeneralMaster"/><property name="Group" value="Science"/><property name="DescriptionKey" value="modDyeGroupDesc"/><property name="CustomIcon" value="modDyeWhite"/><property name="CustomIconTint" value="194, 152, 105"/><property name="Material" value="Mpaint"/><property name="Weight" value="20"/><property name="EconomicValue" value="50"/><item_property_overrides name="*"><property name="TintColor" value="194, 152, 105"/><property name="CustomIconTint" value="194, 152, 105"/></item_property_overrides></item_modifier></append>
	<append xpath="/item_modifiers"><item_modifier name="modDyepinkbright" installable_tags="clothing,armor,weapon,tool,vehicle,drone" modifier_tags="dye,modDyepinkbright" type="attachment" cosmetic_install_chance="0.06"><property name="Extends" value="modGeneralMaster"/><property name="Group" value="Science"/><property name="DescriptionKey" value="modDyeGroupDesc"/><property name="CustomIcon" value="modDyeWhite"/><property name="CustomIconTint" value="220, 32, 245"/><property name="Material" value="Mpaint"/><property name="Weight" value="20"/><property name="EconomicValue" value="50"/><item_property_overrides name="*"><property name="TintColor" value="220, 32, 245"/><property name="CustomIconTint" value="220, 32, 245"/></item_property_overrides></item_modifier></append>
	<append xpath="/item_modifiers"><item_modifier name="modDyepinkdark" installable_tags="clothing,armor,weapon,tool,vehicle,drone" modifier_tags="dye,modDyepinkdark" type="attachment" cosmetic_install_chance="0.06"><property name="Extends" value="modGeneralMaster"/><property name="Group" value="Science"/><property name="DescriptionKey" value="modDyeGroupDesc"/><property name="CustomIcon" value="modDyeWhite"/><property name="CustomIconTint" value="120, 11, 135"/><property name="Material" value="Mpaint"/><property name="Weight" value="20"/><property name="EconomicValue" value="50"/><item_property_overrides name="*"><property name="TintColor" value="120, 11, 135"/><property name="CustomIconTint" value="120, 11, 135"/></item_property_overrides></item_modifier></append>
	<append xpath="/item_modifiers"><item_modifier name="modDyepinklight" installable_tags="clothing,armor,weapon,tool,vehicle,drone" modifier_tags="dye,modDyepinklight" type="attachment" cosmetic_install_chance="0.06"><property name="Extends" value="modGeneralMaster"/><property name="Group" value="Science"/><property name="DescriptionKey" value="modDyeGroupDesc"/><property name="CustomIcon" value="modDyeWhite"/><property name="CustomIconTint" value="250, 212, 255"/><property name="Material" value="Mpaint"/><property name="Weight" value="20"/><property name="EconomicValue" value="50"/><item_property_overrides name="*"><property name="TintColor" value="250, 212, 255"/><property name="CustomIconTint" value="250, 212, 255"/></item_property_overrides></item_modifier></append>
	<append xpath="/item_modifiers"><item_modifier name="modDyepurplebright" installable_tags="clothing,armor,weapon,tool,vehicle,drone" modifier_tags="dye,modDyepurplebright" type="attachment" cosmetic_install_chance="0.08"><property name="Extends" value="modGeneralMaster"/><property name="Group" value="Science"/><property name="DescriptionKey" value="modDyeGroupDesc"/><property name="CustomIcon" value="modDyeWhite"/><property name="CustomIconTint" value="101, 13, 217"/><property name="Material" value="Mpaint"/><property name="Weight" value="20"/><property name="EconomicValue" value="50"/><item_property_overrides name="*"><property name="TintColor" value="101, 13, 217"/><property name="CustomIconTint" value="101, 13, 217"/></item_property_overrides></item_modifier></append>
	<append xpath="/item_modifiers"><item_modifier name="modDyepurpledark" installable_tags="clothing,armor,weapon,tool,vehicle,drone" modifier_tags="dye,modDyepurpledark" type="attachment" cosmetic_install_chance="0.08"><property name="Extends" value="modGeneralMaster"/><property name="Group" value="Science"/><property name="DescriptionKey" value="modDyeGroupDesc"/><property name="CustomIcon" value="modDyeWhite"/><property name="CustomIconTint" value="37, 10, 64"/><property name="Material" value="Mpaint"/><property name="Weight" value="20"/><property name="EconomicValue" value="50"/><item_property_overrides name="*"><property name="TintColor" value="37, 10, 64"/><property name="CustomIconTint" value="37, 10, 64"/></item_property_overrides></item_modifier></append>
	<append xpath="/item_modifiers"><item_modifier name="modDyepurplelight" installable_tags="clothing,armor,weapon,tool,vehicle,drone" modifier_tags="dye,modDyepurplelight" type="attachment" cosmetic_install_chance="0.08"><property name="Extends" value="modGeneralMaster"/><property name="Group" value="Science"/><property name="DescriptionKey" value="modDyeGroupDesc"/><property name="CustomIcon" value="modDyeWhite"/><property name="CustomIconTint" value="172, 139, 217"/><property name="Material" value="Mpaint"/><property name="Weight" value="20"/><property name="EconomicValue" value="50"/><item_property_overrides name="*"><property name="TintColor" value="172, 139, 217"/><property name="CustomIconTint" value="172, 139, 217"/></item_property_overrides></item_modifier></append>
	<append xpath="/item_modifiers"><item_modifier name="modDyeredbright" installable_tags="clothing,armor,weapon,tool,vehicle,drone" modifier_tags="dye,modDyeredbright" type="attachment" cosmetic_install_chance="0.11"><property name="Extends" value="modGeneralMaster"/><property name="Group" value="Science"/><property name="DescriptionKey" value="modDyeGroupDesc"/><property name="CustomIcon" value="modDyeWhite"/><property name="CustomIconTint" value="212, 34, 38"/><property name="Material" value="Mpaint"/><property name="Weight" value="20"/><property name="EconomicValue" value="50"/><item_property_overrides name="*"><property name="TintColor" value="212, 34, 38"/><property name="CustomIconTint" value="212, 34, 38"/></item_property_overrides></item_modifier></append>
	<append xpath="/item_modifiers"><item_modifier name="modDyereddark" installable_tags="clothing,armor,weapon,tool,vehicle,drone" modifier_tags="dye,modDyereddark" type="attachment" cosmetic_install_chance="0.11"><property name="Extends" value="modGeneralMaster"/><property name="Group" value="Science"/><property name="DescriptionKey" value="modDyeGroupDesc"/><property name="CustomIcon" value="modDyeWhite"/><property name="CustomIconTint" value="107, 16, 18"/><property name="Material" value="Mpaint"/><property name="Weight" value="20"/><property name="EconomicValue" value="50"/><item_property_overrides name="*"><property name="TintColor" value="107, 16, 18"/><property name="CustomIconTint" value="107, 16, 18"/></item_property_overrides></item_modifier></append>
	<append xpath="/item_modifiers"><item_modifier name="modDyeredlight" installable_tags="clothing,armor,weapon,tool,vehicle,drone" modifier_tags="dye,modDyeredlight" type="attachment" cosmetic_install_chance="0.11"><property name="Extends" value="modGeneralMaster"/><property name="Group" value="Science"/><property name="DescriptionKey" value="modDyeGroupDesc"/><property name="CustomIcon" value="modDyeWhite"/><property name="CustomIconTint" value="207, 105, 108"/><property name="Material" value="Mpaint"/><property name="Weight" value="20"/><property name="EconomicValue" value="50"/><item_property_overrides name="*"><property name="TintColor" value="207, 105, 108"/><property name="CustomIconTint" value="207, 105, 108"/></item_property_overrides></item_modifier></append>
	<append xpath="/item_modifiers"><item_modifier name="modDyeyellowbright" installable_tags="clothing,armor,weapon,tool,vehicle,drone" modifier_tags="dye,modDyeyellowbright" type="attachment" cosmetic_install_chance="0.08"><property name="Extends" value="modGeneralMaster"/><property name="Group" value="Science"/><property name="DescriptionKey" value="modDyeGroupDesc"/><property name="CustomIcon" value="modDyeWhite"/><property name="CustomIconTint" value="252, 204, 30"/><property name="Material" value="Mpaint"/><property name="Weight" value="20"/><property name="EconomicValue" value="50"/><item_property_overrides name="*"><property name="TintColor" value="252, 204, 30"/><property name="CustomIconTint" value="252, 204, 30"/></item_property_overrides></item_modifier></append>
	<append xpath="/item_modifiers"><item_modifier name="modDyeyellowdark" installable_tags="clothing,armor,weapon,tool,vehicle,drone" modifier_tags="dye,modDyeyellowdark" type="attachment" cosmetic_install_chance="0.08"><property name="Extends" value="modGeneralMaster"/><property name="Group" value="Science"/><property name="DescriptionKey" value="modDyeGroupDesc"/><property name="CustomIcon" value="modDyeWhite"/><property name="CustomIconTint" value="150, 121, 12"/><property name="Material" value="Mpaint"/><property name="Weight" value="20"/><property name="EconomicValue" value="50"/><item_property_overrides name="*"><property name="TintColor" value="150, 121, 12"/><property name="CustomIconTint" value="150, 121, 12"/></item_property_overrides></item_modifier></append>
	<append xpath="/item_modifiers"><item_modifier name="modDyeyellowlight" installable_tags="clothing,armor,weapon,tool,vehicle,drone" modifier_tags="dye,modDyeyellowlight" type="attachment" cosmetic_install_chance="0.08"><property name="Extends" value="modGeneralMaster"/><property name="Group" value="Science"/><property name="DescriptionKey" value="modDyeGroupDesc"/><property name="CustomIcon" value="modDyeWhite"/><property name="CustomIconTint" value="250, 237, 190"/><property name="Material" value="Mpaint"/><property name="Weight" value="20"/><property name="EconomicValue" value="50"/><item_property_overrides name="*"><property name="TintColor" value="250, 237, 190"/><property name="CustomIconTint" value="250, 237, 190"/></item_property_overrides></item_modifier></append>

						
			
<!--Existing Dyes to show up on crafting list-->
		<append xpath="/item_modifiers/item_modifier[@name='modDyeRed']"><property name="Group" value="Science"/></append>
		<append xpath="/item_modifiers/item_modifier[@name='modDyeGreen']"><property name="Group" value="Science"/></append>
		<append xpath="/item_modifiers/item_modifier[@name='modDyeBlack']"><property name="Group" value="Science"/></append>
		<append xpath="/item_modifiers/item_modifier[@name='modDyeBlue']"><property name="Group" value="Science"/></append>
		<append xpath="/item_modifiers/item_modifier[@name='modDyeBrown']"><property name="Group" value="Science"/></append>
		<append xpath="/item_modifiers/item_modifier[@name='modDyePink']"><property name="Group" value="Science"/></append>
		<append xpath="/item_modifiers/item_modifier[@name='modDyePurple']"><property name="Group" value="Science"/></append>
		<append xpath="/item_modifiers/item_modifier[@name='modDyeYellow']"><property name="Group" value="Science"/></append>
		<append xpath="/item_modifiers/item_modifier[@name='modDyeOrange']"><property name="Group" value="Science"/></append>


</AGFVanillaPlus-DyesPlus>
