<AGFVanillaPlus-FloraHarvester>

		

	<append xpath="/progression/crafting_skills/crafting_skill[@name='craftingArmor']/display_entry[@icon='armorLumberjackHelmet']/unlock_entry/@item">,modArmorLumberjack</append>
	<append xpath="/progression/crafting_skills/crafting_skill[@name='craftingArmor']/display_entry[@icon='armorAssassinHelmet']/unlock_entry/@item">,modArmorFarmer,modArmorScavenger</append>	
	<append xpath="/progression/crafting_skills/crafting_skill[@name='craftingArmor']/display_entry[@icon='armorRaiderHelmet']/unlock_entry/@item">,modArmorMiner</append>

	<append xpath="/progression/crafting_skills/crafting_skill[@name='craftingArmor']/display_entry[@icon='armorLumberjackHelmet']/unlock_entry/@recipes">,modArmorLumberjack</append>
	<append xpath="/progression/crafting_skills/crafting_skill[@name='craftingArmor']/display_entry[@icon='armorAssassinHelmet']/unlock_entry/@recipes">,modArmorFarmer,modArmorScavenger</append>	
	<append xpath="/progression/crafting_skills/crafting_skill[@name='craftingArmor']/display_entry[@icon='armorRaiderHelmet']/unlock_entry/@recipes">,modArmorMiner</append>
	
	<append xpath="/progression/crafting_skills/crafting_skill[@name='craftingArmor']/effect_group/passive_effect[@level='11,100']/@tags">,modArmorFarmer,modArmorMiner,modArmorScavenger,modArmorLumberjack</append>
	<append xpath="/progression/crafting_skills/crafting_skill[@name='craftingArmor']/effect_group/passive_effect[@level='20,40,60,80,100']/@tags">,modArmorFarmer,modArmorMiner,modArmorScavenger,modArmorLumberjack</append>




</AGFVanillaPlus-FloraHarvester>

 