<AGFVanillaPlus-Core>



	<!--Making the new powered doors' recipe unlock as intended with crafting electrician-->
		<append xpath="/progression/crafting_skills/crafting_skill[@name='craftingElectrician']/effect_group/passive_effect[@level='75,100']/@tags">,miscwoodPoweredDoorVariantHelper,miscironPoweredDoorVariantHelper,miscsteelPoweredDoorVariantHelper</append>
		<set xpath="/progression/crafting_skills/crafting_skill[@name='craftingElectrician']/display_entry[@icon='batterybank']/unlock_entry/@item">batterybank,metalReinforcedWoodDrawBridgePowered,miscwoodPoweredDoorVariantHelper,miscironPoweredDoorVariantHelper,miscsteelPoweredDoorVariantHelper</set>

	<!--Removes Car Battery tiers within the crafting skills-->
		<set xpath="/progression/crafting_skills/crafting_skill[@name='craftingElectrician']/display_entry[@icon='carBattery']/@has_quality">false</set>
		<set xpath="/progression/crafting_skills/crafting_skill[@name='craftingElectrician']/display_entry[@icon='carBattery']/@unlock_level">60</set>
		<remove xpath="/progression/crafting_skills/crafting_skill[@name='craftingElectrician']/effect_group/passive_effect[@name='CraftingTier']"/>		
		<set xpath="/progression/crafting_skills/crafting_skill[@name='craftingElectrician']/effect_group/passive_effect[@tags='carBattery']/@level">60,100</set>

	<!--Mining Plus, adds clay, sand, and brass to mining bundle perk-->
		<append xpath="/progression/perks/book[@name='perkArtOfMiningPallets']/effect_group/passive_effect[@name='RecipeTagUnlocked']/@tags">,resourceClayLumpBundle,resourceCrushedSandBundle,resourceScrapBrassBundle</append>



</AGFVanillaPlus-Core>

 