<AGF-HUDPlus-SkullsOnHUD>


	<!--Return of the skulls on the HUD, not AGF's preference but understands others preferences.-->
		<set xpath="/windows/window[@name='windowLocation']/label/@pos">0,2</set>
		
		<append xpath="/windows/window[@name='windowLocation']">
			<grid pos="244, -28" pivot="right" cols="8" cell_width="18" cell_height="16">
				<sprite depth="2" name="windowicon" width="16" height="16" sprite="ui_game_symbol_skull" color="{difficultycolor1}" visible="{visible1}" />
				<sprite depth="2" name="windowicon" width="16" height="16" sprite="ui_game_symbol_skull" color="{difficultycolor2}" visible="{visible2}"/>
				<sprite depth="2" name="windowicon" width="16" height="16" sprite="ui_game_symbol_skull" color="{difficultycolor3}" visible="{visible3}"/>
				<sprite depth="2" name="windowicon" width="16" height="16" sprite="ui_game_symbol_skull" color="{difficultycolor4}" visible="{visible4}"/>
				<sprite depth="2" name="windowicon" width="16" height="16" sprite="ui_game_symbol_skull" color="{difficultycolor5}" visible="{visible5}"/>
				<sprite depth="2" name="windowicon" width="16" height="16" sprite="ui_game_symbol_skull" color="{difficultycolor6}" visible="{visible6}"/>
				<sprite depth="2" name="windowicon" width="16" height="16" sprite="ui_game_symbol_skull" color="{difficultycolor7}" visible="{visible7}"/>
				<rect width="16" height="16" visible="{visible_half}">
					<sprite depth="2" name="windowicon" width="16" height="16" sprite="ui_game_symbol_skull" type="filled" fill="0.5" color="255,128,0"/>
					<sprite depth="2" name="windowicon" width="16" height="16" sprite="ui_game_symbol_skull" type="filled" fill="0.5" fillinvert="true"  color="[lightGrey]"/>
				</rect>
			</grid>
		</append>

</AGF-HUDPlus-SkullsOnHUD>