<AGFVanillaPlus-MasterTool>
<!--
<append xpath="/item_modifiers">

	
	<item_modifier name="modMasterToolHarvesting" installable_tags="masterTool" type="attachment">
		<property name="Extends" value="modGeneralMaster"/>
		<property name="CustomIcon" value="modArmorStrength"/>
		
		<effect_group>
			<passive_effect name="HarvestCount" operation="base_add" value="1" tags="allHarvest"/>
			<passive_effect name="HarvestCount" operation="base_add" value="1" tags="allToolsHarvest"/>				
			<passive_effect name="HarvestCount" operation="base_add" value="1" tags="oreWoodHarvest"/>
			
			
			<passive_effect name="DamageModifier" operation="perc_add" value="1" tags="earth"/>
			<passive_effect name="DamageModifier" operation="perc_add" value="1" tags="stone"/>
			<passive_effect name="DamageModifier" operation="perc_add" value="1" tags="metal"/>
			<passive_effect name="DamageModifier" operation="perc_add" value="1" tags="wood"/>
			<passive_effect name="DamageModifier" operation="perc_add" value="1" tags="cloth"/>
			<passive_effect name="DamageModifier" operation="perc_add" value="1" tags="glass"/>
		</effect_group>		
	</item_modifier>
	
	
	<item_modifier name="modMasterToolButchering" installable_tags="masterTool" type="attachment">
		<property name="Extends" value="modGeneralMaster"/>
		<property name="CustomIcon" value="modArmorAgility"/>
		
		<effect_group>
			<passive_effect name="HarvestCount" operation="base_add" value="1" tags="butcherHarvest"/>
			<passive_effect name="DamageModifier" operation="perc_add" value="1" tags="organic"/>
		</effect_group>		
	</item_modifier>	
	
	<item_modifier name="modMasterToolSalvaging" installable_tags="masterTool" type="attachment">
		<property name="Extends" value="modGeneralMaster"/>
		<property name="CustomIcon" value="modArmorPerception"/>
		
		<effect_group>
			<passive_effect name="HarvestCount" operation="base_add" value="1" tags="salvageHarvest"/>
		</effect_group>		
	</item_modifier>		
	


</append>

-->



</AGFVanillaPlus-MasterTool>