<AGFVanillaPlus-MasterTool>

<!--The point of this section is to make one of the final tasks of getting the master tool schematic a difficult yet team appropriate challenge.
For now, this is in progress and may or may not come to completion depending on the next updates of 7d2d.-->
<!--<append xpath="/quests">

	<quest id="treasure_MasterTool">
		<property name="name_key" value="treasure_MasterTool" param1="name"/>
		<property name="subtitle_key" value="treasure_MasterTool" param1="name"/>
		<property name="description_key" value="treasure_MasterTool_offer" param1="offer"/>
		<property name="icon" value="ui_game_symbol_treasure"/>
		<property name="difficulty_tier" value="6" param1="difficulty"/>
		<property name="statement_key" value="quest_buried_supplies_statement"/>
		<property name="response_key" value="quest_buried_supplies_response"/>
		<property name="repeatable" value="true"/>
		<property name="category_key" value="treasure"/>
		<property name="offer_key" value="treasure_MasterTool_offer" param1="offer"/>
		<property name="add_to_tier_complete" value="false"/>
		<property name="shareable" value="false"/>	
		<property name="login_rally_reset" value="false"/>			
		
		<objective type="RandomGotoNPC" phase="1">
			<property name="completion_distance" value="20"/>
			<property name="distance" value="1000-6000"/>
			<property name="nav_object" value="quest"/>
		</objective>

		<objective type="RallyPoint">
			<property name="start_mode" value="Create"/>
			<property name="phase" value="2"/>
			<property name="nav_object" value="rally"/>
		</objective>

		<objective type="StayWithin">
			<property name="phase" value="3"/>
			<property name="radius" value="100"/>
		</objective>

		<objective type="TreasureChest">
			<property name="phase" value="3"/>
			<property name="block" value="cntMasterToolSchematic" param1="container"/>
			<property name="default_radius" value="50" param1="radius"/>
			<property name="container_type" value="Supplies"/>
			<property name="nav_object" value="treasure"/>
			<property name="direct_nav_object" value="treasure_direct"/>
			<property name="blocks_per_reduction" value="3"/>
			<property name="radius_reduction_sound" value="ui_radius_shrink"/>
			<property name="use_nearby" value="true"/>
			<property name="explosion_event" value="quest_treasure_explosion_horde"/>
		</objective>

		<event type="TreasureRadiusReduction">
			<action type="SpawnGSEnemy">
				<property name="gamestage_list" value="SleeperGSList"/>
				<property name="count" value="10" param1="spawn_count"/>
			</action>
		</event>

		<objective type="FetchFromTreasure">
			<property name="phase" value="3"/>
			<property name="block" value="cntBuriedFoodStashChest" param1="container"/>
			<property name="quest_item_ID" value="1"/>
			<property name="item_count" value="1"/>
		</objective>

		<action type="SpawnGSEnemy">
			<property name="gamestage_list" value="SleeperGSList"/>
			<property name="count" value="30" param1="finish_spawn_count"/>
			<property name="phase" value="4"/>
		</action>

		<reward type="Exp" value="2500"/>		
		

	</quest>

</append>-->




</AGFVanillaPlus-MasterTool>



	<!--<variable name="biome_filter_type" value="OnlyBiome"/>
		<variable name="biome_filter" value="wasteland"/>	
		<variable name="name" value="quest_tier2_buried_supplies"/>
		<variable name="offer" value="quest_tier1_buried_supplies_offer"/>
		<variable name="difficulty" value="2"/>
		<variable name="radius" value="7"/>
		<variable name="spawn_chance" value="0.5"/>
		<variable name="spawn_count" value="2-4"/>
		<variable name="finish_spawn_count" value="5-7"/>
		<variable name="container" value="cntMasterToolSchematic"/>
		
		<objective type="RandomGotoNPC" phase="1">
			<property name="completion_distance" value="20"/>
			<property name="distance" value="100-5000"/>
			<property name="nav_object" value="quest"/>
		</objective>

		<objective type="RallyPoint">
			<property name="start_mode" value="Create"/>
			<property name="phase" value="2"/>
			<property name="nav_object" value="rally"/>
			
			<property name="activate_event" value="quest_treasure_replace_road"/>
		</objective>		
		
		
		
		<objective type="TreasureChest" >			
			<property name="block" value="cntMasterToolSchematic"/>
			<property name="alt_block" value="cntMasterToolSchematicInsecure"/>
			<property name="distance" value="100-5000"/>
			<property name="nav_object" value="treasure"/>			
			<property name="direct_nav_object" value="treasure_direct"/>
			<property name="blocks_per_reduction" value="3"/>
			<property name="radius_reduction_sound" value="ui_radius_shrink"/>
			<property name="explosion_event" value="quest_treasure_explosion_horde"/>						
			<property name="default_radius" value="50"/>		
		</objective>		
		
		<objective type="StayWithin">
			<property name="phase" value="3"/>
			<property name="radius" value="25"/>
		</objective>
		
		
		<event type="TreasureRadiusReduction">
			<action type="SpawnGSEnemy">
				<property name="gamestage_list" value="SleeperGSList"/>
				<property name="count" value="10" param1="spawn_count"/>
			</action>
		</event>

		<action type="SpawnGSEnemy">
			<property name="phase" value="4"/>
			<property name="gamestage_list" value="SleeperGSList"/>
			<property name="count" value="30" param1="finish_spawn_count"/>
		</action>

		<reward type="Exp" value="1000"/>-->
	