<AGFVanillaPlus-VehicleSeating>



<!--Bicycle Seats, 1 extra-->	
		<append xpath="/vehicles/vehicle[@name='vehicleBicycle']">
			<property class="seat1">
				<property name="class" value="Seat"/>
				<property name="position" value="0, .472, -.33"/>
				<property name="rotation" value="0, 0, 0"/>
				<property name="exit" value="-.8,0,0 ~ .8,0,0 ~ 0,0,-1.4 ~ 0,0,1.4 ~ 0,1.5,0"/>
				<property name="IKHandLPosition" value="-.27, .87, .14"/>
				<property name="IKHandLRotation" value="41, -30, 18"/>
				<property name="IKHandRPosition" value=".27, .87, .14"/>
				<property name="IKHandRRotation" value="41, 30, -18"/>
			</property>
		</append>
		
		

<!--(From A21) Notes on Positions, rotations, and exits.

		Seat Position Information:
		1st pos, is Left-Right,
		2nd pos, is Up-down, 
		3rd pos, is front-back
		
		Seat Rotation Information:
		1st rot, Spinning on the x-axis. Leaning forward or backwards
		2nd rot, Spinning on the y-axis. Facing front, left, right, backwards, etc.
		3rd rot, Spinning on the z-axis. Leaning left, right, upside down, etc.
		(FOR ROTATIONS, using a negative (-) makes the spinning go counter clockwise)

	Under "Exit" the "~" means "or". Coordinates given are optional exits in case exits are blocked.
	
	Exit of the gyrocopter gives "left ~ right ~ behind ~ infront ~ above" exit options
	With the truck, similar but to each side.

-->
</AGFVanillaPlus-VehicleSeating>