<AGFVanillaPlus-MacheteFasterMod>


<!--The battle axe mod-->
	<append xpath="/item_modifiers">
		<item_modifier name="modMeleeMacheteGripMod" installable_tags="machete"  blocked_tags="noMods" type="attachment">
			<property name="CustomIcon" value="modMeleeFortifyingGrip"/><property name="CustomIconTint" value="149,52,54"/>
			<property name="DescriptionKey" value="modMeleeMacheteGripModDesc"/>
			<property name="Extends" value="modGeneralMaster"/>
			<property name="UnlockedBy" value="modMeleeBattleAxeModSchematic"/>
			<property name="TraderStageTemplate" value="modsTier3"/>
			<effect_group tiered="false">
				<passive_effect name="EntityDamage" operation="perc_add" value="-.2"/>
				<passive_effect name="AttacksPerMinute" operation="perc_add" value=".4" tags="primary"/>
				<passive_effect name="AttacksPerMinute" operation="perc_add" value=".2" tags="secondary"/>
			</effect_group>
		</item_modifier>
	</append>



</AGFVanillaPlus-MacheteFasterMod>
