<AGFVanillaPlus-SmeltingPlus>

			
<!--SMELTING PLUS (Beta, but safe to remove at any time.)
	Feature: 	Crushed Sand has the same weight as rocks and clay. Full stack of 6,000 puts 30,000 into forge.
				Smelt the bundled resources into the forge for strategic smelting, and equal to vanilla.
	
	Default: 	Full stack of crushed sand (6,000) puts 24,000 sand into forge.
				Bundles are NOT smeltable.
	
	XML's: 		items, recipes, localization
	
	Why: 		Attempting some vanilla-esque methods to improve smelting production and simplicity.
				This may not actually simplify it as only the resources that take 30,000k to fill the forge benefits.
				You can see exactly how much time it takes to fill a forge.
	
	Delete?: 	This section is safe to delete as no new items are created.
	
	Code:		The Smelting Plus section MUST come after the Bundle section.
				For the crushed sand, just changed the weight to 5 per unit.
				For the bundles, changed the materials and weight, then matched melt time per unit.-->
		
		<!--Make crushed sand smelting amount equal to stones and clay. 1 full stack of 6,000 will fill it-->
		<set xpath="/items/item[@name='resourceCrushedSand']/property[@name='Weight']/@value">5</set>

		<!--Smelt Bundles directly-->
		<set xpath="/items/item[@name='resourceRockSmallBundle']/property[@name='Material']/@value">MresourceRockSmall</set>
		<append xpath="/items/item[@name='resourceRockSmallBundle']">
			<property name="Weight" value="30000"/><!--takes just 1 bundle to fill forge slot-->
			<property name="MeltTimePerUnit" value=".5"/><!--without bellows, 250 minutes to fill forge slot-->
		</append>
		
		<append xpath="/items/item[@name='resourceScrapIronBundle']">
			<porperty name="Material" value="MresourceScrapIron"/>
			<property name="Weight" value="6000"/><!--takes 5 bundles to fill forge slot-->
			<property name="MeltTimePerUnit" value="1"/><!--without bellows, 500 minutes to fill forge slot-->
		</append>
		
		<append xpath="/items/item[@name='resourceLeadBundle']">
			<porperty name="Material" value="MresourceScrapLeadSmall"/>
			<property name="Weight" value="6000"/><!--takes 5 bundles to fill forge slot-->
			<property name="MeltTimePerUnit" value="1"/><!--without bellows, 500 minutes to fill forge slot-->
		</append>
		
		<append xpath="/items/item[@name='resourceScrapBrassBundle']">
			<porperty name="Material" value="MresourceScrapBrassSmall"/>
			<property name="Weight" value="6000"/><!--takes 5 bundles to fill forge slot-->
			<property name="MeltTimePerUnit" value=".4"/><!--without bellows, 200 minutes to fill forge slot-->
		</append>
		
		<append xpath="/items/item[@name='resourceCrushedSandBundle']">
			<porperty name="Material" value="MresourceCrushedSand"/>
			<property name="Weight" value="30000"/><!--takes just 1 bundle to fill forge slot-->
			<property name="MeltTimePerUnit" value="1"/><!--without bellows, 500 minutes to fill forge slot-->
		</append>

		<append xpath="/items/item[@name='resourceClayLumpBundle']">
			<porperty name="Material" value="MresourceClayLump"/>
			<property name="Weight" value="30000"/><!--takes just 1 bundle to fill forge slot-->
			<property name="MeltTimePerUnit" value="1"/><!--without bellows, 500 minutes to fill forge slot-->
		</append>

		<!--Forge Resource Management-->
		<append xpath="/items">
			<item name="resourceClayLumpTrash"> 
				<property name="HoldType" value="45"/>
				<property name="CustomIcon" value="resourceClayLump"/>
				<property name="CustomIconTint" value="525354"/>
				<property name="Meshfile" value="@:Other/Items/Misc/sackPrefab.prefab"/>
				<property name="DropMeshfile" value="@:Other/Items/Misc/sack_droppedPrefab.prefab"/>
				<property name="Material" value="MresourceClayLump"/>
				<property name="Weight" value="1"/>
				<property name="Stacknumber" value="50"/> 
				<property name="Group" value="Resources"/>
				<property name="MeltTimePerUnit" value=".2"/>
			</item>
			<item name="resourceCrushedSandTrash"> 
				<property name="HoldType" value="45"/>
				<property name="CustomIcon" value="resourceCrushedSand"/>
				<property name="CustomIconTint" value="525354"/>
				<property name="Meshfile" value="@:Other/Items/Misc/sackPrefab.prefab"/>
				<property name="DropMeshfile" value="@:Other/Items/Misc/sack_droppedPrefab.prefab"/>
				<property name="Material" value="MresourceCrushedSand"/>
				<property name="Weight" value="1"/>
				<property name="Stacknumber" value="50"/> 
				<property name="Group" value="Resources"/>
				<property name="MeltTimePerUnit" value=".2"/>
			</item>
			<item name="resourceRockSmallTrash"> 
				<property name="HoldType" value="45"/>
				<property name="CustomIcon" value="resourceRockSmall"/>
				<property name="CustomIconTint" value="525354"/>
				<property name="Meshfile" value="@:Other/Items/Misc/sackPrefab.prefab"/>
				<property name="DropMeshfile" value="@:Other/Items/Misc/sack_droppedPrefab.prefab"/>
				<property name="Material" value="MresourceRockSmall"/>
				<property name="Weight" value="1"/>
				<property name="Stacknumber" value="50"/> 
				<property name="Group" value="Resources"/>
				<property name="MeltTimePerUnit" value=".2"/>
			</item>
		</append>
	
	
	
</AGFVanillaPlus-SmeltingPlus>