<AGFVanillaPlus-ToolImprovements>

		
	<!--TOOL IMPROVEMENTS-->
		<!--repair/upgrade improvement, better the tool also speeds up slightly more than previous-->
			<set xpath="/items/item[@name='meleeToolRepairT1ClawHammer']/property[@class='Action1']/property[@name='Delay']/@value">.5</set><!--slightly speeds up the upgrade/repair speed of original-->


		<!--Salvage tools improvement, better the tool also speeds up slightly more than previous-->
			<set xpath="/items/item[@name='meleeToolSalvageT2Ratchet']/effect_group/passive_effect[@name='AttacksPerMinute']/@value">55</set>
			<set xpath="/items/item[@name='meleeToolSalvageT3ImpactDriver']/effect_group/passive_effect[@name='AttacksPerMinute']/@value">60</set>


		<!--Chainsaw can "butcher" like other axes, only 70% of the harvest count-->
			<append xpath="/items/item[@name='meleeToolAxeT3Chainsaw']/property[@class='Action0']">
				<property name="ToolCategory.Butcher" value="0" param1="4"/>
			</append>
			<append xpath="/items/item[@name='meleeToolAxeT3Chainsaw']/effect_group[@name='meleeToolAxeT3Chainsaw']">
				<passive_effect name="HarvestCount" operation="base_set" value=".7" tags="butcherHarvest"/>
			</append>
	
		
</AGFVanillaPlus-ToolImprovements>

