<AGFVanillaPlus-StacksBundlesAmmoPlus>


	<!-- All Archery uses Feathers AND feathers may be made from plastic.-->
			<!--THESE LINES OF CODES MUST COME BEFORE BUNDLESPLUS-->
			<remove xpath="/recipes/recipe[contains(@name,'Arrow')]/ingredient[@name='resourceScrapPolymers']"/>
			<remove xpath="/recipes/recipe[contains(@name,'Bolt')]/ingredient[@name='resourceScrapPolymers']"/>
			<append xpath="/recipes/recipe[@name='ammoArrowFlaming']"><ingredient name="resourceFeather" count="1"/></append>
			<append xpath="/recipes/recipe[@name='ammoBundleArrowFlaming']"><ingredient name="resourceFeather" count="80"/></append>
			<append xpath="/recipes/recipe[@name='ammoArrowExploding']"><ingredient name="resourceFeather" count="1"/></append>
			<append xpath="/recipes/recipe[@name='ammoBundleArrowExploding']"><ingredient name="resourceFeather" count="60"/></append>
			<append xpath="/recipes/recipe[@name='ammoArrowSteelAP']"><ingredient name="resourceFeather" count="1"/></append>
			<append xpath="/recipes/recipe[@name='ammoBundleArrowSteelAP']"><ingredient name="resourceFeather" count="80"/></append>
			<append xpath="/recipes/recipe[@name='ammoCrossbowBoltFlaming']"><ingredient name="resourceFeather" count="1"/></append>
			<append xpath="/recipes/recipe[@name='ammoBundleCrossbowBoltFlaming']"><ingredient name="resourceFeather" count="80"/></append>
			<append xpath="/recipes/recipe[@name='ammoCrossbowBoltExploding']"><ingredient name="resourceFeather" count="1"/></append>
			<append xpath="/recipes/recipe[@name='ammoBundleCrossbowBoltExploding']"><ingredient name="resourceFeather" count="60"/></append>
			<append xpath="/recipes/recipe[@name='ammoCrossbowBoltSteelAP']"><ingredient name="resourceFeather" count="1"/></append>
			<append xpath="/recipes/recipe[@name='ammoBundleCrossbowBoltSteelAP']"><ingredient name="resourceFeather" count="80"/></append>
			
			<!--Make Feathers out of plastic!-->
			<append xpath="/recipes">
				<recipe name="resourceFeather" count="1" craft_time="1" craft_area="workbench">
					<ingredient name="resourceScrapPolymers" count="2"/>
				</recipe>	
			</append>	



	<!--BUNDLES PLUS-->		
			<!--Due to changes in stack sizes and an explotation, removed xp gain from Mining Pallet Bundling-->
			<setattribute xpath="/recipes/recipe[@name='resourceRockSmallBundle']" name="craft_exp_gain">0</setattribute>
			<setattribute xpath="/recipes/recipe[@name='resourceWoodBundle']" name="craft_exp_gain">0</setattribute>
			<setattribute xpath="/recipes/recipe[@name='resourceScrapIronBundle']" name="craft_exp_gain">0</setattribute>
			<setattribute xpath="/recipes/recipe[@name='resourcePotassiumNitratePowderBundle']" name="craft_exp_gain">0</setattribute>
			<setattribute xpath="/recipes/recipe[@name='resourceLeadBundle']" name="craft_exp_gain">0</setattribute>
			<setattribute xpath="/recipes/recipe[@name='resourceCoalBundle']" name="craft_exp_gain">0</setattribute>
			<setattribute xpath="/recipes/recipe[@name='resourceOilShaleBundle']" name="craft_exp_gain">0</setattribute>	
			
			<!--reduced bundling time from 10 seconds to 2-->
			<setattribute xpath="/recipes/recipe[@name='resourceRockSmallBundle']" name="craft_time">2</setattribute>
			<setattribute xpath="/recipes/recipe[@name='resourceWoodBundle']" name="craft_time">2</setattribute>
			<setattribute xpath="/recipes/recipe[@name='resourceScrapIronBundle']" name="craft_time">2</setattribute>
			<setattribute xpath="/recipes/recipe[@name='resourcePotassiumNitratePowderBundle']" name="craft_time">2</setattribute>
			<setattribute xpath="/recipes/recipe[@name='resourceLeadBundle']" name="craft_time">2</setattribute>
			<setattribute xpath="/recipes/recipe[@name='resourceCoalBundle']" name="craft_time">2</setattribute>
			<setattribute xpath="/recipes/recipe[@name='resourceOilShaleBundle']" name="craft_time">2</setattribute>	
		

		<!--RebundleBundles-->
		<append xpath="/recipes">
			<recipe name="ammoGasCanBundle" count="1" craft_time="2" craft_exp_gain="0" tags="learnable">					<ingredient name="ammoGasCan" count="30000"/></recipe>			
			<recipe name="resourceGunPowderBundle" count="1" craft_time="2" craft_exp_gain="0" tags="learnable">			<ingredient name="resourceGunPowder" count="1000"/></recipe>
			<recipe name="resourceLockPickBundle" count="1" craft_time="2" craft_exp_gain="0" tags="learnable">				<ingredient name="resourceLockPick" count="50"/></recipe>
		</append>

		<append xpath="/recipes">
			<recipe name="ammoBundle9mmBulletBall" count="1" craft_time="2" craft_exp_gain="0" tags="learnable">			<ingredient name="ammo9mmBulletBall" count="500"/></recipe>
			<recipe name="ammoBundle9mmBulletHP" count="1" craft_time="2" craft_exp_gain="0" tags="learnable">				<ingredient name="ammo9mmBulletHP" count="500"/></recipe>
			<recipe name="ammoBundle9mmBulletAP" count="1" craft_time="2" craft_exp_gain="0" tags="learnable">				<ingredient name="ammo9mmBulletAP" count="500"/></recipe>
			<recipe name="ammoBundle44MagnumBulletBall" count="1" craft_time="2" craft_exp_gain="0" tags="learnable">		<ingredient name="ammo44MagnumBulletBall" count="500"/></recipe>
			<recipe name="ammoBundle44MagnumBulletHP" count="1" craft_time="2" craft_exp_gain="0" tags="learnable">			<ingredient name="ammo44MagnumBulletHP" count="500"/></recipe>	
			<recipe name="ammoBundle44MagnumBulletAP" count="1" craft_time="2" craft_exp_gain="0" tags="learnable">			<ingredient name="ammo44MagnumBulletAP" count="500"/></recipe>	
			<recipe name="ammoBundle762mmBulletBall" count="1" craft_time="2" craft_exp_gain="0" tags="learnable">			<ingredient name="ammo762mmBulletBall" count="500"/></recipe>	
			<recipe name="ammoBundle762mmBulletHP" count="1" craft_time="2" craft_exp_gain="0" tags="learnable">			<ingredient name="ammo762mmBulletHP" count="500"/></recipe>	
			<recipe name="ammoBundle762mmBulletAP" count="1" craft_time="2" craft_exp_gain="0" tags="learnable">			<ingredient name="ammo762mmBulletAP" count="500"/></recipe>	
			<recipe name="ammoBundleShotgunShell" count="1" craft_time="2" craft_exp_gain="0" tags="learnable">				<ingredient name="ammoShotgunShell" count="500"/></recipe>
			<recipe name="ammoBundleShotgunSlug" count="1" craft_time="2" craft_exp_gain="0" tags="learnable">				<ingredient name="ammoShotgunSlug" count="500"/></recipe>
			<recipe name="ammoBundleShotgunBreachingSlug" count="1" craft_time="2" craft_exp_gain="0" tags="learnable">		<ingredient name="ammoShotgunBreachingSlug" count="500"/></recipe>
			<recipe name="ammoBundleJunkTurretRegular" count="1" craft_time="2" craft_exp_gain="0" tags="learnable">		<ingredient name="ammoJunkTurretRegular" count="1000"/></recipe>	
			<recipe name="ammoBundleJunkTurretShell" count="1" craft_time="2" craft_exp_gain="0" tags="learnable">			<ingredient name="ammoJunkTurretShell" count="1000"/></recipe>
			<recipe name="ammoBundleJunkTurretAP" count="1" craft_time="2" craft_exp_gain="0" tags="learnable">				<ingredient name="ammoJunkTurretAP" count="1000"/></recipe>	
			<recipe name="ammoBundleArrowFlaming" count="1" craft_time="2" craft_exp_gain="0" tags="learnable">				<ingredient name="ammoArrowFlaming" count="500"/></recipe>	
			<recipe name="ammoBundleArrowExploding" count="1" craft_time="2" craft_exp_gain="0" tags="learnable">			<ingredient name="ammoArrowExploding" count="500"/></recipe>
			<recipe name="ammoBundleArrowIron" count="1" craft_time="2" craft_exp_gain="0" tags="learnable">				<ingredient name="ammoArrowIron" count="500"/></recipe>
			<recipe name="ammoBundleArrowSteelAP" count="1" craft_time="2" craft_exp_gain="0" tags="learnable">				<ingredient name="ammoArrowSteelAP" count="500"/></recipe>	
			<recipe name="ammoBundleArrowStone" count="1" craft_time="2" craft_exp_gain="0" tags="learnable">				<ingredient name="ammoArrowStone" count="500"/></recipe>	
			<recipe name="ammoBundleCrossbowBoltFlaming" count="1" craft_time="2" craft_exp_gain="0" tags="learnable">		<ingredient name="ammoCrossbowBoltFlaming" count="500"/></recipe>	
			<recipe name="ammoBundleCrossbowBoltExploding" count="1" craft_time="2" craft_exp_gain="0" tags="learnable">	<ingredient name="ammoCrossbowBoltExploding" count="500"/></recipe>	
			<recipe name="ammoBundleCrossbowBoltIron" count="1" craft_time="2" craft_exp_gain="0" tags="learnable">			<ingredient name="ammoCrossbowBoltIron" count="500"/></recipe>	
			<recipe name="ammoBundleCrossbowBoltSteelAP" count="1" craft_time="2" craft_exp_gain="0" tags="learnable">		<ingredient name="ammoCrossbowBoltSteelAP" count="500"/></recipe>
			<recipe name="ammoBundleCrossbowBoltStone" count="1" craft_time="2" craft_exp_gain="0" tags="learnable">		<ingredient name="ammoCrossbowBoltStone" count="500"/></recipe>
		</append>	





	<!--BUNDLE INGREDIENT counts to represent stack size improvements-->		


		<set xpath="/recipes/recipe[@name='ammoGasCanBundle']/ingredient[@name='resourceOilShale']/@count">12000</set>
			<!--AMMO GAS CAN MATH NOTES for NEW BUNDLE RECIPE
			Vanilla
			1 resourceOilShale makes 2 ammoGasCan;   			1 to 2, 	Example: 100 resourceOilShale makes 200 ammoGasCan

			2000 resourceOilShale makes 1 ammoGasCanBundle; 	2 to 5, 	Example: 100 resourceOilShale makes 250 ammoGasCan, creates 20% more ammoGasCan when made in a bundle.
			1 ammoGasCanBundle creates 5000 ammoGasCan

			For My Stack Size of 30,000 ammoGasCan, Bundle recipe changes

			1 ammoGasCanBundle creates 30,000 is x6 more than original.
			12000 resourceOilShale makes 1 ammoGasCanBundle(30000)
			-->
		
			
		<set xpath="/recipes/recipe[@name='ammoBundle9mmBulletBall']/ingredient[@name='resourceBulletTip']/@count">400</set>
		<set xpath="/recipes/recipe[@name='ammoBundle9mmBulletBall']/ingredient[@name='resourceGunPowder']/@count">400</set>
		<set xpath="/recipes/recipe[@name='ammoBundle9mmBulletBall']/ingredient[@name='resourceBulletCasing']/@count">400</set>

		<set xpath="/recipes/recipe[@name='ammoBundle9mmBulletHP']/ingredient[@name='resourceBulletTip']/@count">800</set>
		<set xpath="/recipes/recipe[@name='ammoBundle9mmBulletHP']/ingredient[@name='resourceGunPowder']/@count">400</set>
		<set xpath="/recipes/recipe[@name='ammoBundle9mmBulletHP']/ingredient[@name='resourceBulletCasing']/@count">400</set>

		<set xpath="/recipes/recipe[@name='ammoBundle9mmBulletAP']/ingredient[@name='resourceBulletTip']/@count">800</set>
		<set xpath="/recipes/recipe[@name='ammoBundle9mmBulletAP']/ingredient[@name='resourceGunPowder']/@count">800</set>
		<set xpath="/recipes/recipe[@name='ammoBundle9mmBulletAP']/ingredient[@name='resourceBulletCasing']/@count">400</set>

		<set xpath="/recipes/recipe[@name='ammoBundle44MagnumBulletBall']/ingredient[@name='resourceBulletTip']/@count">400</set>
		<set xpath="/recipes/recipe[@name='ammoBundle44MagnumBulletBall']/ingredient[@name='resourceGunPowder']/@count">800</set>
		<set xpath="/recipes/recipe[@name='ammoBundle44MagnumBulletBall']/ingredient[@name='resourceBulletCasing']/@count">400</set>

		<set xpath="/recipes/recipe[@name='ammoBundle44MagnumBulletHP']/ingredient[@name='resourceBulletTip']/@count">800</set>
		<set xpath="/recipes/recipe[@name='ammoBundle44MagnumBulletHP']/ingredient[@name='resourceGunPowder']/@count">800</set>
		<set xpath="/recipes/recipe[@name='ammoBundle44MagnumBulletHP']/ingredient[@name='resourceBulletCasing']/@count">400</set>

		<set xpath="/recipes/recipe[@name='ammoBundle44MagnumBulletAP']/ingredient[@name='resourceBulletTip']/@count">800</set>
		<set xpath="/recipes/recipe[@name='ammoBundle44MagnumBulletAP']/ingredient[@name='resourceGunPowder']/@count">1200</set>
		<set xpath="/recipes/recipe[@name='ammoBundle44MagnumBulletAP']/ingredient[@name='resourceBulletCasing']/@count">400</set>

		<set xpath="/recipes/recipe[@name='ammoBundle762mmBulletBall']/ingredient[@name='resourceBulletTip']/@count">400</set>
		<set xpath="/recipes/recipe[@name='ammoBundle762mmBulletBall']/ingredient[@name='resourceGunPowder']/@count">1200</set>
		<set xpath="/recipes/recipe[@name='ammoBundle762mmBulletBall']/ingredient[@name='resourceBulletCasing']/@count">400</set>

		<set xpath="/recipes/recipe[@name='ammoBundle762mmBulletHP']/ingredient[@name='resourceBulletTip']/@count">800</set>
		<set xpath="/recipes/recipe[@name='ammoBundle762mmBulletHP']/ingredient[@name='resourceGunPowder']/@count">1200</set>
		<set xpath="/recipes/recipe[@name='ammoBundle762mmBulletHP']/ingredient[@name='resourceBulletCasing']/@count">400</set>

		<set xpath="/recipes/recipe[@name='ammoBundle762mmBulletAP']/ingredient[@name='resourceBulletTip']/@count">800</set>
		<set xpath="/recipes/recipe[@name='ammoBundle762mmBulletAP']/ingredient[@name='resourceGunPowder']/@count">2000</set>
		<set xpath="/recipes/recipe[@name='ammoBundle762mmBulletAP']/ingredient[@name='resourceBulletCasing']/@count">400</set>

		<set xpath="/recipes/recipe[@name='ammoBundleShotgunShell']/ingredient[@name='resourceBuckshot']/@count">400</set>
		<set xpath="/recipes/recipe[@name='ammoBundleShotgunShell']/ingredient[@name='resourceGunPowder']/@count">1600</set>
		<set xpath="/recipes/recipe[@name='ammoBundleShotgunShell']/ingredient[@name='resourcePaper']/@count">400</set>	

		<set xpath="/recipes/recipe[@name='ammoBundleShotgunSlug']/ingredient[@name='resourceBulletTip']/@count">800</set>
		<set xpath="/recipes/recipe[@name='ammoBundleShotgunSlug']/ingredient[@name='resourceGunPowder']/@count">2000</set>
		<set xpath="/recipes/recipe[@name='ammoBundleShotgunSlug']/ingredient[@name='resourceScrapPolymers']/@count">400</set>	

		<set xpath="/recipes/recipe[@name='ammoBundleShotgunBreachingSlug']/ingredient[@name='resourceForgedSteel']/@count">1200</set>
		<set xpath="/recipes/recipe[@name='ammoBundleShotgunBreachingSlug']/ingredient[@name='resourceClayLump']/@count">800</set>
		<set xpath="/recipes/recipe[@name='ammoBundleShotgunBreachingSlug']/ingredient[@name='resourceGunPowder']/@count">1600</set>	
		<set xpath="/recipes/recipe[@name='ammoBundleShotgunBreachingSlug']/ingredient[@name='resourceScrapPolymers']/@count">400</set>	
			
		<set xpath="/recipes/recipe[@name='ammoBundleArrowFlaming']/ingredient[@name='resourceArrowHeadSteelAP']/@count">400</set>
		<set xpath="/recipes/recipe[@name='ammoBundleArrowFlaming']/ingredient[@name='resourceFeather']/@count">400</set>
		<set xpath="/recipes/recipe[@name='ammoBundleArrowFlaming']/ingredient[@name='resourceGunPowder']/@count">800</set>	
		<set xpath="/recipes/recipe[@name='ammoBundleArrowFlaming']/ingredient[@name='resourceCloth']/@count">2000</set>	
		<set xpath="/recipes/recipe[@name='ammoBundleArrowFlaming']/ingredient[@name='resourceAnimalFat']/@count">400</set>	

		<set xpath="/recipes/recipe[@name='ammoBundleArrowExploding']/ingredient[@name='resourceArrowHeadSteelAP']/@count">400</set>
		<set xpath="/recipes/recipe[@name='ammoBundleArrowExploding']/ingredient[@name='resourceFeather']/@count">400</set>
		<set xpath="/recipes/recipe[@name='ammoBundleArrowExploding']/ingredient[@name='resourceGunPowder']/@count">2400</set>	
		<set xpath="/recipes/recipe[@name='ammoBundleArrowExploding']/ingredient[@name='resourceDuctTape']/@count">400</set>	
			
		<set xpath="/recipes/recipe[@name='ammoBundleArrowIron']/ingredient[@name='resourceArrowHeadIron']/@count">400</set>
		<set xpath="/recipes/recipe[@name='ammoBundleArrowIron']/ingredient[@name='resourceWood']/@count">400</set>
		<set xpath="/recipes/recipe[@name='ammoBundleArrowIron']/ingredient[@name='resourceFeather']/@count">400</set>	

		<set xpath="/recipes/recipe[@name='ammoBundleArrowSteelAP']/ingredient[@name='resourceArrowHeadSteelAP']/@count">400</set>
		<set xpath="/recipes/recipe[@name='ammoBundleArrowSteelAP']/ingredient[@name='resourceFeather']/@count">400</set>

		<set xpath="/recipes/recipe[@name='ammoBundleArrowStone']/ingredient[@name='resourceRockSmall']/@count">400</set>
		<set xpath="/recipes/recipe[@name='ammoBundleArrowStone']/ingredient[@name='resourceWood']/@count">400</set>
		<set xpath="/recipes/recipe[@name='ammoBundleArrowStone']/ingredient[@name='resourceFeather']/@count">400</set>
			
		<set xpath="/recipes/recipe[@name='ammoBundleCrossbowBoltFlaming']/ingredient[@name='resourceArrowHeadSteelAP']/@count">400</set>
		<set xpath="/recipes/recipe[@name='ammoBundleCrossbowBoltFlaming']/ingredient[@name='resourceFeather']/@count">400</set>
		<set xpath="/recipes/recipe[@name='ammoBundleCrossbowBoltFlaming']/ingredient[@name='resourceGunPowder']/@count">800</set>	
		<set xpath="/recipes/recipe[@name='ammoBundleCrossbowBoltFlaming']/ingredient[@name='resourceCloth']/@count">2000</set>	
		<set xpath="/recipes/recipe[@name='ammoBundleCrossbowBoltFlaming']/ingredient[@name='resourceAnimalFat']/@count">400</set>	

		<set xpath="/recipes/recipe[@name='ammoBundleCrossbowBoltExploding']/ingredient[@name='resourceArrowHeadSteelAP']/@count">400</set>
		<set xpath="/recipes/recipe[@name='ammoBundleCrossbowBoltExploding']/ingredient[@name='resourceFeather']/@count">400</set>
		<set xpath="/recipes/recipe[@name='ammoBundleCrossbowBoltExploding']/ingredient[@name='resourceGunPowder']/@count">3200</set>	
		<set xpath="/recipes/recipe[@name='ammoBundleCrossbowBoltExploding']/ingredient[@name='resourceDuctTape']/@count">400</set>	
			
		<set xpath="/recipes/recipe[@name='ammoBundleCrossbowBoltIron']/ingredient[@name='resourceArrowHeadIron']/@count">400</set>
		<set xpath="/recipes/recipe[@name='ammoBundleCrossbowBoltIron']/ingredient[@name='resourceWood']/@count">400</set>
		<set xpath="/recipes/recipe[@name='ammoBundleCrossbowBoltIron']/ingredient[@name='resourceFeather']/@count">400</set>	

		<set xpath="/recipes/recipe[@name='ammoBundleCrossbowBoltSteelAP']/ingredient[@name='resourceArrowHeadSteelAP']/@count">400</set>
		<set xpath="/recipes/recipe[@name='ammoBundleCrossbowBoltSteelAP']/ingredient[@name='resourceFeather']/@count">400</set>

		<set xpath="/recipes/recipe[@name='ammoBundleCrossbowBoltStone']/ingredient[@name='resourceRockSmall']/@count">400</set>
		<set xpath="/recipes/recipe[@name='ammoBundleCrossbowBoltStone']/ingredient[@name='resourceWood']/@count">400</set>
		<set xpath="/recipes/recipe[@name='ammoBundleCrossbowBoltStone']/ingredient[@name='resourceFeather']/@count">400</set>



<!--Ammo Scrapping System-->
	<append xpath="/recipes">
			<recipe name="disa9mmBulletBall" count="1" tooltip="ttScrapMetalBrass" always_unlocked="true" tags="salvageScrap"> <wildcard_forge_category /> </recipe>
			<recipe name="disa9mmBulletHP" count="1" tooltip="ttScrapMetalBrass" always_unlocked="true" tags="salvageScrap"> <wildcard_forge_category /> </recipe>
			<recipe name="disa9mmBulletAP" count="1" tooltip="ttScrapMetalBrass" always_unlocked="true" tags="salvageScrap"> <wildcard_forge_category /> </recipe>
			<recipe name="disa44MagnumBulletBall" count="1" tooltip="ttScrapMetalBrass" always_unlocked="true" tags="salvageScrap"> <wildcard_forge_category /> </recipe>
			<recipe name="disa44MagnumBulletHP" count="1" tooltip="ttScrapMetalBrass" always_unlocked="true" tags="salvageScrap"> <wildcard_forge_category /> </recipe>
			<recipe name="disa44MagnumBulletAP" count="1" tooltip="ttScrapMetalBrass" always_unlocked="true" tags="salvageScrap"> <wildcard_forge_category /> </recipe>
			<recipe name="disa762mmBulletBall" count="1" tooltip="ttScrapMetalBrass" always_unlocked="true" tags="salvageScrap"> <wildcard_forge_category /> </recipe>
			<recipe name="disa762mmBulletHP" count="1" tooltip="ttScrapMetalBrass" always_unlocked="true" tags="salvageScrap"> <wildcard_forge_category /> </recipe>
			<recipe name="disa762mmBulletAP" count="1" tooltip="ttScrapMetalBrass" always_unlocked="true" tags="salvageScrap"> <wildcard_forge_category /> </recipe>
			<recipe name="disaShotgunShell" count="1" tooltip="ttScrapMetalBrass" always_unlocked="true" tags="salvageScrap"> <wildcard_forge_category /> </recipe>
			<recipe name="disaShotgunSlug" count="1" tooltip="ttScrapMetalBrass" always_unlocked="true" tags="salvageScrap"> <wildcard_forge_category /> </recipe>
			<recipe name="disaShotgunBreachingSlug" count="1" tooltip="ttScrapMetalBrass" always_unlocked="true" tags="salvageScrap"> <wildcard_forge_category /> </recipe>
			<recipe name="disaArrowFlaming" count="1" tooltip="ttScrapMetalBrass" always_unlocked="true" tags="salvageScrap"> <wildcard_forge_category /> </recipe>
			<recipe name="disaCrossbowBoltFlaming" count="1" tooltip="ttScrapMetalBrass" always_unlocked="true" tags="salvageScrap"> <wildcard_forge_category /> </recipe>
			<recipe name="disaArrowExploding" count="1" tooltip="ttScrapMetalBrass" always_unlocked="true" tags="salvageScrap"> <wildcard_forge_category /> </recipe>
			<recipe name="disaCrossbowBoltExploding" count="1" tooltip="ttScrapMetalBrass" always_unlocked="true" tags="salvageScrap"> <wildcard_forge_category /> </recipe>
			<recipe name="disaArrowIron" count="1" tooltip="ttScrapMetalBrass" always_unlocked="true" tags="salvageScrap"> <wildcard_forge_category /> </recipe>
			<recipe name="disaCrossbowBoltIron" count="1" tooltip="ttScrapMetalBrass" always_unlocked="true" tags="salvageScrap"> <wildcard_forge_category /> </recipe>
			<recipe name="disaArrowSteelAP" count="1" tooltip="ttScrapMetalBrass" always_unlocked="true" tags="salvageScrap"> <wildcard_forge_category /> </recipe>
			<recipe name="disaCrossbowBoltSteelAP" count="1" tooltip="ttScrapMetalBrass" always_unlocked="true" tags="salvageScrap"> <wildcard_forge_category /> </recipe>
			<recipe name="disaArrowStone" count="1" tooltip="ttScrapMetalBrass" always_unlocked="true" tags="salvageScrap"> <wildcard_forge_category /> </recipe>
			<recipe name="disaCrossbowBoltStone" count="1" tooltip="ttScrapMetalBrass" always_unlocked="true" tags="salvageScrap"> <wildcard_forge_category /> </recipe>
			<recipe name="disaRocketFrag" count="1" tooltip="ttScrapMetalBrass" always_unlocked="true" tags="salvageScrap"> <wildcard_forge_category /> </recipe>
			<recipe name="disaRocketHE" count="1" tooltip="ttScrapMetalBrass" always_unlocked="true" tags="salvageScrap"> <wildcard_forge_category /> </recipe>
			<recipe name="dthrownPipeBomb" count="1" tooltip="ttScrapMetalBrass" always_unlocked="true" tags="salvageScrap"> <wildcard_forge_category /> </recipe>
			<recipe name="dthrownGrenadeContact" count="1" tooltip="ttScrapMetalBrass" always_unlocked="true" tags="salvageScrap"> <wildcard_forge_category /> </recipe>
			<recipe name="dthrownGrenade" count="1" tooltip="ttScrapMetalBrass" always_unlocked="true" tags="salvageScrap"> <wildcard_forge_category /> </recipe>
			<recipe name="dthrownTimedCharge" count="1" tooltip="ttScrapMetalBrass" always_unlocked="true" tags="salvageScrap"> <wildcard_forge_category /> </recipe>
			<recipe name="dthrownDynamite" count="1" tooltip="ttScrapMetalBrass" always_unlocked="true" tags="salvageScrap"> <wildcard_forge_category /> </recipe>
			<recipe name="dthrownMolotovCocktail" count="1" tooltip="ttScrapMetalBrass" always_unlocked="true" tags="salvageScrap"> <wildcard_forge_category /> </recipe>
			<recipe name="disaDartIron" count="1" tooltip="ttScrapMetalBrass" always_unlocked="true" tags="salvageScrap"> <wildcard_forge_category /> </recipe>
			<recipe name="disaJunkTurretRegular" count="1" tooltip="ttScrapMetalBrass" always_unlocked="true" tags="salvageScrap"> <wildcard_forge_category /> </recipe>
			<recipe name="disaJunkTurretAP" count="1" tooltip="ttScrapMetalBrass" always_unlocked="true" tags="salvageScrap"> <wildcard_forge_category /> </recipe>
			<recipe name="disaJunkTurretShell" count="1" tooltip="ttScrapMetalBrass" always_unlocked="true" tags="salvageScrap"> <wildcard_forge_category /> </recipe>
			
		</append>

	<append xpath="/recipes">
			<!--combining 100 dissassembled ammo into 1, for easier opening-->
			<recipe name="disa44MagnumBulletAP100" count="1" craft_time="1"><ingredient name="disa44MagnumBulletAP" count="100"/></recipe>
			<recipe name="disa44MagnumBulletBall100" count="1" craft_time="1"><ingredient name="disa44MagnumBulletBall" count="100"/></recipe>
			<recipe name="disa44MagnumBulletHP100" count="1" craft_time="1"><ingredient name="disa44MagnumBulletHP" count="100"/></recipe>
			<recipe name="disa762mmBulletAP100" count="1" craft_time="1"><ingredient name="disa762mmBulletAP" count="100"/></recipe>
			<recipe name="disa762mmBulletBall100" count="1" craft_time="1"><ingredient name="disa762mmBulletBall" count="100"/></recipe>
			<recipe name="disa762mmBulletHP100" count="1" craft_time="1"><ingredient name="disa762mmBulletHP" count="100"/></recipe>
			<recipe name="disa9mmBulletAP100" count="1" craft_time="1"><ingredient name="disa9mmBulletAP" count="100"/></recipe>
			<recipe name="disa9mmBulletBall100" count="1" craft_time="1"><ingredient name="disa9mmBulletBall" count="100"/></recipe>
			<recipe name="disa9mmBulletHP100" count="1" craft_time="1"><ingredient name="disa9mmBulletHP" count="100"/></recipe>
			<recipe name="disaArrowExploding100" count="1" craft_time="1"><ingredient name="disaArrowExploding" count="100"/></recipe>
			<recipe name="disaArrowFlaming100" count="1" craft_time="1"><ingredient name="disaArrowFlaming" count="100"/></recipe>
			<recipe name="disaArrowIron100" count="1" craft_time="1"><ingredient name="disaArrowIron" count="100"/></recipe>
			<recipe name="disaArrowSteelAP100" count="1" craft_time="1"><ingredient name="disaArrowSteelAP" count="100"/></recipe>
			<recipe name="disaArrowStone100" count="1" craft_time="1"><ingredient name="disaArrowStone" count="100"/></recipe>
			<recipe name="disaCrossbowBoltExploding100" count="1" craft_time="1"><ingredient name="disaCrossbowBoltExploding" count="100"/></recipe>
			<recipe name="disaCrossbowBoltFlaming100" count="1" craft_time="1"><ingredient name="disaCrossbowBoltFlaming" count="100"/></recipe>
			<recipe name="disaCrossbowBoltIron100" count="1" craft_time="1"><ingredient name="disaCrossbowBoltIron" count="100"/></recipe>
			<recipe name="disaCrossbowBoltSteelAP100" count="1" craft_time="1"><ingredient name="disaCrossbowBoltSteelAP" count="100"/></recipe>
			<recipe name="disaCrossbowBoltStone100" count="1" craft_time="1"><ingredient name="disaCrossbowBoltStone" count="100"/></recipe>
			<recipe name="disaDartIron100" count="1" craft_time="1"><ingredient name="disaDartIron" count="100"/></recipe>
			<recipe name="disaJunkTurretAP100" count="1" craft_time="1"><ingredient name="disaJunkTurretAP" count="100"/></recipe>
			<recipe name="disaJunkTurretRegular100" count="1" craft_time="1"><ingredient name="disaJunkTurretRegular" count="100"/></recipe>
			<recipe name="disaJunkTurretShell100" count="1" craft_time="1"><ingredient name="disaJunkTurretShell" count="100"/></recipe>
			<recipe name="disaRocketFrag100" count="1" craft_time="1"><ingredient name="disaRocketFrag" count="100"/></recipe>
			<recipe name="disaRocketHE100" count="1" craft_time="1"><ingredient name="disaRocketHE" count="100"/></recipe>
			<recipe name="disaShotgunBreachingSlug100" count="1" craft_time="1"><ingredient name="disaShotgunBreachingSlug" count="100"/></recipe>
			<recipe name="disaShotgunShell100" count="1" craft_time="1"><ingredient name="disaShotgunShell" count="100"/></recipe>
			<recipe name="disaShotgunSlug100" count="1" craft_time="1"><ingredient name="disaShotgunSlug" count="100"/></recipe>
			<recipe name="dthrownMolotovCocktail100" count="1" craft_time="1"><ingredient name="dthrownMolotovCocktail" count="100"/></recipe>
			<recipe name="dthrownPipeBomb100" count="1" craft_time="1"><ingredient name="dthrownPipeBomb" count="100"/></recipe>
			<recipe name="dthrownDynamite100" count="1" craft_time="1"><ingredient name="dthrownDynamite" count="100"/></recipe>
			<recipe name="dthrownGrenade100" count="1" craft_time="1"><ingredient name="dthrownGrenade" count="100"/></recipe>
			<recipe name="dthrownGrenadeContact100" count="1" craft_time="1"><ingredient name="dthrownGrenadeContact" count="100"/></recipe>
			<recipe name="dthrownTimedCharge100" count="1" craft_time="1"><ingredient name="dthrownTimedCharge" count="100"/></recipe>
			
			<!--combining 1,000 dissassembled ammo into 1, for easier opening-->
			<recipe name="disa44MagnumBulletAP1000" count="1" craft_time="1"><ingredient name="disa44MagnumBulletAP" count="1000"/></recipe>
			<recipe name="disa44MagnumBulletBall1000" count="1" craft_time="1"><ingredient name="disa44MagnumBulletBall" count="1000"/></recipe>
			<recipe name="disa44MagnumBulletHP1000" count="1" craft_time="1"><ingredient name="disa44MagnumBulletHP" count="1000"/></recipe>
			<recipe name="disa762mmBulletAP1000" count="1" craft_time="1"><ingredient name="disa762mmBulletAP" count="1000"/></recipe>
			<recipe name="disa762mmBulletBall1000" count="1" craft_time="1"><ingredient name="disa762mmBulletBall" count="1000"/></recipe>
			<recipe name="disa762mmBulletHP1000" count="1" craft_time="1"><ingredient name="disa762mmBulletHP" count="1000"/></recipe>
			<recipe name="disa9mmBulletAP1000" count="1" craft_time="1"><ingredient name="disa9mmBulletAP" count="1000"/></recipe>
			<recipe name="disa9mmBulletBall1000" count="1" craft_time="1"><ingredient name="disa9mmBulletBall" count="1000"/></recipe>
			<recipe name="disa9mmBulletHP1000" count="1" craft_time="1"><ingredient name="disa9mmBulletHP" count="1000"/></recipe>
			<recipe name="disaArrowExploding1000" count="1" craft_time="1"><ingredient name="disaArrowExploding" count="1000"/></recipe>
			<recipe name="disaArrowFlaming1000" count="1" craft_time="1"><ingredient name="disaArrowFlaming" count="1000"/></recipe>
			<recipe name="disaArrowIron1000" count="1" craft_time="1"><ingredient name="disaArrowIron" count="1000"/></recipe>
			<recipe name="disaArrowSteelAP1000" count="1" craft_time="1"><ingredient name="disaArrowSteelAP" count="1000"/></recipe>
			<recipe name="disaArrowStone1000" count="1" craft_time="1"><ingredient name="disaArrowStone" count="1000"/></recipe>
			<recipe name="disaCrossbowBoltExploding1000" count="1" craft_time="1"><ingredient name="disaCrossbowBoltExploding" count="1000"/></recipe>
			<recipe name="disaCrossbowBoltFlaming1000" count="1" craft_time="1"><ingredient name="disaCrossbowBoltFlaming" count="1000"/></recipe>
			<recipe name="disaCrossbowBoltIron1000" count="1" craft_time="1"><ingredient name="disaCrossbowBoltIron" count="1000"/></recipe>
			<recipe name="disaCrossbowBoltSteelAP1000" count="1" craft_time="1"><ingredient name="disaCrossbowBoltSteelAP" count="1000"/></recipe>
			<recipe name="disaCrossbowBoltStone1000" count="1" craft_time="1"><ingredient name="disaCrossbowBoltStone" count="1000"/></recipe>
			<recipe name="disaDartIron1000" count="1" craft_time="1"><ingredient name="disaDartIron" count="1000"/></recipe>
			<recipe name="disaJunkTurretAP1000" count="1" craft_time="1"><ingredient name="disaJunkTurretAP" count="1000"/></recipe>
			<recipe name="disaJunkTurretRegular1000" count="1" craft_time="1"><ingredient name="disaJunkTurretRegular" count="1000"/></recipe>
			<recipe name="disaJunkTurretShell1000" count="1" craft_time="1"><ingredient name="disaJunkTurretShell" count="1000"/></recipe>
			<recipe name="disaRocketFrag1000" count="1" craft_time="1"><ingredient name="disaRocketFrag" count="1000"/></recipe>
			<recipe name="disaRocketHE1000" count="1" craft_time="1"><ingredient name="disaRocketHE" count="1000"/></recipe>
			<recipe name="disaShotgunBreachingSlug1000" count="1" craft_time="1"><ingredient name="disaShotgunBreachingSlug" count="1000"/></recipe>
			<recipe name="disaShotgunShell1000" count="1" craft_time="1"><ingredient name="disaShotgunShell" count="1000"/></recipe>
			<recipe name="disaShotgunSlug1000" count="1" craft_time="1"><ingredient name="disaShotgunSlug" count="1000"/></recipe>
			<recipe name="dthrownMolotovCocktail1000" count="1" craft_time="1"><ingredient name="dthrownMolotovCocktail" count="1000"/></recipe>
			<recipe name="dthrownPipeBomb1000" count="1" craft_time="1"><ingredient name="dthrownPipeBomb" count="1000"/></recipe>
			<recipe name="dthrownDynamite1000" count="1" craft_time="1"><ingredient name="dthrownDynamite" count="1000"/></recipe>
			<recipe name="dthrownGrenade1000" count="1" craft_time="1"><ingredient name="dthrownGrenade" count="1000"/></recipe>
			<recipe name="dthrownGrenadeContact1000" count="1" craft_time="1"><ingredient name="dthrownGrenadeContact" count="1000"/></recipe>
			<recipe name="dthrownTimedCharge1000" count="1" craft_time="1"><ingredient name="dthrownTimedCharge" count="1000"/></recipe>
		</append>



				

</AGFVanillaPlus-StacksBundlesAmmoPlus>


