<AGFVanillaPlus-TraderVendingMachine>
	

<!--TRADER Vending machines
		Essentially, trader managed vending machines available at 10% for those who have good relations with the trader.-->
	

	<append xpath="/traders/traderstage_templates">
		<traderstage_template name="agfTier1" min="500" max="999999" /> <!-- trader managed vending machines -->
	</append>

	<insertafter xpath="/traders/trader_item_groups/trader_item_group[@name='traderAlways']">
		<trader_item_group name="AGFVending">
			<item name="cntVendingMachine2" count="1"/>
			<item name="cntVendingMachineSnacksFull" count="1"/>
		</trader_item_group>
	</insertafter>
	
	<append xpath="/traders/trader_item_groups/trader_item_group[@name='traderGeneral']">
		<item group="AGFVending" count="1,2"/>
	</append>




</AGFVanillaPlus-TraderVendingMachine>
