<AGFVanillaPlus-HPRunningSolesMod>




		<!--Schematic for HPRunning Roles Mod for boots-->
		<append xpath="/items"> 
		<item name="modHPRunningSolesSchematic">
				<property name="Extends" value="schematicNoQualityRecipeMaster"/>
				<property name="CreativeMode" value="Player"/>
				<property name="CustomIcon" value="modArmorImpactBracing"/><property name="CustomIconTint" value="86,255,109"/>
				<property name="Unlocks" value="modHPRunningSoles"/>
				<property name="Group" value="Books,Mods"/>
				<effect_group tiered="false">
					<triggered_effect trigger="onSelfPrimaryActionEnd" action="ModifyCVar" cvar="modHPRunningSoles" operation="set" value="1"/>					
					<triggered_effect trigger="onSelfPrimaryActionEnd" action="GiveExp" exp="50"/>
				</effect_group>
			</item>
		</append>
			
	

</AGFVanillaPlus-HPRunningSolesMod>