<AGFVanillaPlus-DyesPlus>



<!--Invisible Dye and Orange Dye-->
		<!--Invisible Dye to hide clothing items you don't want to see.-->
		<append xpath="/item_modifiers">
			<item_modifier name="modDyeInvisible" installable_tags="clothing,armor" modifier_tags="dye" type="attachment" cosmetic_install_chance="0">
				<property name="DescriptionKey" value="modDyeInvisibleDesc"/>
				<property name="Group" value="Science"/>
				<property name="Stacknumber" value="1"/> 
				<property name="DropMeshfile" value="@:Other/Items/Misc/sack_droppedPrefab.prefab"/>
				<property name="CustomIcon" value="modDyeWhite"/>
				<property name="Material" value="Mpaint"/>
				<property name="Weight" value="20"/>

				<item_property_overrides name="*">
							<property name="UMA.Mesh" value=""/>
							<property name="CustomIconTint" value="0,255,255"/>
							<property name="UMA.ShowAltHair" value="false"/>
				</item_property_overrides>
						<property name="PickupJournalEntry" value="augmentGunsTip"/>
			</item_modifier>
		</append>
			
		<!--Orange Dye... this is technically in the game but it isn't...-->		
		<append xpath="/item_modifiers">	
			<item_modifier name="modDyeOrange" installable_tags="clothing,armor,weapon,tool,vehicle,drone" modifier_tags="dye" type="attachment" cosmetic_install_chance=".1">
				<property name="Extends" value="modGeneralMaster"/>
				<property name="Group" value="CFChemicals"/>
				<property name="DescriptionKey" value="modDyeGroupDesc"/>
				<property name="CustomIcon" value="modDyeWhite"/> 
				<property name="CustomIconTint" value="220,125,15"/>
				<property name="Material" value="Mpaint"/>
				<property name="Weight" value="20"/>

				<item_property_overrides name="*">
					<property name="TintColor" value="220,125,15"/>
					<property name="CustomIconTint" value="220,125,15"/>
					<property name="UMA.Overlay0Tint" value="220,125,15"/> 
				</item_property_overrides>

				<item_property_overrides name="apparelTankTop">
					<property name="UMA.Overlay0Tint" value="skin"/>
					<property name="UMA.Overlay1Tint" value="220,125,15"/>
				</item_property_overrides>

				<item_property_overrides name="apparelTShirtPlain">
					<property name="UMA.Overlay0Tint" value="skin"/>
					<property name="UMA.Overlay1Tint" value="220,125,15"/>
				</item_property_overrides>

				<item_property_overrides name="apparelTShirtZU">
					<property name="UMA.Overlay0Tint" value="skin"/>
					<property name="UMA.Overlay1Tint" value="220,125,15"/>
				</item_property_overrides>

				<item_property_overrides name="apparelCoatJacketLetterZU">
					<property name="UMA.Overlay0Tint" value="220,125,15"/>
				</item_property_overrides>

				<item_property_overrides name="apparelDenimShortsPants">
					<property name="UMA.Overlay0Tint" value="skin"/>
					<property name="UMA.Overlay1Tint" value="220,125,15"/>
				</item_property_overrides>

				<item_property_overrides name="apparelSuitPants">
					<property name="UMA.Overlay0Tint" value="100,50,0"/>
				</item_property_overrides>

				<item_property_overrides name="apparelSuitJacket">
					<property name="UMA.Overlay0Tint" value="100,50,0"/>
					<property name="UMA.Overlay1Tint" value="27,27,27"/>
				</item_property_overrides>
				
				<item_property_overrides name="apparelSuitDressShoes">
					<property name="UMA.Overlay0Tint" value="100,50,0"/>
				</item_property_overrides>
			</item_modifier>				
		</append>	



<append xpath="/item_modifiers"><item_modifier name="modDyeblackbright" installable_tags="clothing,armor,weapon,tool,vehicle,drone" modifier_tags="dye" type="attachment" cosmetic_install_chance=".1"><property name="Extends" value="modGeneralMaster"/><property name="Group" value="Science"/><property name="DescriptionKey" value="modDyeGroupDesc"/><property name="CustomIcon" value="modDyeWhite"/><property name="CustomIconTint" value="80, 80, 80"/><property name="Material" value="Mpaint"/><property name="Weight" value="20"/><item_property_overrides name="*"><property name="TintColor" value="80, 80, 80"/><property name="CustomIconTint" value="80, 80, 80"/><property name="UMA.Overlay0Tint" value="80, 80, 80"/></item_property_overrides></item_modifier></append>
<append xpath="/item_modifiers"><item_modifier name="modDyebluebright" installable_tags="clothing,armor,weapon,tool,vehicle,drone" modifier_tags="dye" type="attachment" cosmetic_install_chance=".1"><property name="Extends" value="modGeneralMaster"/><property name="Group" value="Science"/><property name="DescriptionKey" value="modDyeGroupDesc"/><property name="CustomIcon" value="modDyeWhite"/><property name="CustomIconTint" value="20, 80, 245"/><property name="Material" value="Mpaint"/><property name="Weight" value="20"/><item_property_overrides name="*"><property name="TintColor" value="20, 80, 245"/><property name="CustomIconTint" value="20, 80, 245"/><property name="UMA.Overlay0Tint" value="20, 80, 245"/></item_property_overrides></item_modifier></append>
<append xpath="/item_modifiers"><item_modifier name="modDyebrownbright" installable_tags="clothing,armor,weapon,tool,vehicle,drone" modifier_tags="dye" type="attachment" cosmetic_install_chance=".1"><property name="Extends" value="modGeneralMaster"/><property name="Group" value="Science"/><property name="DescriptionKey" value="modDyeGroupDesc"/><property name="CustomIcon" value="modDyeWhite"/><property name="CustomIconTint" value="158, 106, 65"/><property name="Material" value="Mpaint"/><property name="Weight" value="20"/><item_property_overrides name="*"><property name="TintColor" value="158, 106, 65"/><property name="CustomIconTint" value="158, 106, 65"/><property name="UMA.Overlay0Tint" value="158, 106, 65"/></item_property_overrides></item_modifier></append>
<append xpath="/item_modifiers"><item_modifier name="modDyegreenbright" installable_tags="clothing,armor,weapon,tool,vehicle,drone" modifier_tags="dye" type="attachment" cosmetic_install_chance=".1"><property name="Extends" value="modGeneralMaster"/><property name="Group" value="Science"/><property name="DescriptionKey" value="modDyeGroupDesc"/><property name="CustomIcon" value="modDyeWhite"/><property name="CustomIconTint" value="55, 207, 4"/><property name="Material" value="Mpaint"/><property name="Weight" value="20"/><item_property_overrides name="*"><property name="TintColor" value="55, 207, 4"/><property name="CustomIconTint" value="55, 207, 4"/><property name="UMA.Overlay0Tint" value="55, 207, 4"/></item_property_overrides></item_modifier></append>
<append xpath="/item_modifiers"><item_modifier name="modDyeorangebright" installable_tags="clothing,armor,weapon,tool,vehicle,drone" modifier_tags="dye" type="attachment" cosmetic_install_chance=".1"><property name="Extends" value="modGeneralMaster"/><property name="Group" value="Science"/><property name="DescriptionKey" value="modDyeGroupDesc"/><property name="CustomIcon" value="modDyeWhite"/><property name="CustomIconTint" value="255, 138, 3"/><property name="Material" value="Mpaint"/><property name="Weight" value="20"/><item_property_overrides name="*"><property name="TintColor" value="255, 138, 3"/><property name="CustomIconTint" value="255, 138, 3"/><property name="UMA.Overlay0Tint" value="255, 138, 3"/></item_property_overrides></item_modifier></append>
<append xpath="/item_modifiers"><item_modifier name="modDyepinkbright" installable_tags="clothing,armor,weapon,tool,vehicle,drone" modifier_tags="dye" type="attachment" cosmetic_install_chance=".1"><property name="Extends" value="modGeneralMaster"/><property name="Group" value="Science"/><property name="DescriptionKey" value="modDyeGroupDesc"/><property name="CustomIcon" value="modDyeWhite"/><property name="CustomIconTint" value="220, 32, 245"/><property name="Material" value="Mpaint"/><property name="Weight" value="20"/><item_property_overrides name="*"><property name="TintColor" value="220, 32, 245"/><property name="CustomIconTint" value="220, 32, 245"/><property name="UMA.Overlay0Tint" value="220, 32, 245"/></item_property_overrides></item_modifier></append>
<append xpath="/item_modifiers"><item_modifier name="modDyepurplebright" installable_tags="clothing,armor,weapon,tool,vehicle,drone" modifier_tags="dye" type="attachment" cosmetic_install_chance=".1"><property name="Extends" value="modGeneralMaster"/><property name="Group" value="Science"/><property name="DescriptionKey" value="modDyeGroupDesc"/><property name="CustomIcon" value="modDyeWhite"/><property name="CustomIconTint" value="101, 13, 217"/><property name="Material" value="Mpaint"/><property name="Weight" value="20"/><item_property_overrides name="*"><property name="TintColor" value="101, 13, 217"/><property name="CustomIconTint" value="101, 13, 217"/><property name="UMA.Overlay0Tint" value="101, 13, 217"/></item_property_overrides></item_modifier></append>
<append xpath="/item_modifiers"><item_modifier name="modDyeredbright" installable_tags="clothing,armor,weapon,tool,vehicle,drone" modifier_tags="dye" type="attachment" cosmetic_install_chance=".1"><property name="Extends" value="modGeneralMaster"/><property name="Group" value="Science"/><property name="DescriptionKey" value="modDyeGroupDesc"/><property name="CustomIcon" value="modDyeWhite"/><property name="CustomIconTint" value="212, 34, 38"/><property name="Material" value="Mpaint"/><property name="Weight" value="20"/><item_property_overrides name="*"><property name="TintColor" value="212, 34, 38"/><property name="CustomIconTint" value="212, 34, 38"/><property name="UMA.Overlay0Tint" value="212, 34, 38"/></item_property_overrides></item_modifier></append>
<append xpath="/item_modifiers"><item_modifier name="modDyeyellowbright" installable_tags="clothing,armor,weapon,tool,vehicle,drone" modifier_tags="dye" type="attachment" cosmetic_install_chance=".1"><property name="Extends" value="modGeneralMaster"/><property name="Group" value="Science"/><property name="DescriptionKey" value="modDyeGroupDesc"/><property name="CustomIcon" value="modDyeWhite"/><property name="CustomIconTint" value="252, 204, 30"/><property name="Material" value="Mpaint"/><property name="Weight" value="20"/><item_property_overrides name="*"><property name="TintColor" value="252, 204, 30"/><property name="CustomIconTint" value="252, 204, 30"/><property name="UMA.Overlay0Tint" value="252, 204, 30"/></item_property_overrides></item_modifier></append>
<append xpath="/item_modifiers"><item_modifier name="modDyeblackdark" installable_tags="clothing,armor,weapon,tool,vehicle,drone" modifier_tags="dye" type="attachment" cosmetic_install_chance=".1"><property name="Extends" value="modGeneralMaster"/><property name="Group" value="Science"/><property name="DescriptionKey" value="modDyeGroupDesc"/><property name="CustomIcon" value="modDyeWhite"/><property name="CustomIconTint" value="5, 5 ,5"/><property name="Material" value="Mpaint"/><property name="Weight" value="20"/><item_property_overrides name="*"><property name="TintColor" value="5, 5 ,5"/><property name="CustomIconTint" value="5, 5 ,5"/><property name="UMA.Overlay0Tint" value="5, 5 ,5"/></item_property_overrides></item_modifier></append>
<append xpath="/item_modifiers"><item_modifier name="modDyebluedark" installable_tags="clothing,armor,weapon,tool,vehicle,drone" modifier_tags="dye" type="attachment" cosmetic_install_chance=".1"><property name="Extends" value="modGeneralMaster"/><property name="Group" value="Science"/><property name="DescriptionKey" value="modDyeGroupDesc"/><property name="CustomIcon" value="modDyeWhite"/><property name="CustomIconTint" value="4, 32, 110"/><property name="Material" value="Mpaint"/><property name="Weight" value="20"/><item_property_overrides name="*"><property name="TintColor" value="4, 32, 110"/><property name="CustomIconTint" value="4, 32, 110"/><property name="UMA.Overlay0Tint" value="4, 32, 110"/></item_property_overrides></item_modifier></append>
<append xpath="/item_modifiers"><item_modifier name="modDyebrowndark" installable_tags="clothing,armor,weapon,tool,vehicle,drone" modifier_tags="dye" type="attachment" cosmetic_install_chance=".1"><property name="Extends" value="modGeneralMaster"/><property name="Group" value="Science"/><property name="DescriptionKey" value="modDyeGroupDesc"/><property name="CustomIcon" value="modDyeWhite"/><property name="CustomIconTint" value="66, 43, 25"/><property name="Material" value="Mpaint"/><property name="Weight" value="20"/><item_property_overrides name="*"><property name="TintColor" value="66, 43, 25"/><property name="CustomIconTint" value="66, 43, 25"/><property name="UMA.Overlay0Tint" value="66, 43, 25"/></item_property_overrides></item_modifier></append>
<append xpath="/item_modifiers"><item_modifier name="modDyegreendark" installable_tags="clothing,armor,weapon,tool,vehicle,drone" modifier_tags="dye" type="attachment" cosmetic_install_chance=".1"><property name="Extends" value="modGeneralMaster"/><property name="Group" value="Science"/><property name="DescriptionKey" value="modDyeGroupDesc"/><property name="CustomIcon" value="modDyeWhite"/><property name="CustomIconTint" value="23, 54, 13"/><property name="Material" value="Mpaint"/><property name="Weight" value="20"/><item_property_overrides name="*"><property name="TintColor" value="23, 54, 13"/><property name="CustomIconTint" value="23, 54, 13"/><property name="UMA.Overlay0Tint" value="23, 54, 13"/></item_property_overrides></item_modifier></append>
<append xpath="/item_modifiers"><item_modifier name="modDyeorangedark" installable_tags="clothing,armor,weapon,tool,vehicle,drone" modifier_tags="dye" type="attachment" cosmetic_install_chance=".1"><property name="Extends" value="modGeneralMaster"/><property name="Group" value="Science"/><property name="DescriptionKey" value="modDyeGroupDesc"/><property name="CustomIcon" value="modDyeWhite"/><property name="CustomIconTint" value="148, 80, 1"/><property name="Material" value="Mpaint"/><property name="Weight" value="20"/><item_property_overrides name="*"><property name="TintColor" value="148, 80, 1"/><property name="CustomIconTint" value="148, 80, 1"/><property name="UMA.Overlay0Tint" value="148, 80, 1"/></item_property_overrides></item_modifier></append>
<append xpath="/item_modifiers"><item_modifier name="modDyepinkdark" installable_tags="clothing,armor,weapon,tool,vehicle,drone" modifier_tags="dye" type="attachment" cosmetic_install_chance=".1"><property name="Extends" value="modGeneralMaster"/><property name="Group" value="Science"/><property name="DescriptionKey" value="modDyeGroupDesc"/><property name="CustomIcon" value="modDyeWhite"/><property name="CustomIconTint" value="120, 11, 135"/><property name="Material" value="Mpaint"/><property name="Weight" value="20"/><item_property_overrides name="*"><property name="TintColor" value="120, 11, 135"/><property name="CustomIconTint" value="120, 11, 135"/><property name="UMA.Overlay0Tint" value="120, 11, 135"/></item_property_overrides></item_modifier></append>
<append xpath="/item_modifiers"><item_modifier name="modDyepurpledark" installable_tags="clothing,armor,weapon,tool,vehicle,drone" modifier_tags="dye" type="attachment" cosmetic_install_chance=".1"><property name="Extends" value="modGeneralMaster"/><property name="Group" value="Science"/><property name="DescriptionKey" value="modDyeGroupDesc"/><property name="CustomIcon" value="modDyeWhite"/><property name="CustomIconTint" value="37, 10, 64"/><property name="Material" value="Mpaint"/><property name="Weight" value="20"/><item_property_overrides name="*"><property name="TintColor" value="37, 10, 64"/><property name="CustomIconTint" value="37, 10, 64"/><property name="UMA.Overlay0Tint" value="37, 10, 64"/></item_property_overrides></item_modifier></append>
<append xpath="/item_modifiers"><item_modifier name="modDyereddark" installable_tags="clothing,armor,weapon,tool,vehicle,drone" modifier_tags="dye" type="attachment" cosmetic_install_chance=".1"><property name="Extends" value="modGeneralMaster"/><property name="Group" value="Science"/><property name="DescriptionKey" value="modDyeGroupDesc"/><property name="CustomIcon" value="modDyeWhite"/><property name="CustomIconTint" value="107, 16, 18"/><property name="Material" value="Mpaint"/><property name="Weight" value="20"/><item_property_overrides name="*"><property name="TintColor" value="107, 16, 18"/><property name="CustomIconTint" value="107, 16, 18"/><property name="UMA.Overlay0Tint" value="107, 16, 18"/></item_property_overrides></item_modifier></append>
<append xpath="/item_modifiers"><item_modifier name="modDyeyellowdark" installable_tags="clothing,armor,weapon,tool,vehicle,drone" modifier_tags="dye" type="attachment" cosmetic_install_chance=".1"><property name="Extends" value="modGeneralMaster"/><property name="Group" value="Science"/><property name="DescriptionKey" value="modDyeGroupDesc"/><property name="CustomIcon" value="modDyeWhite"/><property name="CustomIconTint" value="150, 121, 12"/><property name="Material" value="Mpaint"/><property name="Weight" value="20"/><item_property_overrides name="*"><property name="TintColor" value="150, 121, 12"/><property name="CustomIconTint" value="150, 121, 12"/><property name="UMA.Overlay0Tint" value="150, 121, 12"/></item_property_overrides></item_modifier></append>
<append xpath="/item_modifiers"><item_modifier name="modDyeblacklight" installable_tags="clothing,armor,weapon,tool,vehicle,drone" modifier_tags="dye" type="attachment" cosmetic_install_chance=".1"><property name="Extends" value="modGeneralMaster"/><property name="Group" value="Science"/><property name="DescriptionKey" value="modDyeGroupDesc"/><property name="CustomIcon" value="modDyeWhite"/><property name="CustomIconTint" value="160, 160, 160"/><property name="Material" value="Mpaint"/><property name="Weight" value="20"/><item_property_overrides name="*"><property name="TintColor" value="160, 160, 160"/><property name="CustomIconTint" value="160, 160, 160"/><property name="UMA.Overlay0Tint" value="160, 160, 160"/></item_property_overrides></item_modifier></append>
<append xpath="/item_modifiers"><item_modifier name="modDyebluelight" installable_tags="clothing,armor,weapon,tool,vehicle,drone" modifier_tags="dye" type="attachment" cosmetic_install_chance=".1"><property name="Extends" value="modGeneralMaster"/><property name="Group" value="Science"/><property name="DescriptionKey" value="modDyeGroupDesc"/><property name="CustomIcon" value="modDyeWhite"/><property name="CustomIconTint" value="153, 175, 240"/><property name="Material" value="Mpaint"/><property name="Weight" value="20"/><item_property_overrides name="*"><property name="TintColor" value="153, 175, 240"/><property name="CustomIconTint" value="153, 175, 240"/><property name="UMA.Overlay0Tint" value="153, 175, 240"/></item_property_overrides></item_modifier></append>
<append xpath="/item_modifiers"><item_modifier name="modDyebrownlight" installable_tags="clothing,armor,weapon,tool,vehicle,drone" modifier_tags="dye" type="attachment" cosmetic_install_chance=".1"><property name="Extends" value="modGeneralMaster"/><property name="Group" value="Science"/><property name="DescriptionKey" value="modDyeGroupDesc"/><property name="CustomIcon" value="modDyeWhite"/><property name="CustomIconTint" value="186, 164, 147"/><property name="Material" value="Mpaint"/><property name="Weight" value="20"/><item_property_overrides name="*"><property name="TintColor" value="186, 164, 147"/><property name="CustomIconTint" value="186, 164, 147"/><property name="UMA.Overlay0Tint" value="186, 164, 147"/></item_property_overrides></item_modifier></append>
<append xpath="/item_modifiers"><item_modifier name="modDyegreenlight" installable_tags="clothing,armor,weapon,tool,vehicle,drone" modifier_tags="dye" type="attachment" cosmetic_install_chance=".1"><property name="Extends" value="modGeneralMaster"/><property name="Group" value="Science"/><property name="DescriptionKey" value="modDyeGroupDesc"/><property name="CustomIcon" value="modDyeWhite"/><property name="CustomIconTint" value="140, 237, 140"/><property name="Material" value="Mpaint"/><property name="Weight" value="20"/><item_property_overrides name="*"><property name="TintColor" value="140, 237, 140"/><property name="CustomIconTint" value="140, 237, 140"/><property name="UMA.Overlay0Tint" value="140, 237, 140"/></item_property_overrides></item_modifier></append>
<append xpath="/item_modifiers"><item_modifier name="modDyeorangelight" installable_tags="clothing,armor,weapon,tool,vehicle,drone" modifier_tags="dye" type="attachment" cosmetic_install_chance=".1"><property name="Extends" value="modGeneralMaster"/><property name="Group" value="Science"/><property name="DescriptionKey" value="modDyeGroupDesc"/><property name="CustomIcon" value="modDyeWhite"/><property name="CustomIconTint" value="201, 141, 71"/><property name="Material" value="Mpaint"/><property name="Weight" value="20"/><item_property_overrides name="*"><property name="TintColor" value="201, 141, 71"/><property name="CustomIconTint" value="201, 141, 71"/><property name="UMA.Overlay0Tint" value="201, 141, 71"/></item_property_overrides></item_modifier></append>
<append xpath="/item_modifiers"><item_modifier name="modDyepinklight" installable_tags="clothing,armor,weapon,tool,vehicle,drone" modifier_tags="dye" type="attachment" cosmetic_install_chance=".1"><property name="Extends" value="modGeneralMaster"/><property name="Group" value="Science"/><property name="DescriptionKey" value="modDyeGroupDesc"/><property name="CustomIcon" value="modDyeWhite"/><property name="CustomIconTint" value="250, 212, 255"/><property name="Material" value="Mpaint"/><property name="Weight" value="20"/><item_property_overrides name="*"><property name="TintColor" value="250, 212, 255"/><property name="CustomIconTint" value="250, 212, 255"/><property name="UMA.Overlay0Tint" value="250, 212, 255"/></item_property_overrides></item_modifier></append>
<append xpath="/item_modifiers"><item_modifier name="modDyepurplelight" installable_tags="clothing,armor,weapon,tool,vehicle,drone" modifier_tags="dye" type="attachment" cosmetic_install_chance=".1"><property name="Extends" value="modGeneralMaster"/><property name="Group" value="Science"/><property name="DescriptionKey" value="modDyeGroupDesc"/><property name="CustomIcon" value="modDyeWhite"/><property name="CustomIconTint" value="172, 139, 217"/><property name="Material" value="Mpaint"/><property name="Weight" value="20"/><item_property_overrides name="*"><property name="TintColor" value="172, 139, 217"/><property name="CustomIconTint" value="172, 139, 217"/><property name="UMA.Overlay0Tint" value="172, 139, 217"/></item_property_overrides></item_modifier></append>
<append xpath="/item_modifiers"><item_modifier name="modDyeredlight" installable_tags="clothing,armor,weapon,tool,vehicle,drone" modifier_tags="dye" type="attachment" cosmetic_install_chance=".1"><property name="Extends" value="modGeneralMaster"/><property name="Group" value="Science"/><property name="DescriptionKey" value="modDyeGroupDesc"/><property name="CustomIcon" value="modDyeWhite"/><property name="CustomIconTint" value="207, 105, 108"/><property name="Material" value="Mpaint"/><property name="Weight" value="20"/><item_property_overrides name="*"><property name="TintColor" value="207, 105, 108"/><property name="CustomIconTint" value="207, 105, 108"/><property name="UMA.Overlay0Tint" value="207, 105, 108"/></item_property_overrides></item_modifier></append>
<append xpath="/item_modifiers"><item_modifier name="modDyeyellowlight" installable_tags="clothing,armor,weapon,tool,vehicle,drone" modifier_tags="dye" type="attachment" cosmetic_install_chance=".1"><property name="Extends" value="modGeneralMaster"/><property name="Group" value="Science"/><property name="DescriptionKey" value="modDyeGroupDesc"/><property name="CustomIcon" value="modDyeWhite"/><property name="CustomIconTint" value="250, 237, 190"/><property name="Material" value="Mpaint"/><property name="Weight" value="20"/><item_property_overrides name="*"><property name="TintColor" value="250, 237, 190"/><property name="CustomIconTint" value="250, 237, 190"/><property name="UMA.Overlay0Tint" value="250, 237, 190"/></item_property_overrides></item_modifier></append>


	
				
	<!--Existing Dyes to show up on crafting list-->
		<append xpath="/item_modifiers/item_modifier[@name='modDyeRed']"><property name="Group" value="Science"/></append>
		<append xpath="/item_modifiers/item_modifier[@name='modDyeGreen']"><property name="Group" value="Science"/></append>
		<append xpath="/item_modifiers/item_modifier[@name='modDyeBlack']"><property name="Group" value="Science"/></append>
		<append xpath="/item_modifiers/item_modifier[@name='modDyeBlue']"><property name="Group" value="Science"/></append>
		<append xpath="/item_modifiers/item_modifier[@name='modDyeBrown']"><property name="Group" value="Science"/></append>
		<append xpath="/item_modifiers/item_modifier[@name='modDyePink']"><property name="Group" value="Science"/></append>
		<append xpath="/item_modifiers/item_modifier[@name='modDyePurple']"><property name="Group" value="Science"/></append>
		<append xpath="/item_modifiers/item_modifier[@name='modDyeYellow']"><property name="Group" value="Science"/></append>

</AGFVanillaPlus-DyesPlus>
