<AGFVanillaPlus-VehiclePerformance>


<!--velocityMax: Increased Max Speed (forward max speed , backward max speed, forward SPRINT max speed, backward SPRING max speed)-->
		<set xpath="/vehicles/vehicle[@name='vehicleGyrocopter']/property[@name='velocityMax_turbo']/@value">18,4,24,6</set> <!--9,9,15,9 default-->
		<set xpath="/vehicles/vehicle[@name='vehicleBicycle']/property[@name='velocityMax_turbo']/@value">8,4,12,4</set> <!--6,4,8.5,4 default-->
		<set xpath="/vehicles/vehicle[@name='vehicleMinibike']/property[@name='velocityMax_turbo']/@value">10,4,14,4</set> <!--7,4,9.2,4 default-->
		<set xpath="/vehicles/vehicle[@name='vehicleMotorcycle']/property[@name='velocityMax_turbo']/@value">16,9,20,11</set> <!--9.8,6,14,8 default-->
		<set xpath="/vehicles/vehicle[@name='vehicleTruck4x4']/property[@name='velocityMax_turbo']/@value">14,12,18,14</set> <!--10,8,14,10 default-->
		

<!--motorTorque: acceleration power, not speed (forward , backward, forward sprint, backward sprint)-->
		<set xpath="/vehicles/vehicle[@name='vehicleGyrocopter']/property[@name='motorTorque_turbo']/@value">10,100,10,100</set> <!--1,1,2,2 default-->
		<!--<set xpath="/vehicles/vehicle[@name='vehicleBicycle']/property[@name='motorTorque_turbo']/@value">500,180</set> --><!--500,180,750,180 default-->
		<set xpath="/vehicles/vehicle[@name='vehicleMinibike']/property[@name='motorTorque_turbo']/@value">900,300,1150,300</set> <!--400,200,560,200 default-->
		<set xpath="/vehicles/vehicle[@name='vehicleMotorcycle']/property[@name='motorTorque_turbo']/@value">5000,500,6000,650</set> <!--1400,500,2100,650 default-->
		<set xpath="/vehicles/vehicle[@name='vehicleTruck4x4']/property[@name='motorTorque_turbo']/@value">6000,1500,7500,2000</set> <!--3500,1500,4500,2000 default-->



<!--brakeTorque: braking power, not necessarily speed (Space Bar breaking, not reverse)-->
		<!--<set xpath="/vehicles/vehicle[@name='vehicleGyrocopter']/property[@name='brakeTorque']/@value">10</set>--> <!--10 default-->
		<set xpath="/vehicles/vehicle[@name='vehicleBicycle']/property[@name='brakeTorque']/@value">5000</set> <!--3000 default-->
		<set xpath="/vehicles/vehicle[@name='vehicleMinibike']/property[@name='brakeTorque']/@value">6000</set> <!--3000 default-->
		<set xpath="/vehicles/vehicle[@name='vehicleMotorcycle']/property[@name='brakeTorque']/@value">10000</set> <!--3000 default-->
		<set xpath="/vehicles/vehicle[@name='vehicleTruck4x4']/property[@name='brakeTorque']/@value">10000</set> <!--6000 default-->


<!--upAngleMax: How vertical it can go and still move-->
		<!--<set xpath="/vehicles/vehicle[@name='vehicleGyrocopter']/property[@name='upAngleMax']/@value">60</set>--> <!--60 default-->
		<set xpath="/vehicles/vehicle[@name='vehicleBicycle']/property[@name='upAngleMax']/@value">80</set> <!--70 default-->
		<set xpath="/vehicles/vehicle[@name='vehicleMinibike']/property[@name='upAngleMax']/@value">80</set> <!--70 default-->
		<set xpath="/vehicles/vehicle[@name='vehicleMotorcycle']/property[@name='upAngleMax']/@value">90</set> <!--70 default-->
		<set xpath="/vehicles/vehicle[@name='vehicleTruck4x4']/property[@name='upAngleMax']/@value">90</set> <!--70 default-->


<!--tiltDampening: reduces how much you tilt, but also reduces turn amounts?-->
		<!--<set xpath="/vehicles/vehicle[@name='vehicleGyrocopter']/property[@name='tiltDampening']/@value">.01</set>--> <!--.01 default-->
		<set xpath="/vehicles/vehicle[@name='vehicleBicycle']/property[@name='tiltDampening']/@value">.5</set> <!--.22 default-->
		<set xpath="/vehicles/vehicle[@name='vehicleMinibike']/property[@name='tiltDampening']/@value">.5</set> <!--.22 default-->
		<set xpath="/vehicles/vehicle[@name='vehicleMotorcycle']/property[@name='tiltDampening']/@value">.5</set> <!--.22 default-->
		<!--<set xpath="/vehicles/vehicle[@name='vehicleTruck4x4']/property[@name='tiltDampening']/@value">.22</set> --><!--.22 default-->


<!--tiltThreshold: I don't really know... -->
		<!--<set xpath="/vehicles/vehicle[@name='vehicleGyrocopter']/property[@name='tiltThreshold']/@value">2</set>--> <!--2 default-->
		<set xpath="/vehicles/vehicle[@name='vehicleBicycle']/property[@name='tiltThreshold']/@value">5</set> <!--3 default-->
		<set xpath="/vehicles/vehicle[@name='vehicleMinibike']/property[@name='tiltThreshold']/@value">5</set> <!--3 default-->
		<set xpath="/vehicles/vehicle[@name='vehicleMotorcycle']/property[@name='tiltThreshold']/@value">5</set> <!--3 default-->
		<!--<set xpath="/vehicles/vehicle[@name='vehicleTruck4x4']/property[@name='tiltThreshold']/@value">3</set>--> <!--3 default-->


<!--tiltDampenThreshold: ... Again, I don't really know...but I liked these values on vehicle handling? I think? -->
		<!--<set xpath="/vehicles/vehicle[@name='vehicleGyrocopter']/property[@name='tiltDampenThreshold']/@value">0</set>--> <!--0 default-->
		<set xpath="/vehicles/vehicle[@name='vehicleBicycle']/property[@name='tiltDampenThreshold']/@value">80</set> <!--8 default-->
		<set xpath="/vehicles/vehicle[@name='vehicleMinibike']/property[@name='tiltDampenThreshold']/@value">80</set> <!--8 default-->
		<set xpath="/vehicles/vehicle[@name='vehicleMotorcycle']/property[@name='tiltDampenThreshold']/@value">80</set> <!--8 default-->
		<!--<set xpath="/vehicles/vehicle[@name='vehicleTruck4x4']/property[@name='tiltDampenThreshold']/@value">8</set>--> <!--0 default-->


</AGFVanillaPlus-VehiclePerformance>