<AGF-HUDPlus>

	<append xpath="/controls">

		<item_stackAGF controller="ItemStack" on_scroll="false" allow_dropping="true" prefix_id="false" show_favorites="false">
			<rect controller="${controller}" style="itemStack, hover" collider_scale="1.0" on_scroll="${on_scroll}" allow_dropping="${allow_dropping}" prefix_id="${prefix_id}" show_favorites="${show_favorites}" tooltip="{tooltip}" enabled="{# !defined('userlockmode') or !userlockmode}" visible="{# !defined('container_slots') or (int(${repeat_i}) &lt; int(container_slots)) }" >
				<sprite depth="2" name="backgroundMain" sprite="menu_empty3px" pos="-3,3" color="[black]" type="sliced" fillcenter="false"
					width="78" height="78" />
				<sprite depth="3" name="background" sprite="menu_empty3px" color="{selectionbordercolor}" type="sliced" globalopacity="true" fillcenter="false"
					width="73" height="73" />
				<sprite depth="2" name="highlightOverlay" color="{backgroundcolor}" pos="0,0" type="sliced" globalopacity="true"
					width="72" height="72" />

				<texture depth="3" name="backgroundTexture" material="Materials/Transparent Colored" globalopacity="true"
					size="73,73" />
				<sprite depth="8" name="favoriteIcon" width="24" height="24" sprite="server_favorite" pos="2,-2" foregroundlayer="true" visible="{isfavorite}"/>
				<sprite depth="6" name="itemIcon" width="64" height="64" atlas="ItemIconAtlas" sprite="{itemicon}" pivot="center" foregroundlayer="true" color="{iconcolor}"
					pos="35,-35" />
				<sprite depth="8" name="lockTypeIcon" width="24" height="24" sprite="{locktypeicon}" pos="2,-2" foregroundlayer="true"/>
				<sprite depth="8" name="itemtypeicon" width="24" height="24" sprite="ui_game_symbol_{itemtypeicon}" pos="2,-2" foregroundlayer="true" visible="{hasitemtypeicon}" color="{itemtypeicontint}" />

				<sprite depth="3" name="durabilityBackground" sprite="menu_empty3px" color="[darkGrey]" type="sliced" foregroundlayer="true" visible="{hasdurability}"
					width="70" height="10" pos="1, -60" />
				<filledsprite depth="4" name="durability" sprite="menu_empty2px" color="{durabilitycolor}" fill="{durabilityfill}" type="filled" foregroundlayer="true" visible="{hasdurability}"
					width="70" height="10" pos="1, -60" />

				<sprite depth="5" name="disabledOverlay" color="[darkGrey_half_alpha]" pos="1,-1" type="sliced" visible="false"
					width="72" height="72" />

				<label depth="7" name="stackValue" height="28" text="{itemcount}" font_size="26" effect="outline" justify="{#hasdurability ? 'Center' : 'Right'}"
					pos="-2,-45" width="70" />
				<label depth="7" name="timer" height="24" font_size="24" justify="center" pivot="center" color="[beige]" effect="outline"
					pos="35,-38" width="70" effect_distance="1,1" effect_color="0,0,0,255" />
				<sprite depth="9" name="cancel" sprite="ui_game_symbol_x" color="255,0,0,255" type="sliced" visible="{# ishovered and islocked}" foregroundlayer="true"
					width="70" height="70" />
				<sprite depth="13" name="assembleIcon" sprite="{stacklockicon}" color="{stacklockcolor}" visible="{isassemblelocked}" pos="14,-14" foregroundlayer="true"
					size="40,40" />

				<sprite depth="14" name="quickswapIcon" size="30,30" sprite="server_refresh" pos="40,-2" foregroundlayer="true" visible="{isQuickSwap}" />

				<button name="rectSlotLock" depth="15" style="press, hover" width="65" height="65" visible="{userlockmode}" sprite="" hoverscale="1" use_selection_box="true">
					<sprite depth="3" name="iconSlotLock" width="72" height="72" sprite="menu_empty3px"  type="sliced" fillcenter="true" color="{# userlockedslot ? '255, 0, 0,150' : '0,255,0,150' }"  />
					<sprite depth="3" name="iconSlotLock" width="72" height="72" sprite="menu_empty3px"  type="sliced" fillcenter="false" color="{# userlockedslot ? '255, 0, 0,150' : '0,255,0,150' }"  />
				</button>
				<sprite depth="3" name="iconSlotLock" width="72" height="72" sprite="menu_empty3px"  type="sliced" fillcenter="true" visible="{# userlockedslot and !userlockmode}" color="255,0,0,150" />
				<sprite depth="3" name="iconSlotLock" width="72" height="72" sprite="menu_empty3px"  type="sliced" fillcenter="false" visible="{# userlockedslot and !userlockmode}" color="255,0,0,150" />
			</rect>
		</item_stackAGF>
		
	</append>


</AGF-HUDPlus>