<AGFVanillaPlus-SimplifiedStacks>


<!--STACKS PLUS
	Feature: 	Simplified stack sizes that keeps close to vanilla experience.
				Bundles and consumables stack to 50
				Ammo stacks to 500
				Resources are generally 500, 1000, or 6000
				Gas, Coins, and plant fibers stack to 30000
				Placeable blocks (like workstations) to 500
				Farming and General blocks to 5000
				Opening bundles adapted to new stack sizes
				
	Default: 	Default values are listed next to each line of code.
	
	XML's: 		Items, Blocks, Recipes, Localization
	
	Why: 		Quality of Life, improve the vanilla experience
				Stack sizes more consistent with each other.
				Easier to remember and organize.
				Took HEAVY consideration of economic impact utilizing complex excel formulas.
				This section could be simplified, but made it possible for others to make specific adjustments.
	
	Delete?: 	Only modifies existing items, therefore safe to remove from existing games.
				After removing from existing games, existing stacks will stay that amount until player adjusts them.
					Auto-sort fixes all of them as well.
	
	Code:		Set new "Stacknumber" values by general category and use of each item.
				Updated bundle's "Create_item_count" to match the new stack sizes.
				Made some items unsellable with SellableToTrader="false"
				Code wise, this could be done in significantly less lines, 
					but this shows specifically the changes I made and aided thorough testing.
				Many match the default value, these resulted in thorough testing.-->
				
		<!--blocks now stacks of 500-->					
			<set xpath="/blocks/block[@name='mineHubcap']/property[@name='Stacknumber']/@value">500</set><!--Default = 20-->
			<set xpath="/blocks/block[@name='mineAirFilter']/property[@name='Stacknumber']/@value">500</set><!--Default = 10-->			
			<set xpath="/blocks/block[@name='mineCandyTin']/property[@name='Stacknumber']/@value">500</set><!--Default = 25-->		
			<set xpath="/blocks/block[@name='bedroll']/property[@name='Stacknumber']/@value">500</set><!--Default = 10-->	
			<set xpath="/blocks/block[@name='dartTrap']/property[@name='Stacknumber']/@value">500</set><!--Default = 10-->	
			<set xpath="/blocks/block[@name='bladeTrap']/property[@name='Stacknumber']/@value">500</set><!--Default = 10-->	
			<set xpath="/blocks/block[@name='oldChair1']/property[@name='Stacknumber']/@value">500</set><!--Default = 10-->		
			<set xpath="/blocks/block[@name='oldChair1Broken']/property[@name='Stacknumber']/@value">500</set><!--Default = 10-->	
			<set xpath="/blocks/block[@name='barStool']/property[@name='Stacknumber']/@value">500</set><!--Default = 10-->	
			<set xpath="/blocks/block[@name='woodChair1']/property[@name='Stacknumber']/@value">500</set><!--Default = 10-->	
			<set xpath="/blocks/block[@name='woodChair1Broken']/property[@name='Stacknumber']/@value">500</set><!--Default = 10-->	
			<set xpath="/blocks/block[@name='officeChair01']/property[@name='Stacknumber']/@value">500</set><!--Default = 10-->	
			<set xpath="/blocks/block[@name='chairFoldingMetalUnfoldedWhite']/property[@name='Stacknumber']/@value">500</set><!--Default = 10-->
			<set xpath="/blocks/block[@name='chairFoldingMetalFoldedLeaningWhite']/property[@name='Stacknumber']/@value">500</set><!--Default = 10-->
			<set xpath="/blocks/block[@name='chairFoldingMetalFoldedFallenWhite']/property[@name='Stacknumber']/@value">500</set><!--Default = 10-->
			<set xpath="/blocks/block[@name='oldChair1Broken']/property[@name='Stacknumber']/@value">500</set><!--Default = 10-->
			<set xpath="/blocks/block[@name='chairCampingWhite']/property[@name='Stacknumber']/@value">500</set><!--Default = 10-->	
			<set xpath="/blocks/block[@name='batterybank']/property[@name='Stacknumber']/@value">500</set><!--Default = 1-->	
			<set xpath="/blocks/block[@name='solarbank']/property[@name='Stacknumber']/@value">500</set><!--Default = 1-->	
			<set xpath="/blocks/block[@name='generatorbank']/property[@name='Stacknumber']/@value">500</set><!--Default = 1-->	
			<set xpath="/blocks/block[@name='autoTurret']/property[@name='Stacknumber']/@value">500</set><!--Default = 1-->	
			<set xpath="/blocks/block[@name='workbench']/property[@name='Stacknumber']/@value">500</set><!--Default = 1-->	
			<set xpath="/blocks/block[@name='forge']/property[@name='Stacknumber']/@value">500</set><!--Default = 1-->	
			<set xpath="/blocks/block[@name='campfire']/property[@name='Stacknumber']/@value">500</set><!--Default = 1-->	
			<set xpath="/blocks/block[@name='cementMixer']/property[@name='Stacknumber']/@value">500</set><!--Default = 1-->	
			<set xpath="/blocks/block[@name='chemistryStation']/property[@name='Stacknumber']/@value">500</set><!--Default = 1-->	
			<set xpath="/blocks/block[@name='metalReinforcedWoodDrawBridge']/property[@name='Stacknumber']/@value">500</set><!--Default = 1-->	
			<set xpath="/blocks/block/property[@name='Stacknumber' and @value='33']/@value">500</set><!--Default = 33-->
			<set xpath="/blocks/block[@name='keystoneBlock']/property[@name='Stacknumber']/@value">500</set><!--Default = 1-->		
			
		<!--seeds and building blocks now stacks of 5000-->
			<append xpath="/blocks/block[@name='cropsGrowingMaster']"><property name="Stacknumber" value="5000"/></append><!--Default = 500-->	
			<append xpath="/blocks/block[@name='treePlantedMountainPine1m']"><property name="Stacknumber" value="5000"/></append><!--Default = 500-->	
			<append xpath="/blocks/block[@name='treePlantedWinterPine1m']"><property name="Stacknumber" value="5000"/></append><!--Default = 500-->	
			<append xpath="/blocks/block[@name='treePlantedOak1m']"><property name="Stacknumber" value="5000"/></append><!--Default = 500-->	
			<append xpath="/blocks/block[@name='frameShapes']"><property name="Stacknumber" value="5000"/></append><!--Default = 500-->	
			<append xpath="/blocks/block[@name='corrugatedMetalShapes']"><property name="Stacknumber" value="5000"/></append><!--Default = 500-->	
			<append xpath="/blocks/block[@name='awningShapes']"><property name="Stacknumber" value="5000"/></append><!--Default = 500-->	
			<append xpath="/blocks/block[@name='steelShapes']"><property name="Stacknumber" value="5000"/></append><!--Default = 500-->	
			<append xpath="/blocks/block[@name='concreteShapes']"><property name="Stacknumber" value="5000"/></append><!--Default = 500-->	
			<append xpath="/blocks/block[@name='cobblestoneShapes']"><property name="Stacknumber" value="5000"/></append><!--Default = 500-->	
			<append xpath="/blocks/block[@name='brickShapes']"><property name="Stacknumber" value="5000"/></append><!--Default = 500-->
			<append xpath="/blocks/block[@name='woodShapes']"><property name="Stacknumber" value="5000"/></append><!--Default = 500-->	
			<set xpath="/blocks/block[@name='glassBulletproofBlockVariantHelper']/property[@name='Stacknumber']/@value">5000</set><!--Default = 200-->	
			<append xpath="/blocks/block[@name='glassBlockVariantHelper']"><property name="Stacknumber" value="5000"/></append><!--Default = 500-->				
			<append xpath="/blocks/block[@name='terrStone']"><property name="Stacknumber" value="5000"/></append><!--Default = 500-->
			<append xpath="/blocks/block[@name='terrainFiller']"><property name="Stacknumber" value="5000"/></append><!--Default = 500-->
			<append xpath="/blocks/block[@name='terrBedrock']"><property name="Stacknumber" value="5000"/></append><!--Default = 500-->
			<append xpath="/blocks/block[@name='terrDirt']"><property name="Stacknumber" value="5000"/></append><!--Default = 500-->
			<append xpath="/blocks/block[@name='terrForestGround']"><property name="Stacknumber" value="5000"/></append><!--Default = 500-->
			<append xpath="/blocks/block[@name='terrBurntForestGround']"><property name="Stacknumber" value="5000"/></append><!--Default = 500-->
			<append xpath="/blocks/block[@name='terrDesertGround']"><property name="Stacknumber" value="5000"/></append><!--Default = 500-->
			<append xpath="/blocks/block[@name='terrSnow']"><property name="Stacknumber" value="5000"/></append><!--Default = 500-->
			<append xpath="/blocks/block[@name='terrDestroyedStone']"><property name="Stacknumber" value="5000"/></append><!--Default = 500-->
			<append xpath="/blocks/block[@name='terrGravel']"><property name="Stacknumber" value="5000"/></append><!--Default = 500-->
			<append xpath="/blocks/block[@name='terrAsphalt']"><property name="Stacknumber" value="5000"/></append><!--Default = 500-->
			<append xpath="/blocks/block[@name='terrConcrete']"><property name="Stacknumber" value="5000"/></append><!--Default = 500-->
			<append xpath="/blocks/block[@name='terrOreIron']"><property name="Stacknumber" value="5000"/></append><!--Default = 500-->
			<append xpath="/blocks/block[@name='terrOreLead']"><property name="Stacknumber" value="5000"/></append><!--Default = 500-->
			<append xpath="/blocks/block[@name='terrOreCoal']"><property name="Stacknumber" value="5000"/></append><!--Default = 500-->
			<append xpath="/blocks/block[@name='terrOrePotassiumNitrate']"><property name="Stacknumber" value="5000"/></append><!--Default = 500-->
			<append xpath="/blocks/block[@name='terrOreOilDeposit']"><property name="Stacknumber" value="5000"/></append><!--Default = 500-->
			
	

</AGFVanillaPlus-SimplifiedStacks>
