<AGFVanillaPlus-AmmoPlus>




		<!--blocks now stacks of 500-->
			<set xpath="/blocks/block[@name='mineHubcap']/property[@name='Stacknumber']/@value">500</set><!--Default = 20-->
			<set xpath="/blocks/block[@name='mineAirFilter']/property[@name='Stacknumber']/@value">500</set><!--Default = 10-->			
			<set xpath="/blocks/block[@name='mineCandyTin']/property[@name='Stacknumber']/@value">500</set><!--Default = 25-->	
			<set xpath="/blocks/block[@name='mineCookingPot']/property[@name='Stacknumber']/@value">500</set><!--Default = 25-->	
			
		



</AGFVanillaPlus-AmmoPlus>
