<AGFVanillaPlus-MiningPlus>



<!--New Bundles from Mining Book Perk-->
		<append xpath="/items"> 
			<item name="resourceClayLumpBundle">
				<property name="DescriptionKey" value="resourceClayLumpBundleDesc"/>
				<property name="Extends" value="resourceRockSmallBundle"/>
				<property name="CustomIcon" value="resourceClayLump"/>
				<property name="UnlockedBy" value="perkArtOfMiningPallets"/>
				<property class="Action0">
					<property name="Create_item" value="resourceClayLump"/>
					<property name="Create_item_count" value="6000"/>
				</property>
			</item>
			<item name="resourceCrushedSandBundle">
				<property name="DescriptionKey" value="resourceCrushedSandBundledesc"/>
				<property name="Extends" value="resourceRockSmallBundle"/>
				<property name="CustomIcon" value="resourceCrushedSand"/>
				<property name="UnlockedBy" value="perkArtOfMiningPallets"/>
				<property class="Action0">
					<property name="Create_item" value="resourceCrushedSand"/>
					<property name="Create_item_count" value="6000"/>
				</property>
			</item> 
			<item name="resourceScrapBrassBundle">
				<property name="DescriptionKey" value="resourceScrapBrassBundledesc"/>
				<property name="Extends" value="resourceRockSmallBundle"/>
				<property name="CustomIcon" value="resourceScrapBrass"/>
				<property name="UnlockedBy" value="perkArtOfMiningPallets"/>
				<property class="Action0">
					<property name="Create_item" value="resourceScrapBrass"/>
					<property name="Create_item_count" value="6000"/>
				</property>
			</item>
		</append>




</AGFVanillaPlus-MiningPlus>