<AGFVanillaPlus-ElectricityPlus>


	
<!--Section 3 = Electrical Plus-->
		<set xpath="/windows/window[@name='windowPowerSourceStats']/rect[@name='content']/rect/grid/@cell_height">60</set>
		<set xpath="/windows/window[@name='windowPowerSourceStats']/rect[@name='content']/rect/grid/panel[@visible='{showfuel}']/sprite[@pos='135, -7']/@pos">35,-33</set>
		<set xpath="/windows/window[@name='windowPowerSourceStats']/rect[@name='content']/rect/grid/panel[@visible='{showfuel}']/sprite[@pos='136, -8']/@pos">36,-34</set>
		<set xpath="/windows/window[@name='windowPowerSourceStats']/rect[@name='content']/rect/grid/panel[@visible='{showfuel}']/sprite[@pos='136, -9']/@pos">36,-35</set>
		
		<set xpath="/windows/window[@name='windowPowerSourceStats']/rect[@name='content']/rect/grid/panel[@visible='{showfuel}']/sprite[@width='70']/@width">170</set>
		<set xpath="/windows/window[@name='windowPowerSourceStats']/rect[@name='content']/rect/grid/panel[@visible='{showfuel}']/sprite[@width='68']/@width">168</set>


<!--this doesn't exist yet, part of the checklist. Does it need to be?
<append xpath="/windows/Schematics/grid[@name='checklistOther']/@entry[@name='????']">
	<sprite name="itemIcon"  pos="8,-2" size="30,30" atlas="ItemIconAtlas" sprite="forestFlower" color="162, 164, 27" tooltip_key="beeFlower"/>
	<label name="check"  pos="39,-6"  justify="left"  text="{cvar(beeFlower)}" font_size="22"/>
</append>
-->


</AGFVanillaPlus-ElectricityPlus>
