<AGFVanillaPlus-BookCollections>


<!--creates the ability to craft completed collections after finishing a collectiion-->
		<append xpath="/progression/perks/book[@name='perkFiremansAlmanacComplete']">
			<effect_group>
				<passive_effect name="RecipeTagUnlocked" operation="base_set" level="1" value="1" tags="bookFiremansAlmanacCollection"/>
			</effect_group>
		</append>
		<append xpath="/progression/perks/book[@name='perkNeedleAndThreadComplete']">
			<effect_group>
				<passive_effect name="RecipeTagUnlocked" operation="base_set" level="1" value="1" tags="bookNeedleAndThreadCollection"/>
			</effect_group>
		</append>
		<append xpath="/progression/perks/book[@name='perkNightStalkerComplete']">
			<effect_group>
				<passive_effect name="RecipeTagUnlocked" operation="base_set" level="1" value="1" tags="bookNightStalkerCollection"/>
			</effect_group>
		</append>
		<append xpath="/progression/perks/book[@name='perkLuckyLooterComplete']">
			<effect_group>
				<passive_effect name="RecipeTagUnlocked" operation="base_set" level="1" value="1" tags="bookLuckyLooterCollection"/>
			</effect_group>
		</append>
		<append xpath="/progression/perks/book[@name='perkEnforcerComplete']">
			<effect_group>
				<passive_effect name="RecipeTagUnlocked" operation="base_set" level="1" value="1" tags="bookEnforcerCollection"/>
			</effect_group>
		</append>
		<append xpath="/progression/perks/book[@name='perkBatterUpComplete']">
			<effect_group>
				<passive_effect name="RecipeTagUnlocked" operation="base_set" level="1" value="1" tags="bookBatterUpCollection"/>
			</effect_group>
		</append>
		<append xpath="/progression/perks/book[@name='perkGreatHeistComplete']">
			<effect_group>
				<passive_effect name="RecipeTagUnlocked" operation="base_set" level="1" value="1" tags="bookGreatHeistCollection"/>
			</effect_group>
		</append>
		<append xpath="/progression/perks/book[@name='perkWasteTreasuresComplete']">
			<effect_group>
				<passive_effect name="RecipeTagUnlocked" operation="base_set" level="1" value="1" tags="bookWasteTreasuresCollection"/>
			</effect_group>
		</append>			
		<append xpath="/progression/perks/book[@name='perkHuntingJournalComplete']">
			<effect_group>
				<passive_effect name="RecipeTagUnlocked" operation="base_set" level="1" value="1" tags="bookHuntingJournalCollection"/>
			</effect_group>
		</append>			
		<append xpath="/progression/perks/book[@name='perkArtOfMiningComplete']">
			<effect_group>
				<passive_effect name="RecipeTagUnlocked" operation="base_set" level="1" value="1" tags="bookArtOfMiningCollection"/>
			</effect_group>
		</append>				
		<append xpath="/progression/perks/book[@name='perkRangersComplete']">
			<effect_group>
				<passive_effect name="RecipeTagUnlocked" operation="base_set" level="1" value="1" tags="bookRangersCollection"/>
			</effect_group>
		</append>						
		<append xpath="/progression/perks/book[@name='perkPistolPeteComplete']">
			<effect_group>
				<passive_effect name="RecipeTagUnlocked" operation="base_set" level="1" value="1" tags="bookPistolPeteCollection"/>
			</effect_group>
		</append>					
		<append xpath="/progression/perks/book[@name='perkShotgunMessiahComplete']">
			<effect_group>
				<passive_effect name="RecipeTagUnlocked" operation="base_set" level="1" value="1" tags="bookShotgunMessiahCollection"/>
			</effect_group>
		</append>			
		<append xpath="/progression/perks/book[@name='perkSniperComplete']">
			<effect_group>
				<passive_effect name="RecipeTagUnlocked" operation="base_set" level="1" value="1" tags="bookSniperCollection"/>
			</effect_group>
		</append>							
		<append xpath="/progression/perks/book[@name='perkAutoWeaponsComplete']">
			<effect_group>
				<passive_effect name="RecipeTagUnlocked" operation="base_set" level="1" value="1" tags="bookAutoWeaponsCollection"/>
			</effect_group>
		</append>				
		<append xpath="/progression/perks/book[@name='perkUrbanCombatComplete']">
			<effect_group>
				<passive_effect name="RecipeTagUnlocked" operation="base_set" level="1" value="1" tags="bookUrbanCombatCollection"/>
			</effect_group>
		</append>				
		<append xpath="/progression/perks/book[@name='perkTechJunkie8Complete']">
			<effect_group>
				<passive_effect name="RecipeTagUnlocked" operation="base_set" level="1" value="1" tags="bookTechJunkieCollection"/>
			</effect_group>
		</append>					
		<append xpath="/progression/perks/book[@name='perkBarBrawling8Complete']">
			<effect_group>
				<passive_effect name="RecipeTagUnlocked" operation="base_set" level="1" value="1" tags="bookBarBrawlingCollection"/>
			</effect_group>
		</append>				
		<append xpath="/progression/perks/book[@name='perkSpearHunter8Complete']">
			<effect_group>
				<passive_effect name="RecipeTagUnlocked" operation="base_set" level="1" value="1" tags="bookSpearHunterCollection"/>
			</effect_group>
		</append>				



</AGFVanillaPlus-BookCollections>

 