<AGFVanillaPlus-ElectricityPlus>


	
<!--Electrical Plus-->
		<set xpath="/windows/window[@name='windowPowerSourceStats']/rect[@name='content']/rect/grid/@cell_height">60</set>
		<set xpath="/windows/window[@name='windowPowerSourceStats']/rect[@name='content']/rect/grid/panel[@visible='{showfuel}']/sprite[@pos='135, -7']/@pos">35,-33</set>
		<set xpath="/windows/window[@name='windowPowerSourceStats']/rect[@name='content']/rect/grid/panel[@visible='{showfuel}']/sprite[@pos='136, -8']/@pos">36,-34</set>
		<set xpath="/windows/window[@name='windowPowerSourceStats']/rect[@name='content']/rect/grid/panel[@visible='{showfuel}']/sprite[@pos='136, -9']/@pos">36,-35</set>
		
		<set xpath="/windows/window[@name='windowPowerSourceStats']/rect[@name='content']/rect/grid/panel[@visible='{showfuel}']/sprite[@width='70']/@width">170</set>
		<set xpath="/windows/window[@name='windowPowerSourceStats']/rect[@name='content']/rect/grid/panel[@visible='{showfuel}']/sprite[@width='68']/@width">168</set>



<remove xpath="/windows/window[@name='Schematics']/grid[@name='checklistElectrician']/entry[@name='20-1']"/>
<remove xpath="/windows/window[@name='Schematics']/grid[@name='checklistElectrician']/entry[@name='20-2']"/>
<remove xpath="/windows/window[@name='Schematics']/grid[@name='checklistElectrician']/entry[@name='21-1']"/>
<remove xpath="/windows/window[@name='Schematics']/grid[@name='checklistElectrician']/entry[@name='21-2']"/>
<remove xpath="/windows/window[@name='Schematics']/grid[@name='checklistElectrician']/entry[@name='22-1']"/>
<remove xpath="/windows/window[@name='Schematics']/grid[@name='checklistElectrician']/entry[@name='22-2']"/>
<remove xpath="/windows/window[@name='Schematics']/grid[@name='checklistElectrician']/entry[@name='23-1']"/>
<remove xpath="/windows/window[@name='Schematics']/grid[@name='checklistElectrician']/entry[@name='23-2']"/>
<remove xpath="/windows/window[@name='Schematics']/grid[@name='checklistElectrician']/entry[@name='24-1']"/>
<remove xpath="/windows/window[@name='Schematics']/grid[@name='checklistElectrician']/entry[@name='24-2']"/>
<remove xpath="/windows/window[@name='Schematics']/grid[@name='checklistElectrician']/entry[@name='25-1']"/>
<remove xpath="/windows/window[@name='Schematics']/grid[@name='checklistElectrician']/entry[@name='25-2']"/>
<remove xpath="/windows/window[@name='Schematics']/grid[@name='checklistElectrician']/entry[@name='26-1']"/>
<remove xpath="/windows/window[@name='Schematics']/grid[@name='checklistElectrician']/entry[@name='26-2']"/>




	<append xpath="/windows/window[@name='Schematics']/grid[@name='checklistElectrician']">
					<entry name="20-1"><!--Q3-->							
						<sprite depth="2" name="backgroundBorderSection" sprite="menu_empty3px" pos="0,0" width="25" height="50" color="[black]" type="sliced" fillcenter="false" />
						<sprite depth="2" name="background" sprite="menu_empty3px" pos="3,-3" width="19" height="16" color="128, 128, 128" type="sliced" fillcenter="true" />
						<label depth="3"  name="checkunlock"  pos="0,-3"  width="25" height="16"   justify="center"  text="65" color="[black]" font_size="16"/>
					</entry>
					<entry name="20-2"><!--icons-->
						<sprite name="itemIcon"  pos="2,-8" size="21,21" atlas="ItemIconAtlas" sprite="carBattery" color="" tooltip_key="carBattery"/>
					</entry>
					<entry name="21-1"><!--Q3-->							
						<sprite depth="2" name="backgroundBorderSection" sprite="menu_empty3px" pos="0,0" width="50" height="50" color="[black]" type="sliced" fillcenter="false" />
						<sprite depth="2" name="background" sprite="menu_empty3px" pos="3,-3" width="44" height="16" color="128, 128, 128" type="sliced" fillcenter="true" />
						<label depth="3"  name="checkunlock"  pos="0,-3"  width="50" height="16"   justify="center"  text="75" color="[black]" font_size="16"/>
					</entry>
					<entry name="21-2"><!--icons-->
						<sprite name="itemIcon"  pos="2,-8" size="21,21" atlas="ItemIconAtlas" sprite="batterybank" color="" tooltip_key="batterybank"/>
					</entry>	
					<entry name="22-1"></entry>
					<entry name="22-2">
						<sprite name="itemIcon"  pos="2,-8" size="21,21" atlas="ItemIconAtlas" sprite="vaultDoor01" color="" tooltip_key="poweredDoors"/>
							</entry>	
					<entry name="23-1"><!--Q3-->							
						<sprite depth="2" name="backgroundBorderSection" sprite="menu_empty3px" pos="0,0" width="25" height="50" color="[black]" type="sliced" fillcenter="false" />
						<sprite depth="2" name="background" sprite="menu_empty3px" pos="3,-3" width="19" height="16" color="128, 128, 128" type="sliced" fillcenter="true" />
						<label depth="3"  name="checkunlock"  pos="0,-3"  width="25" height="16"   justify="center"  text="100" color="[black]" font_size="16"/>
					</entry>
					<entry name="23-2"><!--icons-->
						<sprite name="itemIcon"  pos="2,-8" size="21,21" atlas="ItemIconAtlas" sprite="solarbank" color="" tooltip_key="solarbank"/>
					</entry>
							
	</append>

</AGFVanillaPlus-ElectricityPlus>
