<configs>
	
<set xpath="/controls/kh60_backpack_item_stack/rect/sprite[@name='itemIcon']/@pos">30,-28</set>

<set xpath="/controls/kh60_backpack_item_stack/rect/sprite[@name='lockTypeIcon']/@width">22</set>
<set xpath="/controls/kh60_backpack_item_stack/rect/sprite[@name='lockTypeIcon']/@height">22</set>

<set xpath="/controls/kh60_backpack_item_stack/rect/sprite[@name='itemtypeicon']/@width">22</set>
<set xpath="/controls/kh60_backpack_item_stack/rect/sprite[@name='itemtypeicon']/@height">22</set>

<set xpath="/controls/kh60_backpack_item_stack/rect/label[@name='stackValue']/@pos">1,-38</set>
<set xpath="/controls/kh60_backpack_item_stack/rect/label[@name='stackValue']/@height">22</set>

</configs>
