<configs>
   
   	<!-- adjust windowlooting to match the size of the new player dropped backpack container -->
    <set xpath="/windows/window[@name='windowLooting']/rect[@name='content']/grid[@name='queue']/@rows">12</set>
    <set xpath="/windows/window[@name='windowLooting']/rect[@name='content']/grid[@name='queue']/@cols">12</set>

	
	<!--lockable slots. The mechanic is in the code already. KH does have a mod for this, but I prefer this arrangement.-->
	<append xpath="/windows/window[@name='windowLooting']/panel/rect">
		<combobox depth="3" name="cbxLockedSlots" pos="70,-7" width="100" height="30" tooltip_key="xuiStashLockedSlots" type="ComboBoxInt" value_min="0" value_max="{container_slots}" value_wrap="true" value_increment="1" />
	</append>
	
	<append xpath="/windows/window[@name='windowBackpack']/panel/rect">
		<combobox depth="3" name="cbxLockedSlots" pos="-120,-7" width="100" height="30" tooltip_key="xuiStashLockedSlots" type="ComboBoxInt" value_min="0" value_max="60" value_wrap="true" value_increment="1" />
	</append>
	
	<append xpath="/windows/window[@name='windowVehicleStorage']/panel/rect">
		<combobox depth="3" name="cbxLockedSlots" pos="70,-7" width="100" height="30" tooltip_key="xuiStashLockedSlots" type="ComboBoxInt" value_min="0" value_max="{container_slots}" value_wrap="true" value_increment="1" />
	</append>
	
	<set xpath="/windows/window[@name='windowBackpack']/panel/rect/@pos">341,0</set>
	<set xpath="/windows/window[@name='windowBackpack']/panel/rect/button[@name='btnClearInventory']/@pos">120,-22</set>
	
</configs>