<AGFVanillaPlus-MasterTool>



<append xpath="/windows/window[@name='Schematics']/rect[@name='tabsContents']/rect[@name='craftinglistTab']/grid[@name='checklistHarvestingTools']/entry[@name='MT']">
		<sprite depth="1" name="backgroundSection" sprite="menu_empty3px" width="50" height="42" color="[darkGrey]" type="sliced" fillcenter="true"/>
		<sprite depth="2" name="backgroundBorderSection" foregroundlayer="true" sprite="menu_empty3px" pos="0,0" width="50" height="42" color="[black]" type="sliced" fillcenter="false"/>
		<sprite depth="2" name="backgroundBorder" sprite="menu_empty3px" pos="2,-2" width="21" height="16" color="[black]" type="sliced" fillcenter="false"/>
		<sprite depth="2" name="background" sprite="menu_empty3px" pos="3,-3" width="19" height="16" color="156, 136, 103" type="sliced" fillcenter="true"/>
		<label depth="3" name="checkunlock" pos="0,-3" width="25" height="16" justify="center" text="100" color="[black]" font_size="16"/>
		<filledsprite depth="1" name="yesUnlocked"  color="0,180,0,180" pos="0,0" width="50" height="40" fillcenter="true" type="filled" fill="{cvar(craftingHarvestingToolsCheck100)}"/>
</append>
<insertafter xpath="/windows/window[@name='Schematics']/rect[@name='tabsContents']/rect[@name='craftinglistTab']/grid[@name='checklistHarvestingTools']/entry[@name='MT']">
	<entry/>
	<entry/>
	<entry name="Icon">
		<sprite name="itemIcon" depth="3" pos="0,0" size="21,21" foregroundlayer="true" atlas="ItemIconAtlas" sprite="meleeToolAllSteelParts" color="147, 12, 248" tooltip_key="resourceMasterToolHarvesting"/>
		<sprite depth="8" name="itemtypeicon" width="10" height="10" sprite="ui_game_symbol_challenge" pos="0,0" foregroundlayer="true" color=""/>
	</entry>
</insertafter>

<append xpath="/windows/window[@name='Schematics']/rect[@name='tabsContents']/rect[@name='craftinglistTab']/grid[@name='checklistSalvagingTools']/entry[@name='MT']">
		<sprite depth="1" name="backgroundSection" sprite="menu_empty3px" width="50" height="42" color="[darkGrey]" type="sliced" fillcenter="true"/>
		<sprite depth="2" name="backgroundBorderSection" foregroundlayer="true" sprite="menu_empty3px" pos="0,0" width="50" height="42" color="[black]" type="sliced" fillcenter="false"/>
		<sprite depth="2" name="backgroundBorder" sprite="menu_empty3px" pos="2,-2" width="21" height="16" color="[black]" type="sliced" fillcenter="false"/>
		<sprite depth="2" name="background" sprite="menu_empty3px" pos="3,-3" width="19" height="16" color="156, 136, 103" type="sliced" fillcenter="true"/>
		<label depth="3" name="checkunlock" pos="0,-3" width="25" height="16" justify="center" text="75" color="[black]" font_size="16"/>
		<filledsprite depth="1" name="yesUnlocked"  color="0,180,0,180" pos="0,0" width="50" height="40" fillcenter="true" type="filled" fill="{cvar(craftingSalvageToolsCheck75)}"/>
</append>
<insertafter xpath="/windows/window[@name='Schematics']/rect[@name='tabsContents']/rect[@name='craftinglistTab']/grid[@name='checklistSalvagingTools']/entry[@name='MT']">
	<entry/>
	<entry/>
	<entry name="Icon">
		<sprite name="itemIcon" depth="3" pos="0,0" size="21,21" foregroundlayer="true" atlas="ItemIconAtlas" sprite="meleeToolAxeT3ChainsawParts" color="147, 12, 248" tooltip_key="resourceMasterToolSalvaging"/>
		<sprite depth="8" name="itemtypeicon" width="10" height="10" sprite="ui_game_symbol_challenge" pos="0,0" foregroundlayer="true" color=""/>
	</entry>
</insertafter>




<append xpath="/windows/window[@name='Schematics']/rect[@name='tabsContents']/rect[@name='craftinglistTab']/grid[@name='checklistBlades']/entry[@name='MT']">
		<sprite depth="1" name="backgroundSection" sprite="menu_empty3px" width="50" height="42" color="[darkGrey]" type="sliced" fillcenter="true"/>
		<sprite depth="2" name="backgroundBorderSection" foregroundlayer="true" sprite="menu_empty3px" pos="0,0" width="50" height="42" color="[black]" type="sliced" fillcenter="false"/>
		<sprite depth="2" name="backgroundBorder" sprite="menu_empty3px" pos="2,-2" width="21" height="16" color="[black]" type="sliced" fillcenter="false"/>
		<sprite depth="2" name="background" sprite="menu_empty3px" pos="3,-3" width="19" height="16" color="156, 136, 103" type="sliced" fillcenter="true"/>
		<label depth="3" name="checkunlock" pos="0,-3" width="25" height="16" justify="center" text="75" color="[black]" font_size="16"/>
		<filledsprite depth="1" name="yesUnlocked"  color="0,180,0,180" pos="0,0" width="50" height="40" fillcenter="true" type="filled" fill="{cvar(craftingBladesCheck75)}"/>
</append>
<insertafter xpath="/windows/window[@name='Schematics']/rect[@name='tabsContents']/rect[@name='craftinglistTab']/grid[@name='checklistBlades']/entry[@name='MT']">
	<entry/>
	<entry/>
	<entry name="Icon">
		<sprite name="itemIcon" depth="3" pos="0,0" size="21,21" foregroundlayer="true" atlas="ItemIconAtlas" sprite="meleeWpnBladeT3MacheteParts" color="147, 12, 248" tooltip_key="resourceMasterToolButchering"/>
		<sprite depth="8" name="itemtypeicon" width="10" height="10" sprite="ui_game_symbol_challenge" pos="0,0" foregroundlayer="true" color=""/>
	</entry>
</insertafter>




<append xpath="/windows/window[@name='Schematics']/rect[@name='tabsContents']/rect[@name='craftinglistTab']/grid[@name='checklistElectrician']/entry[@name='MT']">
		<sprite depth="1" name="backgroundSection" sprite="menu_empty3px" width="50" height="42" color="[darkGrey]" type="sliced" fillcenter="true"/>
		<sprite depth="2" name="backgroundBorderSection" foregroundlayer="true" sprite="menu_empty3px" pos="0,0" width="50" height="42" color="[black]" type="sliced" fillcenter="false"/>
		<sprite depth="2" name="backgroundBorder" sprite="menu_empty3px" pos="2,-2" width="21" height="16" color="[black]" type="sliced" fillcenter="false"/>
		<sprite depth="2" name="background" sprite="menu_empty3px" pos="3,-3" width="19" height="16" color="156, 136, 103" type="sliced" fillcenter="true"/>
		<label depth="3" name="checkunlock" pos="0,-3" width="25" height="16" justify="center" text="100" color="[black]" font_size="16"/>
		<filledsprite depth="1" name="yesUnlocked"  color="0,180,0,180" pos="0,0" width="50" height="40" fillcenter="true" type="filled" fill="{cvar(craftingElectricianCheck100)}"/>
</append>
<insertafter xpath="/windows/window[@name='Schematics']/rect[@name='tabsContents']/rect[@name='craftinglistTab']/grid[@name='checklistElectrician']/entry[@name='MT']">
	<entry/>
	<entry/>
	<entry name="Icon">
		<sprite name="itemIcon" depth="3" pos="0,0" size="21,21" foregroundlayer="true" atlas="ItemIconAtlas" sprite="resourceElectricParts" color="147, 12, 248" tooltip_key="resourceMasterToolElectricals"/>
		<sprite depth="8" name="itemtypeicon" width="10" height="10" sprite="ui_game_symbol_challenge" pos="0,0" foregroundlayer="true" color=""/>
	</entry>
</insertafter>





<append xpath="/windows/window[@name='Schematics']/rect[@name='tabsContents']/rect[@name='unlockablesTab']/grid[@name='unlocks']/entry[@name='MT']">
		<sprite depth="2" name="background" sprite="menu_empty3px" pos="5,-5" width="70" height="70" color="[darkGrey]" type="sliced" fillcenter="true"/>
		<sprite depth="2" name="backgroundBorder" foregroundlayer="true" sprite="menu_empty3px" pos="5,-5" width="70" height="70" color="[black]" type="sliced" fillcenter="false"/>
		<sprite depth="4" name="itemIcon" pos="8,-8" width="64" height="64" size="64,64" foregroundlayer="true" atlas="ItemIconAtlas" sprite="meleeToolRepairT3Nailgun" color="147, 12, 248" tooltip_key="meleeMasterTool"/>
		<filledsprite depth="3" name="background" color="0,255,0,120" pos="8,-8" width="64" height="64" fillcenter="true" type="filled" fill="{cvar(meleeMasterTool)}"/>
		<sprite depth="8" name="itemtypeicon" width="24" height="24" sprite="ui_game_symbol_challenge" pos="9,-9" foregroundlayer="true" color=""/>
</append>






</AGFVanillaPlus-MasterTool>

