<AGF-HUDPlus-TinyBuffsPopUp>



	<remove xpath="/windows/window[@name='HUDLeftStatBars']/rect[@controller='BuffPopoutList']"/>	

	<append xpath="/windows/window[@name='HUDLeftStatBars']">
			<rect name="hud" pos="91,174" side="left" controller="BuffPopoutList" pivot="BottomLeft" >
				<panel width="168" height="23" name="item" visible="false" pivot="right" disableautobackground="true" pos="70, 0" style="press" sound="[recipe_click]" on_hover="true" >
					<sprite depth="3" pos="0,0"  name="Background" sprite="ui_game_popup" height="23" width="162" pivot="center" flip="Horizontally" color="[transparent]" />
					<sprite depth="4" name="Icon" size="20,20" pos="-65,0" pivot="center" color="[transparent]"/>
					<label depth="6" name="TextContent" pos="-58,-1" font_size="18" color="[white]" justify="center" width="118" height="20" pivot="left"/>
				</panel>
			</rect>	
		</append>
		
		

</AGF-HUDPlus-TinyBuffsPopUp>