<AGFVanillaPlus-Tires2Wheels>


			<append xpath="/items">
				<item name="resourceTire"> 
					<property name="CustomIcon" value="decoCarTireFlat"/>
					<property name="DescriptionKey" value="resourceTireDesc"/>
					<property name="HoldType" value="45"/>
					<property name="Tags" value="junk"/>
					<property name="Meshfile" value="@:Other/Items/Misc/sackPrefab.prefab"/>
					<property name="DropMeshfile" value="@:Other/Items/Misc/sack_droppedPrefab.prefab"/>
					<property name="Material" value="Mplastics"/>
					<property name="Stacknumber" value="500"/>
					<property name="Weight" value="3"/>
					<property name="SellableToTrader" value="false"/>
					<property name="Group" value="Resources,Chemicals,CFChemicals"/>
					<property name="CraftingIngredientTime" value=".2"/>
				</item>
			</append>


</AGFVanillaPlus-Tires2Wheels>