<AGFVanillaPlus-Tires2Wheels>
		
			
		<!--2nd vehicle wheel option from tires found in the world-->
			<append xpath="/recipes">
				<recipe name="vehicleWheels" count="1" tags="perkGreaseMonkey,learnable">
					<ingredient name="resourceForgedIron" count="2"/>
					<ingredient name="resourceOil" count="2"/>
					<ingredient name="resourceTire" count="1"/>
					<effect_group>
						<passive_effect name="CraftingIngredientCount" operation="perc_add" level="0" value=".5" tags="resourceForgedIron"/>
					</effect_group>
				</recipe>
			</append>
	
	
</AGFVanillaPlus-Tires2Wheels>


