<AGFVanillaPlus-Core>
	
			
<!--FIX of car salvaging. Removed pass through damage on vehicles as it negates harvesting potential.--><!--NOTE: This is a FIX, don't delete unless you have something to replace it-->
		<set xpath="/blocks/block[@name='cntCar03SedanDamage0Master']/property[@name='PassThroughDamage']/@value">false</set>
		<set xpath="/blocks/block[@name='cntCar03SedanDamage1Master']/property[@name='PassThroughDamage']/@value">false</set>


<!--Repair the Unrepairable!
		<append xpath="/blocks/block[@name='terrGravel']">
			<property class="RepairItems"><property name="resourceRockSmall" value="10"/></property>
		</append>
		<append xpath="/blocks/block[@name='jailBars' or @name='jailDoorStatic' or @name='jailDoorStaticCentered']">
			<property class="RepairItems"> 
				<property name="resourceForgedSteel" value="10"/>
			</property>
		</append>
		<append xpath="/blocks/block[@name='cntDumpster' or @name='cntDumpsterFlies']">
			<property class="RepairItems"><property name="resourceScrapIron" value="10"/></property>
		</append>-->
		

<!--Test Blocks for modders-->
	<append xpath="blocks">
		<block name="agfTestButcherBlock">
			<property name="CustomIcon" value="goreBlockAnimal"/>			
			<property name="CustomIconTint" value="930CF8"/>
			<property name="Material" value="Morganic"/>
			<property name="MaxDamage" value="10"/>
			<property name="Shape" value="ModelEntity"/>
			<property name="Model" value="Entities/Gore/animalRemainsGorePrefab"/>
			<property name="Collide" value="melee,bullet,arrow,rocket"/>
			<property name="IsTerrainDecoration" value="true"/>
			<property name="FallDamage" value=".9"/>
			<property name="ImposterExclude" value="true"/>
			<property name="ImposterDontBlock" value="true"/>
			<property name="Density" value="0.9"/>
			
			<drop event="Harvest" name="foodRottingFlesh" count="10" tag="allHarvest" tool_category="Butcher"/>
			
			<drop event="Harvest" name="foodRottingFlesh" count="10" tag="butcherHarvest"/>
			<drop event="Harvest" name="resourceAnimalFat" count="10" tag="butcherHarvest"/>
			<drop event="Harvest" name="resourcePotassiumNitratePowder" count="10" tag="butcherHarvest"/>
			<drop event="Destroy" name="resourceBone" count="10" tag="butcherHarvest"/>
			
			<property name="DescriptionKey" value="creativeMenuBlockGroupDesc"/>
			<property name="FilterTags" value="MC_building,SC_decor"/>
			<property name="SortOrder1" value="7000"/>
			<property name="SortOrder2" value="0002"/>
		</block>
		<block name="agfTestSalvageBlock">
			<property name="CustomIcon" value="cntCar03SedanDamage2Master"/>		
			<property name="CustomIconTint" value="930CF8"/>
			<property name="Material" value="Mmetal"/>
			<property name="Shape" value="ModelEntity"/>
			<property name="ImposterDontBlock" value="true"/>
			<property name="IsTerrainDecoration" value="true"/>
			<property name="Model" value="@:Entities/Vehicles/Car/car_black_dmg2Prefab.prefab"/>
			<property name="Place" value="TowardsPlacer"/>
			<property name="ModelOffset" value="0,-0.25,0"/>
			<property name="TintColor" value="B0B0B0"/>
			<property name="DisplayType" value="blockMulti"/>
			<property name="MultiBlockDim" value="2,2,6"/>
			<property name="ShowModelOnFall" value="false"/>
			
			<drop event="Harvest" name="terrStone" count="0" tool_category="Disassemble"/>
			
			<drop event="Harvest" name="ammoGasCan" count="10" tag="salvageHarvest"/>
			<drop event="Harvest" name="resourceScrapPolymers" count="10" tag="salvageHarvest"/>
			<drop event="Harvest" name="resourceOil" count="10" tag="salvageHarvest"/>
			<drop event="Harvest" name="resourceMechanicalParts" count="10" tag="salvageHarvest"/>
			<drop event="Harvest" name="resourceElectricParts" count="10" tag="salvageHarvest"/>
			<drop event="Harvest" name="resourceSpring" count="10" tag="salvageHarvest"/>
			
			<drop event="Harvest" name="resourceScrapIron" count="1" tag="allHarvest"/>
	
			<drop event="Destroy" count="0"/>
			<property name="DescriptionKey" value="creativeMenuBlockGroupDesc"/>
			<property name="PlacementDistance" value="6"/>
			<property name="FilterTags" value="MC_building,SC_decor"/>
			<property name="SortOrder1" value="7000"/>
			<property name="SortOrder2" value="0002"/>
		</block>
	</append>




</AGFVanillaPlus-Core>
