<AGF-Backpack84>

<!--Recipes for the larger versions of player crates. Basically x3 resources as the slots are significantly larger.-->
	<append xpath="/recipes">
			<recipe name="cntWoodWritableCrateLarge" count="1">
				<ingredient name="resourceWood" count="30"/>
			</recipe>

			<recipe name="cntIronWritableCrateLarge" count="1">
				<ingredient name="resourceForgedIron" count="30"/>
			</recipe>

			<recipe name="cntSteelWritableCrateLarge" count="1">
				<ingredient name="resourceForgedSteel" count="30"/>
			</recipe>
	</append>

		
</AGF-Backpack84>


