<AGFVanillaPlus-VehicleSpeeds>

	

<!--fuelKmPerL: how many kilometers vehicle can travel before it takes up 1 liter. 25 gas cans per liter.-->
		<set xpath="/vehicles/vehicle[@name='vehicleGyrocopter']/property[@class='engine']/property[@name='fuelKmPerL']/@value">0.4</set><!--32km--> <!-- 0.15 default, 80 liters, ~12km capacity--><!--EFT 120 liters (18km)--> 
		<set xpath="/vehicles/vehicle[@name='vehicleMinibike']/property[@class='engine']/property[@name='fuelKmPerL']/@value">.8</set><!--32km--> <!-- .4 default, 40 liters, ~16km capacity--><!--EFT 60 liters (24km)-->
		<set xpath="/vehicles/vehicle[@name='vehicleMotorcycle']/property[@class='engine']/property[@name='fuelKmPerL']/@value">.4</set><!--48km--> <!-- .2 default, 120 liters, ~24km capacity--><!--EFT 180 liter (36km)-->
		<set xpath="/vehicles/vehicle[@name='vehicleTruck4x4']/property[@class='engine']/property[@name='fuelKmPerL']/@value">.15</set><!--60km--> <!-- .1 default, 400 liters, ~40km capacity--><!--EFT 600 liter (60km)-->
		
		<!--fuel saver mod doubles distance capacity-->
		<!--extended fuel tanks is adds 50% of itself to itself... aka capacity times 1.5%-->
		


</AGFVanillaPlus-VehicleSpeeds>