<AGFVanillaPlus-MasterTool>


		<!--Master Tool-->
			<append xpath="/recipes">
				<recipe name="meleeMasterTool" count="1" craft_time="120" craft_area="workbench" tags="learnable,workbenchCrafting">
					<ingredient name="meleeToolAxeT3ChainsawParts" count="50"/>
					<ingredient name="meleeToolAllSteelParts" count="50"/>
					<ingredient name="meleeWpnBladeT3MacheteParts" count="25"/>
					<ingredient name="carBattery" count="1"/>
					<ingredient name="solarCell" count="1"/>
				</recipe>
			</append>		
			

	
</AGFVanillaPlus-MasterTool>


