<AGFVanillaPlus-HPRunningSolesMod>


		<!--Schematic for HPRunning Roles Mod for boots-->
			<append xpath="/items"> 
			<item name="modHPRunningSolesSchematic">
					<property name="Extends" value="schematicNoQualityRecipeMaster"/>
					<property name="CreativeMode" value="Player"/>
					<property name="CustomIcon" value="modArmorImpactBracing"/><property name="CustomIconTint" value="86,255,109"/>
					<property name="Unlocks" value="modHPRunningSoles"/>
					<property name="Group" value="Books,Mods"/>
					<effect_group tiered="false">
						<triggered_effect trigger="onSelfPrimaryActionEnd" action="ModifyCVar" cvar="modHPRunningSoles" operation="set" value="1"/>					
						<triggered_effect trigger="onSelfPrimaryActionEnd" action="GiveExp" exp="50"/>
					</effect_group>
				</item>
			</append>
			
		<!--Includes new mod on the admin learn all mod schematics item-->
			<append xpath="/items/item[@name='adminModSchematic']/effect_group">
				<triggered_effect trigger="onSelfPrimaryActionEnd" action="ModifyCVar" cvar="modHPRunningSoles" operation="set" value="1"/>					
			</append>		


		<!--To bundle it-->
			<append xpath="/items">
				<item name="modHPRunningSolesBundle">
					<property name="CustomIcon" value="modArmorImpactBracing"/>
					<property name="CustomIconTint" value="930CF8"/>
					<property name="ItemTypeIcon" value="bundle"/>
					<property name="HoldType" value="45"/>
					<property name="Meshfile" value="@:Other/Items/Misc/sackPrefab.prefab"/>
					<property name="DropMeshfile" value="@:Other/Items/Misc/sack_droppedPrefab.prefab"/>
					<property name="Material" value="Morganic"/>
					<property name="Stacknumber" value="50"/>
					<property name="SellableToTrader" value="false"/>
					<property name="Group" value="Mods,Tool/Weapon Mods"/>
					<property class="Action0">
						<property name="Class" value="OpenBundle"/>
						<property name="Delay" value="0"/>
						<property name="Sound_start" value="close_garbage"/>
						<property name="Create_item" value="modHPRunningSoles"/>
						<property name="Create_item_count" value="1"/>
					</property>
				</item>
			</append>





</AGFVanillaPlus-HPRunningSolesMod>