<AGFVanillaPlus-HPRunningSolesMod>


	<!--Mod High Performance Running Soles-->
		<append xpath="/recipes">
			<recipe name="modHPRunningSoles" count="1" craft_area="workbench" tags="learnable,workbenchCrafting">
				<ingredient name="resourceGlue" count="2"/>	
				<ingredient name="resourceOil" count="3"/>
				<ingredient name="resourceLeather" count="5"/>
				<ingredient name="resourceCloth" count="10"/>
				<ingredient name="resourceSewingKit" count="1"/>
			</recipe>
		</append>		

	<!--To bundle the mod-->
		<append xpath="/recipes">
			<recipe name="modHPRunningSolesBundle" count="1" craft_time="0" craft_exp_gain="0">
				<ingredient name="modHPRunningSoles" count="1"/>
			</recipe>
		</append>


</AGFVanillaPlus-HPRunningSolesMod>


