<AGFVanillaPlus-DoorsPlus>
	
	
	<!--DOORS PLUS-->
		<!--Door Variants-->
		<append xpath="/recipes">
			<!--Basic Doors-->
			<recipe name="miscwoodDoorVariantHelper" count="1">
				<ingredient name="resourceWood" count="10"/>
			</recipe>
			<recipe name="miscironDoorVariantHelper" count="1">
				<ingredient name="resourceForgedIron" count="10"/>
			</recipe>		
			<recipe name="miscsteelDoorVariantHelper" count="1" craft_area="workbench" tags="workbenchCrafting">
				<ingredient name="resourceForgedSteel" count="10"/>
				<ingredient name="resourceSpring" count="10"/>
				<ingredient name="resourceMechanicalParts" count="10"/>
			</recipe>	
	
			<!--Garage Doors-->
			<recipe name="miscwoodGarageVariantHelper" count="1" craft_area="workbench" tags="workbenchCrafting">
				<ingredient name="resourceWood" count="10"/>
				<ingredient name="resourceSpring" count="10"/>
				<ingredient name="resourceMechanicalParts" count="10"/>
			</recipe>	
			<recipe name="miscrollUpDoorVariantHelper" count="1" craft_area="workbench" tags="workbenchCrafting">
				<ingredient name="resourceForgedIron" count="10"/>
				<ingredient name="resourceSpring" count="10"/>
				<ingredient name="resourceMechanicalParts" count="10"/>
			</recipe>		
			<recipe name="miscsteelGarageDoorVariantHelper" count="1" craft_area="workbench" tags="workbenchCrafting">
				<ingredient name="resourceForgedSteel" count="10"/>
				<ingredient name="resourceSpring" count="10"/>
				<ingredient name="resourceMechanicalParts" count="10"/>
			</recipe>	
			
			<!--Powered Doors-->
			<recipe name="miscwoodPoweredDoorVariantHelper" count="1" craft_area="workbench" tags="perkAdvancedEngineering,workbenchCrafting,learnable">
				<ingredient name="resourceWood" count="20"/>
				<ingredient name="resourceSpring" count="20"/>
				<ingredient name="resourceMechanicalParts" count="20"/>
				<ingredient name="resourceElectricParts" count="20"/>
				<effect_group>
					<passive_effect name="CraftingIngredientCount" level="0,1,2,3,4" operation="perc_add" value=".56,.56,.56,.34,.15" tags="resourceWood,resourceSpring,resourceMechanicalParts,resourceElectricParts"/>
				</effect_group>
			</recipe>	
			<recipe name="miscironPoweredDoorVariantHelper" count="1" craft_area="workbench" tags="perkAdvancedEngineering,workbenchCrafting,learnable">
				<ingredient name="resourceForgedIron" count="20"/>
				<ingredient name="resourceSpring" count="20"/>
				<ingredient name="resourceMechanicalParts" count="20"/>
				<ingredient name="resourceElectricParts" count="20"/>
				<effect_group>
					<passive_effect name="CraftingIngredientCount" level="0,1,2,3,4" operation="perc_add" value=".56,.56,.56,.34,.15" tags="resourceForgedIron,resourceSpring,resourceMechanicalParts,resourceElectricParts"/>
				</effect_group>
			</recipe>		
			<recipe name="miscsteelPoweredDoorVariantHelper" count="1" craft_area="workbench" tags="perkAdvancedEngineering,workbenchCrafting,learnable">
				<ingredient name="resourceForgedSteel" count="20"/>
				<ingredient name="resourceSpring" count="20"/>
				<ingredient name="resourceMechanicalParts" count="20"/>
				<ingredient name="resourceElectricParts" count="20"/>
				<effect_group>
					<passive_effect name="CraftingIngredientCount" level="0,1,2,3,4" operation="perc_add" value=".56,.56,.56,.34,.15" tags="resourceForgedSteel,resourceSpring,resourceMechanicalParts,resourceElectricParts"/>
				</effect_group>
			</recipe>	
		</append>
	
		<!--removing only the recipe for compatibility.-->
			<remove xpath="/recipes/recipe[@name='oldWoodDoor']"/>
			<remove xpath="/recipes/recipe[@name='oldWoodDoorDouble']"/>
			<remove xpath="/recipes/recipe[@name='woodHatch']"/>
			<remove xpath="/recipes/recipe[@name='cellarDoorDoubleWood']"/>		
			
			<remove xpath="/recipes/recipe[@name='ironDoorBlockVariantHelper']"/>
			<remove xpath="/recipes/recipe[@name='ironDoorDoubleBlockVariantHelper']"/>
			<remove xpath="/recipes/recipe[@name='ironHatchBlockVariantHelper']"/>
			<remove xpath="/recipes/recipe[@name='cellarDoorDoubleIron']"/>		
			
			<remove xpath="/recipes/recipe[@name='shuttersWoodBlockVariantHelper']"/>
			<remove xpath="/recipes/recipe[@name='shuttersIronBlockVariantHelper']"/>
			<remove xpath="/recipes/recipe[@name='shuttersSteelBlockVariantHelper']"/>		
				
			<remove xpath="/recipes/recipe[@name='vaultDoor01']"/>
			<remove xpath="/recipes/recipe[@name='vaultDoor01Double']"/>
			<remove xpath="/recipes/recipe[@name='vaultHatch01']"/>
			<remove xpath="/recipes/recipe[@name='cellarDoorDoubleSteel']"/>		
			
			<remove xpath="/recipes/recipe[@name='ironGarageDoorBlockVariantHelper']"/>
			<remove xpath="/recipes/recipe[@name='rollUpDoor3x3VariantHelper']"/>
			<remove xpath="/recipes/recipe[@name='rollUpDoor5x4VariantHelper']"/>
			<remove xpath="/recipes/recipe[@name='rollUpDoor7x4VariantHelper']"/>		
			
			<remove xpath="/recipes/recipe[@name='ironGarageDoor_PoweredBlockVariantHelper']"/>
			<remove xpath="/recipes/recipe[@name='woodenGarageDoor3x3_PoweredBlockVariantHelper']"/>
			<remove xpath="/recipes/recipe[@name='woodenGarageDoor4x3_PoweredBlockVariantHelper']"/>
			<remove xpath="/recipes/recipe[@name='woodenGarageDoor5x3_PoweredBlockVariantHelper']"/>
			<remove xpath="/recipes/recipe[@name='steelGarageDoor3x3_PoweredBlockVariantHelper']"/>
			<remove xpath="/recipes/recipe[@name='steelGarageDoor4x3_PoweredBlockVariantHelper']"/>
			<remove xpath="/recipes/recipe[@name='steelGarageDoor5x3_PoweredBlockVariantHelper']"/>
			<remove xpath="/recipes/recipe[@name='vaultHatch01_Powered']"/>
			<remove xpath="/recipes/recipe[@name='vaultDoor01_Powered']"/>
			<remove xpath="/recipes/recipe[@name='vaultDoor01Double_Powered']"/>
		
		
		


</AGFVanillaPlus-DoorsPlus>


