<AGFVanillaPlus-VehiclePerformance>


<!--velocityMax: Increased Max Speed (forward max speed , backward max speed)-->
		<set xpath="/vehicles/vehicle[@name='vehicleGyrocopter']/property[@name='velocityMax']/@value">24,4</set> <!--9,9 default-->
		<set xpath="/vehicles/vehicle[@name='vehicleBicycle']/property[@name='velocityMax']/@value">12,4</set> <!--6,4 default-->
		<set xpath="/vehicles/vehicle[@name='vehicleMinibike']/property[@name='velocityMax']/@value">14,4</set> <!--7,4 default-->
		<set xpath="/vehicles/vehicle[@name='vehicleMotorcycle']/property[@name='velocityMax']/@value">20,9</set> <!--9.33,6 default-->
		<set xpath="/vehicles/vehicle[@name='vehicle4x4Truck']/property[@name='velocityMax']/@value">18,12</set> <!--9.33,9 default-->
		

<!--motorTorque: acceleration power, not speed (forward , backward)-->
		<set xpath="/vehicles/vehicle[@name='vehicleGyrocopter']/property[@name='motorTorque']/@value">10,100</set> <!--1,1 default-->
		<!--<set xpath="/vehicles/vehicle[@name='vehicleBicycle']/property[@name='motorTorque']/@value">500,180</set> --><!--500,180 default-->
		<set xpath="/vehicles/vehicle[@name='vehicleMinibike']/property[@name='motorTorque']/@value">900,300</set> <!--400,200 default-->
		<set xpath="/vehicles/vehicle[@name='vehicleMotorcycle']/property[@name='motorTorque']/@value">5000,500</set> <!--1400,500 default-->
		<set xpath="/vehicles/vehicle[@name='vehicle4x4Truck']/property[@name='motorTorque']/@value">6000,900</set> <!--1800,900 default-->


<!--turboScale: Is this when you hold shift? (forward multiplier, backward multiplier)-->
		<set xpath="/vehicles/vehicle[@name='vehicleGyrocopter']/property[@name='turboScale']/@value">1.5,1</set> <!--1.67,1 default-->
		<!--<set xpath="/vehicles/vehicle[@name='vehicleBicycle']/property[@name='turboScale']/@value">1.5,1</set>--> <!--1.5,1 default-->
		<!--<set xpath="/vehicles/vehicle[@name='vehicleMinibike']/property[@name='turboScale']/@value">1.5,1</set>--> <!--1.4,1 default-->
		<!--<set xpath="/vehicles/vehicle[@name='vehicleMotorcycle']/property[@name='turboScale']/@value">1.5,1.3</set>--> <!--1.5,1.3 default-->
		<!--<set xpath="/vehicles/vehicle[@name='vehicle4x4Truck']/property[@name='turboScale']/@value">1.5,1.3</set>--> <!--1.5,1.3 default-->


<!--brakeTorque: braking power, not necessarily speed (Space Bar breaking, not reverse)-->
		<!--<set xpath="/vehicles/vehicle[@name='vehicleGyrocopter']/property[@name='brakeTorque']/@value">10</set>--> <!--10 default-->
		<set xpath="/vehicles/vehicle[@name='vehicleBicycle']/property[@name='brakeTorque']/@value">5000</set> <!--3000 default-->
		<set xpath="/vehicles/vehicle[@name='vehicleMinibike']/property[@name='brakeTorque']/@value">6000</set> <!--3000 default-->
		<set xpath="/vehicles/vehicle[@name='vehicleMotorcycle']/property[@name='brakeTorque']/@value">10000</set> <!--3000 default-->
		<set xpath="/vehicles/vehicle[@name='vehicle4x4Truck']/property[@name='brakeTorque']/@value">10000</set> <!--4000 default-->


<!--upAngleMax: How vertical it can go and still move-->
		<!--<set xpath="/vehicles/vehicle[@name='vehicleGyrocopter']/property[@name='upAngleMax']/@value">60</set>--> <!--60 default-->
		<set xpath="/vehicles/vehicle[@name='vehicleBicycle']/property[@name='upAngleMax']/@value">80</set> <!--70 default-->
		<set xpath="/vehicles/vehicle[@name='vehicleMinibike']/property[@name='upAngleMax']/@value">80</set> <!--70 default-->
		<set xpath="/vehicles/vehicle[@name='vehicleMotorcycle']/property[@name='upAngleMax']/@value">90</set> <!--70 default-->
		<set xpath="/vehicles/vehicle[@name='vehicle4x4Truck']/property[@name='upAngleMax']/@value">90</set> <!--70 default-->


<!--tiltDampening: reduces how much you tilt, but also reduces turn amounts?-->
		<!--<set xpath="/vehicles/vehicle[@name='vehicleGyrocopter']/property[@name='tiltDampening']/@value">.01</set>--> <!--.01 default-->
		<set xpath="/vehicles/vehicle[@name='vehicleBicycle']/property[@name='tiltDampening']/@value">.5</set> <!--.22 default-->
		<set xpath="/vehicles/vehicle[@name='vehicleMinibike']/property[@name='tiltDampening']/@value">.5</set> <!--.22 default-->
		<set xpath="/vehicles/vehicle[@name='vehicleMotorcycle']/property[@name='tiltDampening']/@value">.5</set> <!--.22 default-->
		<!--<set xpath="/vehicles/vehicle[@name='vehicle4x4Truck']/property[@name='tiltDampening']/@value">.22</set> --><!--.22 default-->


<!--tiltThreshold: I don't really know... -->
		<!--<set xpath="/vehicles/vehicle[@name='vehicleGyrocopter']/property[@name='tiltThreshold']/@value">2</set>--> <!--2 default-->
		<set xpath="/vehicles/vehicle[@name='vehicleBicycle']/property[@name='tiltThreshold']/@value">5</set> <!--3 default-->
		<set xpath="/vehicles/vehicle[@name='vehicleMinibike']/property[@name='tiltThreshold']/@value">5</set> <!--3 default-->
		<set xpath="/vehicles/vehicle[@name='vehicleMotorcycle']/property[@name='tiltThreshold']/@value">5</set> <!--3 default-->
		<!--<set xpath="/vehicles/vehicle[@name='vehicle4x4Truck']/property[@name='tiltThreshold']/@value">3</set>--> <!--3 default-->


<!--tiltDampenThreshold: ... Again, I don't really know...but I liked these values on vehicle handling? I think? -->
		<!--<set xpath="/vehicles/vehicle[@name='vehicleGyrocopter']/property[@name='tiltDampenThreshold']/@value">0</set>--> <!--0 default-->
		<set xpath="/vehicles/vehicle[@name='vehicleBicycle']/property[@name='tiltDampenThreshold']/@value">80</set> <!--8 default-->
		<set xpath="/vehicles/vehicle[@name='vehicleMinibike']/property[@name='tiltDampenThreshold']/@value">80</set> <!--8 default-->
		<set xpath="/vehicles/vehicle[@name='vehicleMotorcycle']/property[@name='tiltDampenThreshold']/@value">80</set> <!--8 default-->
		<!--<set xpath="/vehicles/vehicle[@name='vehicle4x4Truck']/property[@name='tiltDampenThreshold']/@value">8</set>--> <!--8 default-->


</AGFVanillaPlus-VehiclePerformance>