<AGFVanillaPlus-SmeltingPlus>

<!--Sand smelts at same rate as stone and clay for simplicity. 6,000 sand smelts into 30,000 in the forge.-->
<set xpath="/recipes/recipe[@name='resourceCrushedSand']/ingredient[@name='unit_glass']/@count">5</set>

<!--To control the exact amounts of clay, sand, and rocks in the forge... mostly for us OCD people-->
<append xpath="/recipes">
	<recipe name="resourceClayLumpTrash" count="1" material_based="true" craft_area="forge" craft_time="1" craft_exp_gain="0" always_unlocked="true" use_ingredient_modifier="false">
		<ingredient name="unit_clay" count="1"/>
	</recipe>
	<recipe name="resourceCrushedSandTrash" count="1" material_based="true" craft_area="forge" craft_time="1" craft_exp_gain="0" always_unlocked="true" use_ingredient_modifier="false">
		<ingredient name="unit_glass" count="1"/>
	</recipe>
	<recipe name="resourceRockSmallTrash" count="1" material_based="true" craft_area="forge" craft_time="1" craft_exp_gain="0" always_unlocked="true" use_ingredient_modifier="false">
		<ingredient name="unit_stone" count="1"/>
	</recipe>
</append>
	
</AGFVanillaPlus-SmeltingPlus>


