<AGFVanillaPlus-FarmingPlus>



	<!--Addes these seeds to be found naturally in the world, but with lower probability-->
		<append xpath="/lootcontainers/lootgroup[@name='seeds']">
			<item name="birdsNestEmpty" prob="0.05"/>
			<item name="beeFlower" prob="0.05"/>
		</append>

		<append xpath="/lootcontainers/lootgroup[@name='seedsNoFlowers']">
			<item name="birdsNestEmpty" prob="0.05" count="1,2"/>
			<item name="beeFlower" prob="0.05" count="1,2"/>
		</append>


		
		
</AGFVanillaPlus-FarmingPlus>