<AGFVanillaPlus-Core>



<!--Bundle Icon Color, for differentiation-->
		<append xpath="/items/item[@name='resourceRockSmallBundle']"> 
			<property name="CustomIconTint" value="930CF8"/>
		</append>
		<append xpath="/items/item[@name='resourceLockPickBundle']"> 
			<property name="CustomIconTint" value="930CF8"/>
		</append>
		<append xpath="/items/item[@name='ammoBundleMaster']"> 
			<property name="CustomIconTint" value="930CF8"/>
		</append>


<!--Admin Stuff, quicker Block Replace Tool action-->
		<set xpath="/items/item[@name='meleeToolBlockReplaceTool']/property[@class='Action1']/property[@name='Delay']/@value">.1</set>
		
		
<!--Admin, give XP to a player-->
		<append xpath="/items"><!--XP multiplier affects the actual xp given-->
			<item name="levelUp100k">
				<property name="CustomIcon" value="schematicMaster"/>
				<property name="CreativeMode" value="Dev"/>						
				<property name="HoldType" value="31"/>
				<property name="Meshfile" value="@:Other/Items/Misc/bookPrefab.prefab"/>
				<property name="DropMeshfile" value="@:Other/Items/Misc/sack_droppedPrefab.prefab"/>
				<property name="Material" value="Mpaper"/>
				<property name="Weight" value="5"/>
				<property name="Stacknumber" value="50"/>
				<property class="Action0">
					<property name="Class" value="Eat"/>
					<property name="Delay" value="1.0"/>
					<property name="UseAnimation" value="false"/>
					<property name="Sound_start" value="read_mod"/>
					<property name="Sound_in_head" value="true"/>
			  </property>
				<effect_group tiered="false">
					<triggered_effect trigger="onSelfPrimaryActionEnd" action="GiveExp" exp="100000"/>
				</effect_group>					  
			</item>
			<item name="levelUp1m">
				<property name="CustomIcon" value="schematicMaster"/>
				<property name="CreativeMode" value="Dev"/>						
				<property name="HoldType" value="31"/>
				<property name="Meshfile" value="@:Other/Items/Misc/bookPrefab.prefab"/>
				<property name="DropMeshfile" value="@:Other/Items/Misc/sack_droppedPrefab.prefab"/>
				<property name="Material" value="Mpaper"/>
				<property name="Weight" value="5"/>
				<property name="Stacknumber" value="50"/>
				<property class="Action0">
					<property name="Class" value="Eat"/>
					<property name="Delay" value="1.0"/>
					<property name="UseAnimation" value="false"/>
					<property name="Sound_start" value="read_mod"/>
					<property name="Sound_in_head" value="true"/>
			  </property>
				<effect_group tiered="false">
					<triggered_effect trigger="onSelfPrimaryActionEnd" action="GiveExp" exp="1000000"/>
				</effect_group>					  
			</item>							
		</append>
	

<!--SORTING PLUS, just some group changes for AUTO SORTING purposes-->
		<set xpath="/items/item[@name='foodCornMeal']/property[@name='Group']/@value">Food/Cooking,Resources,CFFood/Cooking</set>
		<set xpath="/items/item[@name='resourceCropCottonPlant']/property[@name='Group']/@value">Food/Cooking,Resources,CFFood/Cooking</set>
		<set xpath="/items/item[@name='resourceCropAloeLeaf']/property[@name='Group']/@value">Food/Cooking,Science</set>
	

	
<!--Doors Plus!-->
		<!--important to allow upgrading doors with my variant versions-->
		<append xpath="/items/item/property[@class='Action1']/property[@name='Allowed_upgrade_items']/@value">,miscwoodDoorVariantHelper,miscironDoorVariantHelper,miscsteelDoorVariantHelper</append>



<!--New Bundles from Mining Book Perk-->
		<append xpath="/items"> 
			<item name="resourceClayLumpBundle">
				<property name="DescriptionKey" value="resourceClayLumpBundleDesc"/>
				<property name="Extends" value="resourceRockSmallBundle"/>
				<property name="CustomIcon" value="resourceClayLump"/>
				<property name="UnlockedBy" value="perkArtOfMiningPallets"/>
				<property class="Action0">
					<property name="Create_item" value="resourceClayLump"/>
					<property name="Create_item_count" value="6000"/>
				</property>
			</item>
			<item name="resourceCrushedSandBundle">
				<property name="DescriptionKey" value="resourceCrushedSandBundledesc"/>
				<property name="Extends" value="resourceRockSmallBundle"/>
				<property name="CustomIcon" value="resourceCrushedSand"/>
				<property name="UnlockedBy" value="perkArtOfMiningPallets"/>
				<property class="Action0">
					<property name="Create_item" value="resourceCrushedSand"/>
					<property name="Create_item_count" value="6000"/>
				</property>
			</item> 
			<item name="resourceScrapBrassBundle">
				<property name="DescriptionKey" value="resourceScrapBrassBundledesc"/>
				<property name="Extends" value="resourceRockSmallBundle"/>
				<property name="CustomIcon" value="resourceScrapBrass"/>
				<property name="UnlockedBy" value="perkArtOfMiningPallets"/>
				<property class="Action0">
					<property name="Create_item" value="resourceScrapBrass"/>
					<property name="Create_item_count" value="6000"/>
				</property>
			</item>
		</append>



<!--Batteries scrap into acid-->
		<set xpath="/items/item[@name='carBattery']/property[@name='Material']/@value">MresourceAcid</set><!--Default = MresourceScrapLeadLarge-->
		<set xpath="/items/item[@name='carBattery']/property[@name='Weight']/@value">3</set>		
		<set xpath="/items/item[@name='resourceAcid']/property[@name='Weight']/@value">1</set>

							<!--When you want to find what the weight should be to get EQUAL ingredient costs back.
							
								X = How much it costs to craft 1
								Y = The weight of one ingredient you are scrapping it into
																
								X / 75% * Y = Weight
								
								12 / 75% * 5 (resourceWood weight is 5) = 80
								
								Scrapping time is dependent on the weight of each individual ingredient added all up... then multiply that by the number of items you are scrapping at once.
							-->	
							<!--I keep confusing myself with the math.
							
							
							500 *.75 * 4 = 1500 -outside of scrapping 1, this is equal acid going in and going out.
							500 *.75 * 3 = 1125 -you get 2 for scrapping 1, but it is technically 2.66repeating. Scrap 500, 1125 acids.
							500 *.75 * 2 =  750
							500 *.75 * 1 =  375
							-->
							
							

<!--Car Batteries now stack-->
		<set xpath="/items/item[@name='carBattery']/property[@name='ShowQuality']/@value">false</set>
		<set xpath="/items/item[@name='carBattery']/property[@name='Stacknumber']/@value">500</set>
		<set xpath="/items/item[@name='carBattery']/property[@class='Attributes']/property[@name='DegradationMax']/@value">6000</set>
		<set xpath="/items/item[@name='carBattery']/property[@class='Attributes']/property[@name='BatteryMaxLoadInVolts']/@value">36</set>
		<set xpath="/items/item[@name='carBattery']/property[@class='Attributes']/property[@name='BatteryDischargeTimeInMinutes']/@value">90</set><!--
		<set xpath="/items/item[@name='carBattery']/effect_group/property[@name='DegradationMax']/@value">10000</set>-->
		<remove xpath="/items/item[@name='carBattery']/effect_group"/>
		
<!--Solar Cells now stack-->
		<set xpath="/items/item[@name='solarCell']/property[@name='ShowQuality']/@value">false</set>
		<set xpath="/items/item[@name='solarCell']/property[@name='Stacknumber']/@value">500</set>
		<set xpath="/items/item[@name='solarCell']/property[@class='Attributes']/property[@name='DegradationMax']/@value">6000</set><!--
		<set xpath="/items/item[@name='solarCell']/effect_group/property[@name='DegradationMax']/@value">6000</set>-->
		<remove xpath="/items/item[@name='solarCell']/effect_group"/>


</AGFVanillaPlus-Core>