<AGFVanillaPlus-AutomobilesRespawn>


<!--this is to create an on screen tip that the vehicle will respawn.-->
	<append xpath="/buffs">>
		<buff name="buffCarRespawnTip" name_key="buff Car Respawn Tip Name" icon="ui_game_symbol_mining" hidden="true" remove_on_death="false">
			<duration value="0"/>
			<effect_group>
				<triggered_effect trigger="onSelfBuffStart" action="ModifyCVar" cvar="$carRespawnTipTimer" operation="set" value="-10"/>
				<triggered_effect trigger="onSelfBuffRemove" action="ModifyCVar" cvar="$carRespawnTipTimer" operation="set" value="0"/>
			</effect_group>
			<effect_group>
				<requirement name="TriggerHasTags" tags="carSeed"/>
					<triggered_effect trigger="onSelfDestroyedBlock" action="AddBuff" buff="buffCarRespawnTipDisplay">
						<requirement name="RandomRoll" seed_type="Random" min_max="0,100" operation="GTE" value="@$carRespawnTipTimer"/>
					</triggered_effect>
					<triggered_effect trigger="onSelfDestroyedBlock" action="ModifyCVar" cvar="$carRespawnTipTimer" operation="add" value="10"/>
					<triggered_effect trigger="onSelfDestroyedBlock" action="RemoveBuff" buff="buffCarRespawnTip">
						<requirement name="CVarCompare" cvar="$carRespawnTipTimer" operation="GT" value="250"/>
					</triggered_effect>
			</effect_group>
		</buff>

		<buff name="buffCarRespawnTipDisplay" name_key="buffCarRespawnTipDisplayName" description_key="buffCarRespawnTipDisplayDesc" tooltip_key="buffCarRespawnTipDisplayTooltip" icon="ui_game_symbol_quest">
			<duration value="20"/>
			<effect_group>
				<passive_effect name="BuffBlink" operation="base_set" value="2" duration="0,3" tags="buffCarRespawnTipDisplay"/>
			</effect_group>
		</buff>
	</append>

	<append xpath="/buffs/buff[@name='buffStatusCheck01']">
		<effect_group name="carRespawnCheck">			
			<triggered_effect trigger="onSelfBuffUpdate" action="AddBuff" buff="buffCarRespawnTip">
				<requirement name="!HasBuff" buff="buffCarRespawnTip"/>
			</triggered_effect>
		</effect_group>
	</append>
	
	
	
</AGFVanillaPlus-AutomobilesRespawn>
