<AGF-SurvivableImmersiveStorms>



	<setattribute xpath="/worldgeneration/biomes/biome[@name='pine_forest']/weather[@name='storm']" name="buff">buffForest_Storm</setattribute>


	<set xpath="/worldgeneration/biomes/biome[@name='pine_forest']/weather[@name='stormbuild']/Fog/@range">10,10</set><!--default= 5,5-->
	<set xpath="/worldgeneration/biomes/biome[@name='pine_forest']/weather[@name='storm']/Fog/@range">20,20</set><!--default= 12,12-->

	<set xpath="/worldgeneration/biomes/biome[@name='burnt_forest']/weather[@name='stormbuild']/Fog/@range">10,10</set><!--default= 0,0-->
	<set xpath="/worldgeneration/biomes/biome[@name='burnt_forest']/weather[@name='storm']/Fog/@range">20,20</set><!--default= 0,0-->

	<set xpath="/worldgeneration/biomes/biome[@name='desert']/weather[@name='stormbuild']/Fog/@range">10,10</set><!--default= 5,5-->
	<set xpath="/worldgeneration/biomes/biome[@name='desert']/weather[@name='storm']/Fog/@range">30,30</set><!--default= 5,5-->

	<set xpath="/worldgeneration/biomes/biome[@name='snow']/weather[@name='stormbuild']/Fog/@range">10,10</set><!--default= 8,8-->
	<set xpath="/worldgeneration/biomes/biome[@name='snow']/weather[@name='storm']/Fog/@range">30,30</set><!--default= 8,8-->

	<set xpath="/worldgeneration/biomes/biome[@name='wasteland']/weather[@name='stormbuild']/Fog/@range">10,10</set><!--default= 0,0-->
	<set xpath="/worldgeneration/biomes/biome[@name='wasteland']/weather[@name='storm']/Fog/@range">20,20</set><!--default= 0,0-->


</AGF-SurvivableImmersiveStorms>
