<AGF-Configs>

	<append xpath="/materials">
		<material id="DecoMaterial">
			<property name="damage_category" value="cloth"/>
			<property name="surface_category" value="cloth"/>
			<property name="Hardness" type="float" value="1"/>
			<property name="stepsound" value="stone"/>
			<property name="stability_glue" value="50"/>
			<property name="Mass" type="int" value="10"/>
			<property name="MaxDamage" value="300"/>
			<property name="Experience" value="1"/>
			<property name="explosionresistance" value="2"/>
		</material>
	</append>

</AGF-Configs>