<AGFVanillaPlus-PumpkinsPlus>

<!--
		<append xpath="/item_modifiers">
			<item_modifier name="modJackOHead" installable_tags="head" modifier_tags="rare" blocked_tags="noMods,clothing" type="attachment">
				<property name="CustomIcon" value="decoPumpkinJackOLantern"/>
				<property name="Stacknumber" value="1"/> <property name="Group" value="Mods"/>
				<property name="DropMeshfile" value="@:Other/Items/Misc/sack_droppedPrefab.prefab"/>
				<property name="DescriptionKey" value="modCosmeticDesc"/>
				<property name="EconomicValue" value="5"/>
				<property name="DisplayType" value="clothingGhillieHood"/>
				<property name="Material" value="Mplants"/>
				<property name="Weight" value="5"/>
				<property name="DescriptionKey" value="modCosmeticDesc"/>
				<item_property_overrides name="*">
					<property name="UMA.Mesh" value="@:Entities/Plants/pumpkinJackoLanternPrefab"/>
					<property name="UMA.Layer" value="2"/>
					<property name="UMA.UISlot" value="Headgear"/>
					<property name="UMA.Mask0" value="Head" param1="outer"/>
					<property name="UMA.ShowAltHair" value="true"/>
				</item_property_overrides>
			</item_modifier>
		</append>
-->


</AGFVanillaPlus-PumpkinsPlus>
