<AGFVanillaPlus-VehicleDisassembly>


	<!--vehicle disassembly-->
	<append xpath="/recipes">
		<recipe name="disavehicleBicyclePlaceable" count="1" craft_time="30" craft_area="workbench" tags="workbenchCrafting">
			<ingredient name="vehicleBicyclePlaceable" count="1"/>
		</recipe>
		<recipe name="disavehicleMinibikePlaceable" count="1" craft_time="90" craft_area="workbench" tags="workbenchCrafting">
			<ingredient name="vehicleMinibikePlaceable" count="1"/>
		</recipe>
		<recipe name="disavehicleMotorcyclePlaceable" count="1" craft_time="150" craft_area="workbench" tags="workbenchCrafting">
			<ingredient name="vehicleMotorcyclePlaceable" count="1"/>
		</recipe>
		<recipe name="disavehicle4x4TruckPlaceable" count="1" craft_time="210" craft_area="workbench" tags="workbenchCrafting">
			<ingredient name="vehicle4x4TruckPlaceable" count="1"/>
		</recipe>
		<recipe name="disavehicleGyrocopterPlaceable" count="1" craft_time="270" craft_area="workbench" tags="workbenchCrafting">
			<ingredient name="vehicleGyrocopterPlaceable" count="1"/>
		</recipe>
	</append>	


</AGFVanillaPlus-VehicleDisassembly>


