<AGFVanillaPlus-DrinkableAcid>

<append xpath="/buffs">
	<buff name="buffDrankAcid" name_key="buffDrankAcid" description_key="buffDrankAcidDesc" icon="ui_game_symbol_twitch_vision_effects"  icon_color="221, 205, 250">
		<stack_type value="replace"/>
		<duration value="0"/>
		<display_value value=".buffDrankAcidDisplay"/>
		<display_value_format value="time"/>


		<effect_group>
			<triggered_effect trigger="onSelfBuffUpdate" action="ModifyCVar" cvar="$buffDrankAcidDuration" operation="subtract" value="@$MetabolismDuration"/>
			<triggered_effect trigger="onSelfBuffUpdate" action="ModifyCVar" cvar=".buffDrankAcidDisplay" operation="set" value="@$buffDrankAcidDuration"/>
			<triggered_effect trigger="onSelfBuffUpdate" action="ModifyCVar" cvar=".buffDrankAcidDisplay" operation="divide" value="@$MetabolismDuration"/>
		</effect_group>
		<effect_group>
			<triggered_effect trigger="onSelfBuffUpdate" action="RemoveBuff" buff="buffDrankAcid">
				<requirement name="CVarCompare" cvar="$buffDrankAcidDuration" operation="LTE" value="0"/>
			</triggered_effect>
			<triggered_effect trigger="onSelfBuffRemove" action="ModifyCVar" cvar=".buffDrankAcidDisplay" operation="set" value="0"/>
			<triggered_effect trigger="onSelfBuffRemove" action="ModifyCVar" cvar="$buffDrankAcidDuration" operation="set" value="0"/>
			<triggered_effect trigger="onSelfBuffStart" action="ModifyCVar" cvar="$buffDrankAcidDisplay" operation="set" value="-15"/>
			<triggered_effect trigger="onSelfBuffRemove" action="ModifyCVar" cvar="$buffDrankAcidDisplay" operation="set" value="0"/>
		</effect_group>
		<effect_group>
			<passive_effect name="WaterLossPerStaminaPointGained" operation="perc_add" value="-.3"/>
		</effect_group>		
		<effect_group>
			<!-- Blinks the display if the player is attached to a vehicle -->
			<triggered_effect trigger="onSelfBuffStart" action="AddHealth" health="-50" />
			<triggered_effect trigger="onSelfBuffUpdate" action="AddHealth" health="-3" />
			<passive_effect name="BuffBlink" operation="base_set" value="2" tags="buffDrankAcid"/>
		</effect_group>		
		<effect_group>
			<triggered_effect trigger="onSelfBuffStart" action="ModifyScreenEffect" intensity="1" fade="1" effect_name="Trippy"/>
			<triggered_effect trigger="onSelfBuffRemove" action="ModifyScreenEffect" intensity="0" fade="1" effect_name="Trippy"/>
		</effect_group>
		<effect_group>
			<triggered_effect trigger="onSelfBuffStart" action="ModifyScreenEffect" intensity="0.8" fade="1" effect_name="Infected"/>
			<triggered_effect trigger="onSelfBuffRemove" action="ModifyScreenEffect" intensity="0" fade="1" effect_name="Infected"/>
		</effect_group>		
		<effect_group>
				<passive_effect name="WalkSpeed" operation="base_set" value="1.15"/>
				<passive_effect name="RunSpeed" operation="base_set" value="1.5"/>

				<passive_effect name="VehicleVelocityMaxPer" operation="perc_add" value="0.25"/>
				<passive_effect name="VehicleVelocityMaxTurboPer" operation="perc_add" value="0.15"/>

				<passive_effect name="StaminaChangeOT" operation="perc_add" value="1" tags="running"/>
		</effect_group>		
		<effect_group>
				<passive_effect name="JumpStrength" operation="perc_add" value="1.2"/>
				<passive_effect name="StaminaLoss" operation="perc_add" value="-.75" tags="jumping"/>
				<triggered_effect trigger="onSelfBuffStart" action="AddBuff" buff="buffDontBreakMyLeg"/>
				<triggered_effect trigger="onSelfBuffRemove" action="RemoveBuff" buff="buffDontBreakMyLeg"/>
		</effect_group>	
		<effect_group>
			<triggered_effect trigger="onSelfBuffStart" action="PlaySound" sound="twitch_dance_off" play_in_head="true" loop="true" toggle_dms="true" />
			<triggered_effect trigger="onSelfBuffRemove" action="StopSound" sound="twitch_dance_off" play_in_head="true" loop="true" toggle_dms="true"/>
			<triggered_effect trigger="onSelfLeaveGame" action="StopSound" sound="twitch_dance_off" play_in_head="true" loop="true"/>
			<triggered_effect trigger="onSelfBuffRemove" action="PlaySound" sound="twitch_record_scratch" play_in_head="true" />
		</effect_group>
		<effect_group>
			<passive_effect name="CelebrationKill" operation="base_set" value="1" />
		</effect_group>
		<effect_group>
			<triggered_effect trigger="onSelfBuffStart" action="AltSounds" enabled="true"/>
			<triggered_effect trigger="onSelfBuffRemove" action="AltSounds" enabled="false"/>
		</effect_group>
	</buff>
	
</append>

<insertafter xpath="/buffs/buff[@name='god']/effect_group/triggered_effect[@cvar='$buffRedTeaDuration']">
		<triggered_effect trigger="onSelfBuffStart" action="ModifyCVar" cvar="$buffDrankAcidDuration" operation="set" value="0"/>	
</insertafter>
		


</AGFVanillaPlus-DrinkableAcid>