<AGFVanillaPlus-AutomobilesRespawn>


<!--vehicle respawning utilizing the farming system from past alphas.
	break the car down, it becomes a seed that will grow into a vehicle.
	You can control here how long growing respawn takes.
	You can also control how much damage the "seed" can take before breaking
-->

	<append xpath="/blocks">
	
		<!--The master growing block, to set the respawn rate and health of the stand in-->
		<block name="vehicleGrowingMaster">
			<property name="CustomIcon" value="decoCarSeatUpright" />
			<property name="CustomIconTint" value="8c5600"/>
			<property name="ItemTypeIcon" value="computer"/>	
			<property name="CreativeMode" value="None"/>	
			<property name="Class" value="PlantGrowing" />
			<property name="Material" value="Mmetal"/>
			<property name="StabilitySupport" value="false"/>
			<property name="Shape" value="ModelEntity"/>
			<property name="Texture" value="282"/>
			<drop event="Destroy" count="0"/>
			
			<!--I used this model to help infer the space the car will take up-->
			<property name="Model" value="@:Entities/Vehicles/Car/car_seat_uprightPrefab.prefab"/>						
			<property name="Collide" value="movement,melee,bullet,arrow,rocket"/>
			<property name="CanMobsSpawnOn" value="false" />
			<drop event="Fall" name="plantedCar" count="1" prob="0.3" stick_chance=".8"/>	
			<property name="IsTerrainDecoration" value="true" />
			<property name="PlantGrowing.Next" value="carsRandomHelper" />
			<property name="PlantGrowing.FertileLevel" value="0" />
			<property name="PlantGrowing.IsRandom" value="true" />
			


<!--Editables-->									<!--change the value for respawn time-->
			<property name="PlantGrowing.GrowthRate" value="600" />	<!--Real Life Minutes. So a value of 60 would be 60 minutes 1hour.-->
			
			
										<!--change the value for how strong the block left behind is-->
			<property name="MaxDamage" value="2500"/> <!--just strong enough to deter unfamiliar players from breaking it-->
	
					
		</block>
		
		
		<!--all the planted versions of cars-->
		<block name="plantedCar">
			<property name="CreativeMode" value="Dev"/>	
			<property name="Extends" value="vehicleGrowingMaster"/>	
			<property name="PlantGrowing.Next" value="carsRandomHelper" />
		</block>	
		<block name="plantedSchoolBus">			
			<property name="Extends" value="plantedCar"/>
			<property name="PlantGrowing.Next" value="cntBusSchool" />
		</block>
		<block name="plantedShortSchoolBus">
			<property name="Extends" value="plantedCar"/>		
			<property name="PlantGrowing.Next" value="cntBusSchoolShort" />
		</block>
		<block name="plantedShuttleBus">
			<property name="Extends" value="plantedCar"/>	
			<property name="PlantGrowing.Next" value="cntBusShuttle" />
		</block>		
		<block name="plantedCityBus">
			<property name="Extends" value="plantedCar"/>
			<property name="PlantGrowing.Next" value="cntBusCity" />
		</block>		
		<block name="plantedAmbulance">
			<property name="Extends" value="plantedCar"/>	
			<property name="PlantGrowing.Next" value="cntAmbulanceTruck01" />
		</block>		
		<block name="plantedMoPower">
			<property name="Extends" value="plantedCar"/>
			<property name="PlantGrowing.Next" value="cntServiceTruckMoPower" />
		</block>		
		<block name="plantedWorkingStiff">
			<property name="Extends" value="plantedCar"/>
			<property name="PlantGrowing.Next" value="cntServiceTruckWorkingStiffTools" />
		</block>		
		<block name="plantedArmyOpen">
			<property name="Extends" value="plantedCar"/>
			<property name="PlantGrowing.Next" value="cntArmyTruckRandomLootHelper" />
		</block>
		<block name="plantedArmyClosed">
			<property name="Extends" value="plantedCar"/>
			<property name="PlantGrowing.Next" value="cntArmyTruckRandomLootHelper" />
		</block>
		<block name="plantedVan">
			<property name="Extends" value="plantedCar"/>
			<property name="PlantGrowing.Next" value="cntMinivan01RandomHelper" />
		</block>
		<block name="plantedWideVan">
			<property name="Extends" value="plantedCar"/>
			<property name="PlantGrowing.Next" value="cntMinivan3Wide01RandomHelper" />
		</block>
		<block name="plantedSUV">
			<property name="Extends" value="plantedCar"/>	
			<property name="PlantGrowing.Next" value="cntSUV01RandomHelper" />
		</block>
		<block name="plantedWideSUV">
			<property name="Extends" value="plantedCar"/>
			<property name="PlantGrowing.Next" value="cntSUV3Wide01RandomHelper" />
		</block>
		<block name="plantedTruck">
			<property name="Extends" value="plantedCar"/>	
			<property name="PlantGrowing.Next" value="cntPickupTruck01RandomHelper" />
		</block>
		<block name="plantedWideTruck">
			<property name="Extends" value="plantedCar"/>
			<property name="PlantGrowing.Next" value="cntPickupTruck3Wide01RandomHelper" />
		</block>
		<block name="plantedSemi">
			<property name="Extends" value="plantedCar"/>
			<property name="PlantGrowing.Next" value="cntSemiTruck01RandomHelper" />
		</block>
		<block name="plantedFireTruck">
			<property name="Extends" value="plantedCar"/>
			<property name="PlantGrowing.Next" value="cntFireTruck01RandomHelper" />
		</block>
		<block name="plantedFarmTruckClosed">
			<property name="Extends" value="plantedCar"/>
			<property name="PlantGrowing.Next" value="cntFarmTruckRandomLootHelper" />
		</block>
		<block name="plantedFarmTruckOpen">
			<property name="Extends" value="plantedCar"/>
			<property name="PlantGrowing.Next" value="cntFarmTruckRandomLootHelper" />
		</block>
		<block name="plantedTractorWhite">
			<property name="Extends" value="plantedCar"/>
			<property name="PlantGrowing.Next" value="tractorWhite" />
		</block>
		<block name="plantedTractorRed">
			<property name="Extends" value="plantedCar"/>
			<property name="PlantGrowing.Next" value="tractorRed" />
		</block>
		<block name="plantedTractorGreen">
			<property name="Extends" value="plantedCar"/>
			<property name="PlantGrowing.Next" value="tractorGreen" />
		</block>
		<block name="plantedTractorBlue">
			<property name="Extends" value="plantedCar"/>
			<property name="PlantGrowing.Next" value="tractorBlue" />
		</block>
		
		
		
		<block name="plantedExcavatorWhite">
			<property name="Extends" value="plantedCar"/>
			<property name="PlantGrowing.Next" value="excavatorWhite" />
		</block>
		<block name="plantedExcavatorRed">
			<property name="Extends" value="plantedCar"/>
			<property name="PlantGrowing.Next" value="excavatorRed" />
		</block>
		<block name="plantedExcavatorOrange">
			<property name="Extends" value="plantedCar"/>	
			<property name="PlantGrowing.Next" value="excavatorOrange" />
		</block>
		<block name="plantedExcavatorYellow">
			<property name="Extends" value="plantedCar"/>
			<property name="PlantGrowing.Next" value="excavatorYellow" />
		</block>
		<block name="plantedExcavatorGreen">
			<property name="Extends" value="plantedCar"/>
			<property name="PlantGrowing.Next" value="excavatorGreen" />
		</block>
		<block name="plantedExcavatorBlue">
			<property name="Extends" value="plantedCar"/>
			<property name="PlantGrowing.Next" value="excavatorBlue" />
		</block>
		<block name="plantedExcavatorGrey">
			<property name="Extends" value="plantedCar"/>
			<property name="PlantGrowing.Next" value="excavatorGrey" />
		</block>
		<block name="plantedExcavatorClawWhite">
			<property name="Extends" value="plantedCar"/>
			<property name="PlantGrowing.Next" value="excavatorClawWhite" />
		</block>
		<block name="plantedExcavatorClawRed">
			<property name="Extends" value="plantedCar"/>
			<property name="PlantGrowing.Next" value="excavatorClawRed" />
		</block>
		<block name="plantedExcavatorClawOrange">
			<property name="Extends" value="plantedCar"/>
			<property name="PlantGrowing.Next" value="excavatorClawOrange" />
		</block>
		<block name="plantedExcavatorClawYellow">
			<property name="Extends" value="plantedCar"/>
			<property name="PlantGrowing.Next" value="excavatorClawYellow" />
		</block>
		<block name="plantedExcavatorClawGreen">
			<property name="Extends" value="plantedCar"/>
			<property name="PlantGrowing.Next" value="excavatorClawBlue" />
		</block>
		<block name="plantedExcavatorClawBlue">
			<property name="Extends" value="plantedCar"/>
			<property name="PlantGrowing.Next" value="excavatorClawRed" />
		</block>
		<block name="plantedExcavatorClawGrey">
			<property name="Extends" value="plantedCar"/>
			<property name="PlantGrowing.Next" value="excavatorClawGrey" />
		</block>
		<block name="plantedbackhoeWhite">
			<property name="Extends" value="plantedCar"/>
			<property name="PlantGrowing.Next" value="backhoeWhite" />
		</block>
		<block name="plantedbackhoeYellow">
			<property name="Extends" value="plantedCar"/>
			<property name="PlantGrowing.Next" value="backhoeYellow" />
		</block>
		<block name="plantedbackhoeGreen">
			<property name="Extends" value="plantedCar"/>
			<property name="PlantGrowing.Next" value="backhoeGreen" />
		</block>
		<block name="plantedbackhoeBlue">
			<property name="Extends" value="plantedCar"/>
			<property name="PlantGrowing.Next" value="backhoeBlue" />
		</block>
		<block name="plantedbackhoeGrey">
			<property name="Extends" value="plantedCar"/>
			<property name="PlantGrowing.Next" value="backhoeGrey" />
		</block>
		<block name="plantedForkLiftWhite">
			<property name="Extends" value="plantedCar"/>
			<property name="PlantGrowing.Next" value="forkliftWhite" />
		</block>
		<block name="plantedForkLiftRed">
			<property name="Extends" value="plantedCar"/>
			<property name="PlantGrowing.Next" value="forkliftRed" />
		</block>
		<block name="plantedForkLiftOrange">
			<property name="Extends" value="plantedCar"/>
			<property name="PlantGrowing.Next" value="forkliftOrange" />
		</block>
		<block name="plantedForkLiftYellow">
			<property name="Extends" value="plantedCar"/>	
			<property name="PlantGrowing.Next" value="forkliftYellow" />
		</block>
		<block name="plantedForkLiftGreen">
			<property name="Extends" value="plantedCar"/>
			<property name="PlantGrowing.Next" value="forkliftGreen" />
		</block>
		<block name="plantedForkLiftBlue">
			<property name="Extends" value="plantedCar"/>	
			<property name="PlantGrowing.Next" value="forkliftBlue" />
		</block>
		<block name="plantedforklift2White">
			<property name="Extends" value="plantedCar"/>
			<property name="PlantGrowing.Next" value="forklift2White" />
		</block>
		<block name="plantedforklift2Red">
			<property name="Extends" value="plantedCar"/>
			<property name="PlantGrowing.Next" value="forklift2Red" />
		</block>
		<block name="plantedforklift2Orange">
			<property name="Extends" value="plantedCar"/>
			<property name="PlantGrowing.Next" value="forklift2Orange" />
		</block>
		<block name="plantedforklift2Yellow">
			<property name="Extends" value="plantedCar"/>	
			<property name="PlantGrowing.Next" value="forklift2Yellow" />
		</block>
		<block name="plantedforklift2Green">
			<property name="Extends" value="plantedCar"/>	
			<property name="PlantGrowing.Next" value="forklift2Green" />
		</block>
		<block name="plantedforklift2Blue">
			<property name="Extends" value="plantedCar"/>	
			<property name="PlantGrowing.Next" value="forklift2Blue" />
		</block>
		
		<block name="plantedcntCar03SedanDamage1Master">
			<property name="Extends" value="plantedCar"/>	
			<property name="PlantGrowing.Next" value="cntCar03SedanDamage1RandomHelper" />
		</block>
		<block name="plantedcntSedan01RandomHelper">
			<property name="Extends" value="plantedCar"/>	
			<property name="PlantGrowing.Next" value="cntSedan01RandomHelper" />
		</block>
		<block name="plantedcntFrontCrumpledSedan01RandomHelper">
			<property name="Extends" value="plantedCar"/>	
			<property name="PlantGrowing.Next" value="cntFrontCrumpledSedan01RandomHelper" />
		</block>
		<block name="plantedcntPoliceCar01">
			<property name="Extends" value="plantedCar"/>	
			<property name="PlantGrowing.Next" value="cntPoliceCar01" />
		</block>
	</append>	
	
	
	
	
	cntSedan3Wide01White
	cntPoliceCar01PickedLockBonus
	cntPoliceCar01AlarmUnlocked	
	cntFrontCrumpledSedan01White
	cntSedan01White
	cntCar03SedanDamage1Master
	cntMinivan01White
	cntMinivan3Wide01White
	cntSUV01White
	cntSUV3Wide01White
	cntPickupTruck01White
	cntPickupTruck3Wide01White
	cntSemiTruck01White
	cntFireTruck01White
	cntBusSchool
	cntArmyTruckOpen
	cntFarmTruckClosed
	forkliftWhite
	forklift2White
	
		
	
	<!--to make vehicles downgrade upon being destroyed to its planted type-->
	

		<append xpath="/blocks/block[@name='cntPoliceCar01PickedLockBonus']"> 
			<property name="Tags" value="carSeed"/>
			<property name="DowngradeBlock" value="plantedcntPoliceCar01"/>
		</append> 
		<append xpath="/blocks/block[@name='cntPoliceCar01AlarmUnlocked']"> 
			<property name="Tags" value="carSeed"/>
			<property name="DowngradeBlock" value="plantedcntPoliceCar01"/>
		</append> 
		
		
		
		<append xpath="/blocks/block[@name='cntFrontCrumpledSedan01White']"> 
			<property name="Tags" value="carSeed"/>
			<property name="DowngradeBlock" value="plantedcntFrontCrumpledSedan01RandomHelper"/>
		</append> 
		<append xpath="/blocks/block[@name='cntSedan3Wide01White']"> 
			<property name="Tags" value="carSeed"/>
			<property name="DowngradeBlock" value="plantedcntSedan01RandomHelper"/>
		</append> 				
		<append xpath="/blocks/block[@name='cntSedan01White']"> 
			<property name="Tags" value="carSeed"/>
			<property name="DowngradeBlock" value="plantedcntSedan01RandomHelper"/>
		</append> 	
		<append xpath="/blocks/block[@name='cntCar03SedanDamage1Master']"> 
			<property name="Tags" value="carSeed"/>
			<property name="DowngradeBlock" value="plantedcntCar03SedanDamage1Master"/>
		</append> 	
		<append xpath="/blocks/block[@name='cntCar03SedanDamage2Master']"> 
			<property name="Tags" value="carSeed"/>
			<property name="DowngradeBlock" value="plantedCar"/>
		</append> 	
		<append xpath="/blocks/block[@name='cntBusSchool']"> 
			<property name="Tags" value="carSeed"/>
			<property name="DowngradeBlock" value="plantedSchoolBus"/>
		</append> 
		<append xpath="/blocks/block[@name='cntBusSchoolShort']"> 
			<property name="Tags" value="carSeed"/>
			<property name="DowngradeBlock" value="plantedShortSchoolBus"/>
		</append> 
		<append xpath="/blocks/block[@name='cntBusShuttle']"> 
			<property name="Tags" value="carSeed"/>
			<property name="DowngradeBlock" value="plantedShuttleBus"/>
		</append> 	
		<append xpath="/blocks/block[@name='cntBusCity']"> 
			<property name="Tags" value="carSeed"/>
			<property name="DowngradeBlock" value="plantedCityBus"/>
		</append> 
		<append xpath="/blocks/block[@name='cntAmbulanceTruck01']">
			<property name="Tags" value="carSeed"/> 
			<property name="DowngradeBlock" value="plantedAmbulance"/>
		</append>
		<append xpath="/blocks/block[@name='cntServiceTruckMoPower']"> 
			<property name="Tags" value="carSeed"/>
			<property name="DowngradeBlock" value="plantedMoPower"/>
		</append>
		<append xpath="/blocks/block[@name='cntServiceTruckWorkingStiffTools']"> 
			<property name="Tags" value="carSeed"/>
			<property name="DowngradeBlock" value="plantedWorkingStiff"/>
		</append>	
		<append xpath="/blocks/block[@name='cntArmyTruckClosed']"> 
			<property name="Tags" value="carSeed"/>
			<property name="DowngradeBlock" value="plantedArmyClosed"/>
		</append>
		<append xpath="/blocks/block[@name='cntArmyTruckOpen']"> 
			<property name="Tags" value="carSeed"/>
			<property name="DowngradeBlock" value="plantedArmyOpen"/>
		</append>
		<append xpath="/blocks/block[@name='cntMinivan01White']"> 
			<property name="Tags" value="carSeed"/>
			<property name="DowngradeBlock" value="plantedVan"/>
		</append>
		<append xpath="/blocks/block[@name='cntMinivan3Wide01White']"> 
			<property name="Tags" value="carSeed"/>
			<property name="DowngradeBlock" value="plantedWideVan"/>
		</append>
		<append xpath="/blocks/block[@name='cntSUV01White']"> 
			<property name="Tags" value="carSeed"/>
			<property name="DowngradeBlock" value="plantedSUV"/>
		</append>
		<append xpath="/blocks/block[@name='cntSUV3Wide01White']"> 
			<property name="Tags" value="carSeed"/>
			<property name="DowngradeBlock" value="plantedWideSUV"/>
		</append>
		<append xpath="/blocks/block[@name='cntPickupTruck01White']"> 
			<property name="Tags" value="carSeed"/>
			<property name="DowngradeBlock" value="plantedSUV"/>
		</append>
		<append xpath="/blocks/block[@name='cntPickupTruck3Wide01White']"> 
			<property name="Tags" value="carSeed"/>
			<property name="DowngradeBlock" value="plantedWideSUV"/>
		</append>
		<append xpath="/blocks/block[@name='cntSemiTruck01White']"> 
			<property name="Tags" value="carSeed"/>
			<property name="DowngradeBlock" value="plantedSemi"/>
		</append>
		<append xpath="/blocks/block[@name='cntFireTruck01White']"> 
			<property name="Tags" value="carSeed"/>
			<property name="DowngradeBlock" value="plantedFireTruck"/>
		</append>
		<append xpath="/blocks/block[@name='cntFarmTruckClosed']"> 
			<property name="Tags" value="carSeed"/>
			<property name="DowngradeBlock" value="plantedFarmTruckClosed"/>
		</append>
		<append xpath="/blocks/block[@name='cntFarmTruckOpen']"> 
			<property name="Tags" value="carSeed"/>
			<property name="DowngradeBlock" value="plantedFarmTruckOpen"/>
		</append>
		<append xpath="/blocks/block[@name='tractorWhite']"> 
			<property name="Tags" value="carSeed"/>
			<property name="DowngradeBlock" value="plantedTractorWhite"/>
		</append>
		<append xpath="/blocks/block[@name='tractorRed']"> 
			<property name="Tags" value="carSeed"/>
			<property name="DowngradeBlock" value="plantedTractorRed"/>
		</append>
		<append xpath="/blocks/block[@name='tractorGreen']"> 
			<property name="Tags" value="carSeed"/>
			<property name="DowngradeBlock" value="plantedTractorGreen"/>
		</append>
		<append xpath="/blocks/block[@name='tractorBlue']"> 
			<property name="Tags" value="carSeed"/>
			<property name="DowngradeBlock" value="plantedTractorBlue"/>
		</append>
		
		

		<append xpath="/blocks/block[@name='excavatorWhite']"> 
			<property name="Tags" value="carSeed"/>
			<property name="DowngradeBlock" value="plantedExcavatorWhite"/>
		</append>
		<append xpath="/blocks/block[@name='excavatorRed']"> 
			<property name="Tags" value="carSeed"/>
			<property name="DowngradeBlock" value="plantedExcavatorRed"/>
		</append>

		<append xpath="/blocks/block[@name='excavatorOrange']"> 
			<property name="Tags" value="carSeed"/>
			<property name="DowngradeBlock" value="plantedExcavatorOrange"/>
		</append>

		<append xpath="/blocks/block[@name='excavatorYellow']"> 
			<property name="Tags" value="carSeed"/>
			<property name="DowngradeBlock" value="plantedExcavatorYellow"/>
		</append>

		<append xpath="/blocks/block[@name='excavatorGreen']"> 
			<property name="Tags" value="carSeed"/>
			<property name="DowngradeBlock" value="plantedExcavatorGreen"/>
		</append>

		<append xpath="/blocks/block[@name='excavatorBlue']"> 
			<property name="Tags" value="carSeed"/>
			<property name="DowngradeBlock" value="plantedExcavatorBlue"/>
		</append>

		<append xpath="/blocks/block[@name='excavatorGrey']"> 
			<property name="Tags" value="carSeed"/>
			<property name="DowngradeBlock" value="plantedExcavatorGrey"/>
		</append>

		
		<append xpath="/blocks/block[@name='excavatorClawWhite']"> 
			<property name="Tags" value="carSeed"/>
			<property name="DowngradeBlock" value="plantedExcavatorClawWhite"/>
		</append>	
		<append xpath="/blocks/block[@name='excavatorClawRed']"> 
			<property name="Tags" value="carSeed"/>
			<property name="DowngradeBlock" value="plantedExcavatorClawRed"/>
		</append>

		<append xpath="/blocks/block[@name='excavatorClawOrange']"> 
			<property name="Tags" value="carSeed"/>
			<property name="DowngradeBlock" value="plantedExcavatorClawOrange"/>
		</append>

		<append xpath="/blocks/block[@name='excavatorClawYellow']"> 
			<property name="Tags" value="carSeed"/>
			<property name="DowngradeBlock" value="plantedExcavatorClawYellow"/>
		</append>

		<append xpath="/blocks/block[@name='excavatorClawGreen']"> 
			<property name="Tags" value="carSeed"/>
			<property name="DowngradeBlock" value="plantedExcavatorClawGreen"/>
		</append>

		<append xpath="/blocks/block[@name='excavatorClawBlue']"> 
			<property name="Tags" value="carSeed"/>
			<property name="DowngradeBlock" value="plantedExcavatorClawBlue"/>
		</append>

		<append xpath="/blocks/block[@name='excavatorClawGrey']"> 
			<property name="Tags" value="carSeed"/>
			<property name="DowngradeBlock" value="plantedExcavatorClawGrey"/>
		</append>


		
		<append xpath="/blocks/block[@name='backhoeWhite']"> 
			<property name="Tags" value="carSeed"/>
			<property name="DowngradeBlock" value="plantedbackhoeWhite"/>
		</append>	
		<append xpath="/blocks/block[@name='backhoeYellow']"> 
			<property name="Tags" value="carSeed"/>
			<property name="DowngradeBlock" value="plantedbackhoeYellow"/>
		</append>
		<append xpath="/blocks/block[@name='backhoeGreen']"> 
			<property name="Tags" value="carSeed"/>
			<property name="DowngradeBlock" value="plantedbackhoeGreen"/>
		</append>
		<append xpath="/blocks/block[@name='backhoeBlue']"> 
			<property name="Tags" value="carSeed"/>
			<property name="DowngradeBlock" value="plantedbackhoeBlue"/>
		</append>
		<append xpath="/blocks/block[@name='backhoeGrey']"> 
			<property name="Tags" value="carSeed"/>
			<property name="DowngradeBlock" value="plantedbackhoeGrey"/>
		</append>


		
		<append xpath="/blocks/block[@name='forkliftWhite']"> 
			<property name="Tags" value="carSeed"/>
			<property name="DowngradeBlock" value="plantedForkLiftWhite"/>
		</append>
		<append xpath="/blocks/block[@name='forkliftRed']"> 
			<property name="Tags" value="carSeed"/>
			<property name="DowngradeBlock" value="plantedForkLiftRed"/>
		</append>
		<append xpath="/blocks/block[@name='forkliftOrange']"> 
			<property name="Tags" value="carSeed"/>
			<property name="DowngradeBlock" value="plantedForkLiftOrange"/>
		</append>
		<append xpath="/blocks/block[@name='forkliftYellow']"> 
			<property name="Tags" value="carSeed"/>
			<property name="DowngradeBlock" value="plantedForkLiftYellow"/>
		</append>
		<append xpath="/blocks/block[@name='forkliftGreen']"> 
			<property name="Tags" value="carSeed"/>
			<property name="DowngradeBlock" value="plantedForkLiftGreen"/>
		</append>
		<append xpath="/blocks/block[@name='forkliftBlue']"> 
			<property name="Tags" value="carSeed"/>
			<property name="DowngradeBlock" value="plantedForkLiftBlue"/>
		</append>
		
		
		
		<append xpath="/blocks/block[@name='forklift2White']"> 
			<property name="Tags" value="carSeed"/>
			<property name="DowngradeBlock" value="plantedforklift2White"/>
		</append>
		<append xpath="/blocks/block[@name='forklift2Red']"> 
			<property name="Tags" value="carSeed"/>
			<property name="DowngradeBlock" value="plantedforklift2Red"/>
		</append>
		<append xpath="/blocks/block[@name='forklift2Orange']"> 
			<property name="Tags" value="carSeed"/>
			<property name="DowngradeBlock" value="plantedforklift2Orange"/>
		</append>
		<append xpath="/blocks/block[@name='forklift2Yellow']"> 
			<property name="Tags" value="carSeed"/>
			<property name="DowngradeBlock" value="plantedforklift2Yellow"/>
		</append>
		<append xpath="/blocks/block[@name='forklift2Green']"> 
			<property name="Tags" value="carSeed"/>
			<property name="DowngradeBlock" value="plantedforklift2Green"/>
		</append>
		<append xpath="/blocks/block[@name='forklift2Blue']"> 
			<property name="Tags" value="carSeed"/>
			<property name="DowngradeBlock" value="plantedforklift2Blue"/>
		</append>
		
	
	
	
</AGFVanillaPlus-AutomobilesRespawn>
