<AGF-Backpack72>
	<append xpath="/controls">
	
		<backpack_item_stackAGF controller="ItemStack" on_scroll="false" allow_dropping="true" prefix_id="false" show_favorites="false">
			<rect controller="${controller}" style="itemStackAGF, hover" collider_scale="1.0" on_scroll="${on_scroll}" allow_dropping="${allow_dropping}" prefix_id="${prefix_id}" tooltip="{tooltip}" >
			<!--What you created in styles.xml, replace the itemStack name with it.-->
			
			<!--Below for many parts for width/height, whatever you subtracted from 67 to make your new cells, is how much you subtract in most of these.
			    Also, positioning will need to be adjusted for some as well.-->
			
				<sprite depth="2" name="backgroundMain" sprite="menu_empty3px" pos="-3,3" width="58" height="58" color="[black]" type="sliced" fillcenter="false" />
				<sprite depth="3" name="background" sprite="menu_empty3px" width="53" height="53" color="{selectionbordercolor}" type="sliced" globalopacity="true" fillcenter="false"/>
				<sprite depth="2" name="highlightOverlay" width="52" height="52" color="{backgroundcolor}" pos="0,0" type="sliced" globalopacity="true"/>

				<texture depth="3" name="backgroundTexture" material="Materials/Transparent Colored" size="53,53" globalopacity="true"/>
				<sprite depth="6" name="itemIcon" width="48" height="48" atlas="ItemIconAtlas" sprite="{itemicon}" pos="25,-25" pivot="center" foregroundlayer="true" color="{iconcolor}" />
																							<!--for position, first number is half of backgroundMain width.-->
																							<!--for position, second number is about -5 of first.-->
				
				<sprite depth="8" name="lockTypeIcon" width="18" height="18" sprite="{locktypeicon}" pos="2,-2" foregroundlayer="true"/>
				<sprite depth="8" name="itemtypeicon" width="22" height="22" sprite="ui_game_symbol_{itemtypeicon}" pos="2,-2" foregroundlayer="true" visible="{hasitemtypeicon}" color="{itemtypeicontint}" />

				<sprite depth="3" name="durabilityBackground" width="50" height="10" sprite="menu_empty3px" color="[darkGrey]" type="sliced" pos="1, -41" foregroundlayer="true" visible="{hasdurability}" />
				<filledsprite depth="4" name="durability" width="50" height="10" sprite="menu_empty2px" color="{durabilitycolor}" fill="{durabilityfill}" type="filled" pos="1, -41" foregroundlayer="true" visible="{hasdurability}" />

				<sprite depth="5" name="disabledOverlay" width="52" height="52" color="[darkGrey_half_alpha]" pos="1,-1" type="sliced" visible="false"/>

				<label depth="7" name="stackValue" pos="0,-34" width="50" height="22" text="{itemcount}" font_size="20" effect="outline" justify="{#hasdurability ? 'Center' : 'Right'}" />
				<label depth="7" name="timer" pos="35,-33" width="49" height="16" font_size="18" justify="center" pivot="center" effect="outline" color="[beige]"/>
				<sprite depth="9" name="cancel" sprite="ui_game_symbol_x" width="49" height="49" color="255,0,0,255" type="sliced" visible="false" foregroundlayer="true"/>
				<sprite depth="13" name="assembleIcon" size="35,35" sprite="{stacklockicon}" color="{stacklockcolor}" visible="{isassemblelocked}" pos="14,-14" foregroundlayer="true"/>
			</rect>
		</backpack_item_stackAGF>
		
		<item_action_entry7>
			<rect height="31" controller="ItemActionEntry" disabled_font_color="[disabledLabelColor]" default_font_color="[labelColor]" default_background_color="[mediumGrey]">
				<sprite depth="3" name="background" color="[mediumGrey]" type="sliced" on_press="true" on_hover="true" width="147" sound_play_on_hover="[default_hover]"/>
				<sprite depth="4" name="Icon" sprite="{actionicon}" size="24,24" color="{statuscolor}" pos="2,-3" foregroundlayer="true"/>
				<!--#$-IGS BEGIN: Adding gamepad callout. -$#-->
				<label depth="4" name="Name" pos="32,-15" width="78" height="26" text="{actionname}" font_size="26" color="{statuscolor}" effect="shadow" pivot="left" />
				<gamepad_icon depth="4" name="gamepadIcon" pos="146,-15" pivot="Right" />
				<label depth="4" name="keyboardButton" pos="145,-15" width="36" height="26" text="&lt;W&gt;" font_size="26" color="{statuscolor}" effect="shadow" pivot="right" justify="center" />
				<!--*#$-IGS END.-$#-->
			</rect>
		</item_action_entry7>
	</append>
	
	
	
<!--these changes below are for making the panel above the backpack match the width of the backpack.-->	
	
	<!--Ingredients / recipe section-->
	<set xpath="/controls/ingredient_header/rect[@name='header']/@width">519</set>
	
	<set xpath="/controls/ingredient_header/rect[@name='header']/rect[@width='236']/sprite/@width">314</set>
	<set xpath="/controls/ingredient_header/rect[@name='header']/rect[@width='236']/label/@width">302</set>
	<set xpath="/controls/ingredient_header/rect[@name='header']/rect[@width='236']/label/@pos">154,-23</set>
	<set xpath="/controls/ingredient_header/rect[@name='header']/rect[@width='236']/@width">308</set>
	
	<set xpath="/controls/ingredient_header/rect[@name='header']/rect[@width='140']/@pos">379,0</set>
	
	
	
	<set xpath="/controls/ingredient_row/rect[@name='row']/@width">519</set>
	<set xpath="/controls/ingredient_row/rect[@name='row']/rect[@width='65']/sprite[@name='backgroundMain']/@height">52</set>
	
	<set xpath="/controls/ingredient_row/rect[@name='row']/rect[@width='236']/sprite/@width">314</set>
	<set xpath="/controls/ingredient_row/rect[@name='row']/rect[@width='236']/label/@width">302</set>
	<set xpath="/controls/ingredient_row/rect[@name='row']/rect[@width='236']/label/@pos">154,-23</set>
	<set xpath="/controls/ingredient_row/rect[@name='row']/rect[@width='236']/sprite[@name='backgroundMain']/@height">52</set>
	<set xpath="/controls/ingredient_row/rect[@name='row']/rect[@width='236']/@width">308</set>
	
	<set xpath="/controls/ingredient_row/rect[@name='row']/rect[@width='140']/@pos">379,0</set>
	<set xpath="/controls/ingredient_row/rect[@name='row']/rect[@width='140']/sprite[@name='backgroundMain']/@height">52</set>
	
	
	
	<!--Unlocked by section-->
	<set xpath="/controls/unlocked_by_header/rect[@name='header']/@width">519</set>
	<set xpath="/controls/unlocked_by_header/rect[@name='header']/rect[@width='309']/sprite[@name='backgroundMain']/@width">386</set>
	<set xpath="/controls/unlocked_by_header/rect[@name='header']/rect[@width='309']/@width">386</set>		
	<set xpath="/controls/unlocked_by_header/rect[@name='header']/rect[@width='72']/@pos">450,0</set>	
	
	
	<set xpath="/controls/unlocked_by_row/rect[@name='row']/@width">519</set>
	<set xpath="/controls/unlocked_by_row/rect[@name='row']/rect[@width='309']/sprite[@name='backgroundMain']/@width">386</set>
	<set xpath="/controls/unlocked_by_row/rect[@name='row']/rect[@width='309']/@width">386</set>
	<set xpath="/controls/unlocked_by_row/rect[@name='row']/rect/sprite[@name='backgroundMain']/@height">52</set>		
	<set xpath="/controls/unlocked_by_row/rect[@name='row']/rect[@width='72']/@pos">450,0</set>	
	
	
	
	
	
</AGF-Backpack72>