<AGFVanillaPlus-TraderVendingMachine>


<!--Trader Vending Machine--><!--set up only purchasable with tier 5 bartering perk in secret stash-->
		<append xpath="/blocks/block[@name='cntVendingMachine2']">
			<property name="EconomicValue" value="15000"/>
			<property name="TraderStageTemplate" value="baseTier3"/>
		</append>	
		<append xpath="/blocks/block[@name='cntVendingMachineSnacksFull']">
			<property name="EconomicValue" value="15000"/>
			<property name="TraderStageTemplate" value="baseTier3"/>
		</append>
		<append xpath="/blocks/block[@name='cntVendingMachineEnergy']">
			<property name="EconomicValue" value="15000"/>
			<property name="TraderStageTemplate" value="baseTier3"/>
		</append>
		<append xpath="/blocks/block[@name='cntVendingMachineWater']">
			<property name="EconomicValue" value="15000"/>
			<property name="TraderStageTemplate" value="baseTier3"/>
		</append>



</AGFVanillaPlus-TraderVendingMachine>
