<AGFVanillaPlus-CosmeticMods>



<!--You don't have to buy or find cosmetic mods, you make em-->
		<remove xpath="/lootcontainers/lootgroup[@name='groupApparelHats']/item[@name='modArmorCowboyHat']"/>
		<remove xpath="/lootcontainers/lootgroup[@name='groupApparelHats']/item[@name='modArmorSkullCap']"/>
		<remove xpath="/lootcontainers/lootgroup[@name='groupApparelHats']/item[@name='modArmorPressboyCap']"/>
		<remove xpath="/lootcontainers/lootgroup[@name='groupApparelHats']/item[@name='modArmorBallCap']"/>



<!--Facial Piercings can be found in World Loot-->
		<append xpath="/lootcontainers/lootgroup[@name='clothingTestLoot']">
			<item name="apparelFacialPiercings" mods="dye" mod_chance="0"/>
		</append>
		<append xpath="/lootcontainers/lootgroup[@name='groupApparelFaceCover']">
			<item name="apparelFacialPiercings" mods="dye" mod_chance="0"/>
		</append>

		
		
</AGFVanillaPlus-CosmeticMods>