<AGFVanillaPlus-Tires2Wheels>

	<!--These blocks has 1 tire in it. -->
		<append xpath="/blocks/block[@name='decoCarWheelFlat']">
			<!--<property name="CanPickup" value="true" param1="vehicleWheels"/>-->
			<drop event="Destroy" name="vehicleWheels" count="1" prob=".2" tag="allHarvest"/>
		</append>
		
		<append xpath="/blocks/block[@name='decoCarWheelFlat02']">
			<!--<property name="CanPickup" value="true" param1="vehicleWheels"/>-->
			<drop event="Destroy" name="vehicleWheels" count="1" prob=".2" tag="allHarvest"/>
		</append>
			
		<append xpath="/blocks/block[@name='decoCarWheelOffset01']">
			<!--<property name="CanPickup" value="true" param1="vehicleWheels"/>-->
			<drop event="Destroy" name="vehicleWheels" count="1" prob=".2" tag="allHarvest"/>
		</append>
		
			
		<append xpath="/blocks/block[@name='decoCarTireFlat']">
			<!--<property name="CanPickup" value="true" param1="resourceTire"/>-->
			<drop event="Destroy" name="resourceTire" count="1" prob=".2" tag="allHarvest"/>			
		</append>
		
		<append xpath="/blocks/block[@name='decoCarTireFlat02']">
			<!--<property name="CanPickup" value="true" param1="vehicleWheels"/>-->
			<drop event="Destroy" name="vehicleWheels" count="1" prob=".2" tag="allHarvest"/>
		</append>
		
		<append xpath="/blocks/block[@name='decoCarPartsRamp']">
			<!--<property name="CanPickup" value="true" param1="resourceTire"/>-->
			<drop event="Destroy" name="resourceTire" count="1" prob=".2" tag="allHarvest"/>					
		</append>


		
	<!--These blocks have 3 tire in them. -->
		<append xpath="/blocks/block[@name='decoCarTirePile']">
			<drop event="Destroy" name="resourceTire" count="2,3" prob=".2" tag="allHarvest"/>				
		</append>
		
		<append xpath="/blocks/block[@name='decoCarTirePile02']">
			<drop event="Destroy" name="resourceTire" count="2,3" prob=".2" tag="allHarvest"/>					
		</append>
	
		
	



</AGFVanillaPlus-Tires2Wheels>
