<AGFVanillaPlus-CraftStackEngBattCells>


	<!--Adding engine to checklist-->
	<append xpath="/windows/window[@name='Schematics']/rect[@name='tabsContents']/rect[@name='craftinglistTab']/rect[@name='tabsInChecklist']/rect[@name='tabsContents']/rect[@name='allChecklists']/grid[@name='checklistElectrician']/entry[@name='engine']">
		<sprite name="itemIcon" depth="3" pos="2,0" size="21,21" foregroundlayer="true" atlas="ItemIconAtlas" sprite="smallEngine" color=""/>
	</append>

	<!--ZoomedIn part for adding the engine.... -->
	<set xpath="/windows/window[@name='Schematics']/rect[@name='tabsContents']/rect[@name='craftinglistTab']/rect[@name='tabsInChecklist']/rect[@name='tabsContents']/rect[@name='zoomedElectrician']/grid[@name='checklistElectrician']/entry[@name='QSection45']/sprite[@sprite='motionsensor']/@pos">2,-40</set>
	<set xpath="/windows/window[@name='Schematics']/rect[@name='tabsContents']/rect[@name='craftinglistTab']/rect[@name='tabsInChecklist']/rect[@name='tabsContents']/rect[@name='zoomedElectrician']/grid[@name='checklistElectrician']/entry[@name='QSection45']/sprite[@sprite='electrictimerrelay']/@pos">42,-40</set>
	<set xpath="/windows/window[@name='Schematics']/rect[@name='tabsContents']/rect[@name='craftinglistTab']/rect[@name='tabsInChecklist']/rect[@name='tabsContents']/rect[@name='zoomedElectrician']/grid[@name='checklistElectrician']/entry[@name='QSection45']/sprite[@sprite='pressureplate']/@pos">82,-40</set>
	<set xpath="/windows/window[@name='Schematics']/rect[@name='tabsContents']/rect[@name='craftinglistTab']/rect[@name='tabsInChecklist']/rect[@name='tabsContents']/rect[@name='zoomedElectrician']/grid[@name='checklistElectrician']/entry[@name='QSection45']/sprite[@sprite='pressureplateLong']/@pos">128,-40</set>
	<set xpath="/windows/window[@name='Schematics']/rect[@name='tabsContents']/rect[@name='craftinglistTab']/rect[@name='tabsInChecklist']/rect[@name='tabsContents']/rect[@name='zoomedElectrician']/grid[@name='checklistElectrician']/entry[@name='QSection45']/sprite[@sprite='spotlightPlayer']/@pos">166,-40</set>
	<set xpath="/windows/window[@name='Schematics']/rect[@name='tabsContents']/rect[@name='craftinglistTab']/rect[@name='tabsInChecklist']/rect[@name='tabsContents']/rect[@name='zoomedElectrician']/grid[@name='checklistElectrician']/entry[@name='QSection45']/sprite[@sprite='speaker']/@pos">204,-40</set>
	<insertafter xpath="/windows/window[@name='Schematics']/rect[@name='tabsContents']/rect[@name='craftinglistTab']/rect[@name='tabsInChecklist']/rect[@name='tabsContents']/rect[@name='zoomedElectrician']/grid[@name='checklistElectrician']/entry[@name='QSection45']/sprite[@sprite='speaker']">
		<sprite name="itemIcon" depth="3" pos="250,-40" size="50,50" foregroundlayer="true" atlas="ItemIconAtlas" sprite="smallEngine" color="" tooltip_key="smallEngine"/>
	</insertafter>	

	<!--Crafting List adjustment-->
	<append xpath="/windows/window[@name='Schematics']/rect[@name='tabsContents']/rect[@name='craftinglistTab']/rect[@name='tabsInChecklist']/rect[@name='tabsContents']/rect[@name='allChecklists']/grid[@name='checklistElectrician']/entry[@name='carBatteryStackMod']">
		<sprite name="itemIcon" depth="3" pos="2,0" size="21,21" foregroundlayer="true" atlas="ItemIconAtlas" sprite="carBattery" color=""/>
	</append>
	
	<remove xpath="/windows/window[@name='Schematics']/rect[@name='tabsContents']/rect[@name='craftinglistTab']/rect[@name='tabsInChecklist']/rect[@name='tabsContents']/rect[@name='allChecklists']/grid[@name='checklistElectrician']/entry[@name='carBattery']"/>
	
	<!--adds solar bank and solar cell crafting to the main list-->
	<insertBefore xpath="/windows/window[@name='Schematics']/rect[@name='tabsContents']/rect[@name='craftinglistTab']/rect[@name='tabsInChecklist']/rect[@name='tabsContents']/rect[@name='allChecklists']/grid[@name='checklistElectrician']/entry[@name='MT']">
		<entry name="Q1">
			<sprite depth="1" name="backgroundSection" sprite="menu_empty3px" width="50" height="42" color="[darkGrey]" type="sliced" fillcenter="true"/>
			<sprite depth="2" name="backgroundBorderSection" foregroundlayer="true" sprite="menu_empty3px" pos="0,0" width="50" height="42" color="[black]" type="sliced" fillcenter="false"/>
			<sprite depth="2" name="backgroundBorder" sprite="menu_empty3px" pos="2,-2" width="21" height="16" color="[black]" type="sliced" fillcenter="false"/>
			<sprite depth="2" name="background" sprite="menu_empty3px" pos="3,-3" width="19" height="16" color="156, 136, 103" type="sliced" fillcenter="true"/>
			<label depth="3" name="checkunlock" pos="0,-3" width="25" height="16" justify="center" text="80" color="[black]" font_size="16"/>
			<filledsprite depth="1" name="yesUnlocked" color="0,180,0,180" pos="0,0" width="50" height="40" fillcenter="true" type="filled" fill="{cvar(craftingElectricianCheck80)}"/>
		</entry>
		<entry/>
		<entry/>
		<entry name="Icon">
			<sprite name="itemIcon" depth="3" pos="0,0" size="21,21" foregroundlayer="true" atlas="ItemIconAtlas" sprite="solarbank" color=""/>
		</entry>
		<entry/>
		<entry/>
		<entry/>
		<entry/>
		<entry name="Q1">
			<sprite depth="1" name="backgroundSection" sprite="menu_empty3px" width="50" height="42" color="[darkGrey]" type="sliced" fillcenter="true"/>
			<sprite depth="2" name="backgroundBorderSection" foregroundlayer="true" sprite="menu_empty3px" pos="0,0" width="50" height="42" color="[black]" type="sliced" fillcenter="false"/>
			<sprite depth="2" name="backgroundBorder" sprite="menu_empty3px" pos="2,-2" width="21" height="16" color="[black]" type="sliced" fillcenter="false"/>
			<sprite depth="2" name="background" sprite="menu_empty3px" pos="3,-3" width="19" height="16" color="156, 136, 103" type="sliced" fillcenter="true"/>
			<label depth="3" name="checkunlock" pos="0,-3" width="25" height="16" justify="center" text="100" color="[black]" font_size="16"/>
			<filledsprite depth="1" name="yesUnlocked" color="0,180,0,180" pos="0,0" width="50" height="40" fillcenter="true" type="filled" fill="{cvar(craftingElectricianCheck100)}"/>
		</entry>
		<entry/>
		<entry/>
		<entry name="Icon">
			<sprite name="itemIcon" depth="3" pos="0,0" size="21,21" foregroundlayer="true" atlas="ItemIconAtlas" sprite="solarCell" color=""/>
		</entry>
		<entry/>
		<entry/>
		<entry/>
		<entry/>
	</insertBefore >
	
	<!--Zoom Button adjustment-->
	<set xpath="/windows/window[@name='Schematics']/rect[@name='tabsContents']/rect[@name='craftinglistTab']/rect[@name='tabsInChecklist']/rect[@name='tabsHeader']/simplebutton[@name='tabButton-electrician']/@height">530</set>	
	

	<!--Crafting List-Zoomed adjustment-->
	<remove xpath="/windows/window[@name='Schematics']/rect[@name='tabsContents']/rect[@name='craftinglistTab']/rect[@name='tabsInChecklist']/rect[@name='tabsContents']/rect[@name='zoomedElectrician']/grid[@name='checklistElectrician']/entry[@name='QSectionbattery']"/>
	
	<set xpath="/windows/window[@name='Schematics']/rect[@name='tabsContents']/rect[@name='craftinglistTab']/rect[@name='tabsInChecklist']/rect[@name='tabsContents']/rect[@name='zoomedElectrician']/grid[@name='checklistElectrician']/entry[@name='QSectionbatterybank']/sprite[@sprite='batterybank']/@pos">75,-40</set>
	<set xpath="/windows/window[@name='Schematics']/rect[@name='tabsContents']/rect[@name='craftinglistTab']/rect[@name='tabsInChecklist']/rect[@name='tabsContents']/rect[@name='zoomedElectrician']/grid[@name='checklistElectrician']/entry[@name='QSectionbatterybank']/sprite[@sprite='ironGarageDoorWhite']/@pos">120,-40</set>
	<insertafter xpath="/windows/window[@name='Schematics']/rect[@name='tabsContents']/rect[@name='craftinglistTab']/rect[@name='tabsInChecklist']/rect[@name='tabsContents']/rect[@name='zoomedElectrician']/grid[@name='checklistElectrician']/entry[@name='QSectionbatterybank']/sprite[@sprite='ironGarageDoorWhite']">
		<sprite name="itemIcon" depth="3" pos="175,-40" size="50,50" foregroundlayer="true" atlas="ItemIconAtlas" sprite="carBattery" color="" tooltip_key="carBattery"/>
	</insertafter>
	<insertafter xpath="/windows/window[@name='Schematics']/rect[@name='tabsContents']/rect[@name='craftinglistTab']/rect[@name='tabsInChecklist']/rect[@name='tabsContents']/rect[@name='zoomedElectrician']/grid[@name='checklistElectrician']/entry[@name='QSectionbatterybank']">
		<entry name="QSection">
			<!--Background of Section-->
			<sprite depth="1" name="backgroundSection" sprite="menu_empty3px" width="300" height="100" color="[darkGrey]" type="sliced" fillcenter="true"/>
			<sprite depth="3" name="backgroundBorderSection" sprite="menu_empty3px" foregroundlayer="true" pos="0,0" width="150" height="100" color="[black]" type="sliced" fillcenter="false"/>
			<sprite depth="3" name="backgroundBorderSection" sprite="menu_empty3px" foregroundlayer="true" pos="150,0" width="150" height="100" color="[black]" type="sliced" fillcenter="false"/>
			<!--If completed-->
			<filledsprite depth="2" name="yesUnlocked" color="0,180,0,180" pos="0,0" width="150" height="100" fillcenter="true" type="filled" fill="{cvar(craftingElectricianCheck80)}"/>
			<filledsprite depth="2" name="yesUnlocked" color="0,180,0,180" pos="150,0" width="150" height="100" fillcenter="true" type="filled" fill="{cvar(craftingElectricianCheck100)}"/>
			<!--Q1-->
			<sprite depth="3" name="backgroundBorder" sprite="menu_empty3px" pos="0,0" width="50" height="30" color="[black]" type="sliced" fillcenter="false"/>
			<sprite depth="2" name="background" sprite="menu_empty3px" pos="0,0" width="50" height="30" color="156, 136, 103" type="sliced" fillcenter="true"/>
			<label depth="3" name="checkunlock" pos="0,-4" width="50" height="30" justify="center" text="80" color="[black]" font_size="26"/>
			<!--Q1-->
			<sprite depth="3" name="backgroundBorder" sprite="menu_empty3px" pos="150,0" width="50" height="30" color="[black]" type="sliced" fillcenter="false"/>
			<sprite depth="2" name="background" sprite="menu_empty3px" pos="150,0" width="50" height="30" color="156, 136, 103" type="sliced" fillcenter="true"/>
			<label depth="3" name="checkunlock" pos="150,-4" width="50" height="30" justify="center" text="100" color="[black]" font_size="26"/>
			<!--Icons-->
			<sprite name="itemIcon" depth="3" pos="50,-40" size="50,50" foregroundlayer="true" atlas="ItemIconAtlas" sprite="solarbank" color="" tooltip_key="solarbank"/>
			<sprite name="itemIcon" depth="3" pos="200,-40" size="50,50" foregroundlayer="true" atlas="ItemIconAtlas" sprite="solarCell" color="" tooltip_key="solarCell"/>
		</entry>
	</insertafter>

	<!--Rearranging of checklist columns and their zoom buttons-->
	<set xpath="/windows/window[@name='Schematics']/rect[@name='tabsContents']/rect[@name='craftinglistTab']/rect[@name='tabsInChecklist']/rect[@name='tabsContents']/rect[@name='allChecklists']/grid[@name='checklistSeeds']/@pos">1210,-10</set>
	<set xpath="/windows/window[@name='Schematics']/rect[@name='tabsContents']/rect[@name='craftinglistTab']/rect[@name='tabsInChecklist']/rect[@name='tabsContents']/rect[@name='allChecklists']/grid[@name='checklistElectrician']/@pos">1150,-10</set>
	
	<set xpath="/windows/window[@name='Schematics']/rect[@name='tabsContents']/rect[@name='craftinglistTab']/rect[@name='tabsInChecklist']/rect[@name='tabsHeader']/simplebutton[@name='tabButton-seeds']/@pos">1210,-10</set>
	<set xpath="/windows/window[@name='Schematics']/rect[@name='tabsContents']/rect[@name='craftinglistTab']/rect[@name='tabsInChecklist']/rect[@name='tabsHeader']/simplebutton[@name='tabButton-electrician']/@pos">1150,-10</set>
	
	
	
</AGFVanillaPlus-CraftStackEngBattCells>
