<AGFVanillaPlus-MasterTool>


<!--Master Tool Schematic Treasure Map Part-->
		<append xpath="/lootcontainers/lootgroup[@name='groupInfestedT5']">
			<item name="noteAGFMasterTool" count="1"/> 
		</append>	
	
	
	
	<append xpath="/lootcontainers">
		<lootgroup name="groupMasterToolSchematic">
			<item name="meleeMasterToolSchematic" count="1"/>
		</lootgroup>	
	</append>
	
	
	
	<append xpath="/lootcontainers">	
		<lootcontainer name="cntMasterToolSchematicLoot" count="1" size="5,5" destroy_on_close="true" sound_open="SupplyDrops/open_supply_crate" sound_close="SupplyDrops/close_supply_crate" open_time="10.0" loot_quality_template="qualBaseTemplate" ignore_loot_abundance="true" unmodified_lootstage="true">
			<item group="groupMasterToolSchematic"/>
		</lootcontainer>
	</append>
	
	
	
	
</AGFVanillaPlus-MasterTool>