<AGFVanillaPlus-DewsPlus>

<!--to make safe for installing on existing saves, I have to recreate a new dew collector that is 2x3x2-->
<append xpath="/blocks">
	<block name="cntDewCollector2x3x2">
		<property name="Class" value="DewCollector"/>
		<property name="CustomIcon" value="cntDewCollector"/>
		<property name="UnlockedBy" value="craftingWorkstations"/>
		<property name="WorkstationIcon" value="ui_game_symbol_water"/>
		<property name="CreativeMode" value="Player"/>
		<property name="DescriptionKey" value="dewCollectorDesc"/>
		<property name="Material" value="MFuelBarrelPolymer"/>
		<property name="Shape" value="ModelEntity"/>
		<property name="Model" value="Entities/Furniture/collectorDewPrefab"/>
		<property name="MultiBlockDim" value="2,3,2"/>
		<property name="ImposterExchange" value="imposterBlock" param1="116"/>
		<property name="WaterFlow" value="permitted"/>
		<property name="Place" value="TowardsPlacerInverted"/>
		<property name="RestrictSubmergedPlacement" value="true"/>
		<property name="AllowedRotations" value="Basic90"/>
		<property name="Path" value="solid"/>
		<property name="IsDecoration" value="true"/>
		<property name="StabilitySupport" value="false"/>
		<property name="OpenSound" value="collector_open"/>
		<property name="CloseSound" value="collector_close"/>
		<property name="ConvertSound" value="collector_complete_item"/>
		<property name="MinConvertTime" value="21600" /> <!-- 21600 Game Seconds = 6 Game Hours -->
		<property name="MaxConvertTime" value="36000" /> <!-- 36000 Game Seconds = 10 Game Hours -->
		<property name="ConvertToItem" value="drinkJarBoiledWater" />
		<property name="EconomicValue" value="5"/>
		<property name="EconomicBundleSize" value="1"/>
		<property name="SellableToTrader" value="false"/>
		<property name="MaxDamage" value="200"/>
		<property name="HeatMapStrength" value="2"/>
		<property name="HeatMapTime" value="5000"/>
		<property name="HeatMapFrequency" value="1000"/>
		<property class="RepairItems">
			<property name="resourceScrapPolymers" value="20"/>
		</property>
		<drop event="Harvest" name="resourceScrapPolymers" count="40,60" tag="allHarvest"/>
		<drop event="Harvest" name="resourceMetalPipe" count="1,3" tag="allHarvest"/>
		<drop event="Destroy" name="resourceWaterFilter" count="0,1"/>
		<property name="DestroyFX" value="blockdestroy_cloth,collector_destroy"/>
		<property name="SortOrder1" value="B281"/>
		<property name="SortOrder2" value="0100"/>
		<property name="Group" value="Basics,Food/Cooking,Building,advBuilding"/>
		<property name="Tags" value="workstationSkill,twitch_workstation"/>
		<property name="FilterTags" value="MC_playerBlocks,SC_decor"/>
	</block>
</append>


<append xpath="/blocks">
	<block name="cntDewCollectorx5v2">
		<property name="Class" value="DewCollector"/>
		<property name="CustomIcon" value="cntDewCollector"/>
		<property name="CustomIconTint" value="ddcdfa"/><property name="ItemTypeIcon" value="radial_number_5"/>
		<property name="TintColor" value="ddcdfa"/>
		<property name="WorkstationIcon" value="ui_game_symbol_water"/>
		<property name="CreativeMode" value="Player"/>
		<property name="DescriptionKey" value="dewCollectorDescx5"/>
		<property name="Material" value="MFuelBarrelPolymer"/>
		<property name="Shape" value="ModelEntity"/>
		<property name="Model" value="Entities/Furniture/collectorDewPrefab"/>
		<property name="MultiBlockDim" value="2,3,2"/>
		<property name="ImposterExchange" value="imposterBlock" param1="116"/>
		<property name="WaterFlow" value="permitted"/>
		<property name="Place" value="TowardsPlacerInverted"/>
		<property name="RestrictSubmergedPlacement" value="true"/>
		<property name="AllowedRotations" value="Basic90"/>
		<property name="Path" value="solid"/>
		<property name="IsDecoration" value="true"/>
		<property name="StabilitySupport" value="false"/>
		<property name="OpenSound" value="collector_open"/>
		<property name="CloseSound" value="collector_close"/>
		<property name="ConvertSound" value="collector_complete_item"/>
		<property name="MinConvertTime" value="21600" /> <!-- 21600 Game Seconds = 6 Game Hours -->
		<property name="MaxConvertTime" value="36000" /> <!-- 36000 Game Seconds = 10 Game Hours -->
		<property name="ConvertToItem" value="drinkJarBoiledWaterx5" />
		<property name="EconomicValue" value="25"/>
		<property name="EconomicBundleSize" value="1"/>
		<property name="SellableToTrader" value="false"/>
		<property name="NoScrapping" value="true"/>
		<property name="MaxDamage" value="1000"/>
		<property name="HeatMapStrength" value="10"/>
		<property name="HeatMapTime" value="25000"/>
		<property name="HeatMapFrequency" value="5000"/>
		<property class="RepairItems">
			<property name="resourceScrapPolymers" value="100"/>
		</property>
		<drop event="Harvest" name="resourceScrapPolymers" count="200,300" tag="allHarvest"/>
		<drop event="Harvest" name="resourceMetalPipe" count="5,15" tag="allHarvest"/>
		<drop event="Destroy" name="resourceWaterFilter" count="0,5"/>
		<property name="DestroyFX" value="blockdestroy_cloth,collector_destroy"/>
		<property name="SortOrder1" value="B281"/>
		<property name="SortOrder2" value="0100"/>
		<property name="Group" value="Basics,Food/Cooking,Building,advBuilding"/>
		<property name="Tags" value="workstationSkill,twitch_workstation"/>
		<property name="FilterTags" value="MC_playerBlocks,SC_decor"/>
	</block>
</append>






<!-- Makes older version destroyable into the new one!-->
<set xpath="/blocks/block[@name='cntDewCollector']/drop[@event='Destroy']/@name">cntDewCollector2x3x2</set>
<set xpath="/blocks/block[@name='cntDewCollector']/drop[@event='Destroy']/@count">1</set>
<set xpath="/blocks/block[@name='cntDewCollector']/drop[@event='Harvest']/@count">0</set>
<set xpath="/blocks/block[@name='cntDewCollector']/property[@name='MaxDamage']/@value">100</set>



<append xpath="/blocks">
	<block name="cntDewCollectorx5">		
		<property name="Class" value="DewCollector"/>
		<property name="CustomIcon" value="cntDewCollector"/>
		<property name="CustomIconTint" value="ddcdfa"/><property name="ItemTypeIcon" value="radial_number_5"/>
		<property name="TintColor" value="ddcdfa"/>
		<property name="WorkstationIcon" value="ui_game_symbol_water"/>
		<property name="CreativeMode" value="Player"/>
		<property name="DescriptionKey" value="dewCollectorDescx5"/>
		<property name="Material" value="MFuelBarrelPolymer"/>
		<property name="Shape" value="ModelEntity"/>
		<property name="Model" value="Entities/Furniture/collectorDewPrefab"/>
		<property name="MultiBlockDim" value="2,3,2"/>
		<property name="ImposterExchange" value="imposterBlock" param1="116"/>
		<property name="WaterFlow" value="permitted"/>
		<property name="Place" value="TowardsPlacerInverted"/>
		<property name="RestrictSubmergedPlacement" value="true"/>
		<property name="AllowedRotations" value="Basic90"/>
		<property name="Path" value="solid"/>
		<property name="IsDecoration" value="true"/>
		<property name="StabilitySupport" value="false"/>
		<property name="OpenSound" value="collector_open"/>
		<property name="CloseSound" value="collector_close"/>
		<property name="ConvertSound" value="collector_complete_item"/>
		<property name="MinConvertTime" value="21600" /> <!-- 21600 Game Seconds = 6 Game Hours -->
		<property name="MaxConvertTime" value="36000" /> <!-- 36000 Game Seconds = 10 Game Hours -->
		<property name="ConvertToItem" value="drinkJarBoiledWaterx5" />
		<property name="EconomicValue" value="25"/>
		<property name="EconomicBundleSize" value="1"/>
		<property name="SellableToTrader" value="false"/>
		<property name="NoScrapping" value="true"/>
		<property name="MaxDamage" value="100"/>
		<property name="HeatMapStrength" value="10"/>
		<property name="HeatMapTime" value="25000"/>
		<property name="HeatMapFrequency" value="5000"/>
		<property class="RepairItems">
			<property name="resourceScrapPolymers" value="100"/>
		</property>
		<drop event="Harvest" name="resourceScrapPolymers" count="0" tag="allHarvest"/>
		<drop event="Harvest" name="resourceMetalPipe" count="0" tag="allHarvest"/>
		<drop event="Destroy" name="cntDewCollectorx5v2" count="1"/>
		<property name="DestroyFX" value="blockdestroy_cloth,collector_destroy"/>
		<property name="SortOrder1" value="B281"/>
		<property name="SortOrder2" value="0100"/>
		<property name="Group" value="Basics,Food/Cooking,Building,advBuilding"/>
		<property name="Tags" value="workstationSkill,twitch_workstation"/>
		<property name="FilterTags" value="MC_playerBlocks,SC_decor"/>
	</block>
</append>



</AGFVanillaPlus-DewsPlus>
