<AGFVanillaPlus-CompactTrees>


	<append xpath="/recipes">

		<recipe name="treePlantedOak1mx5" count="1" craft_time="2" craft_exp_gain="0">
			<ingredient name="treePlantedOak1m" count="5"/>
		</recipe>

		<recipe name="treePlantedMountainPine1mx5" count="1" craft_time="2" craft_exp_gain="0">
			<ingredient name="treePlantedMountainPine1m" count="5"/>
		</recipe>

		<recipe name="treePlantedWinterPine1mx5" count="1" craft_time="2" craft_exp_gain="0">
			<ingredient name="treePlantedWinterPine1m" count="5"/>
		</recipe>

	</append>


</AGFVanillaPlus-CompactTrees>
