<AGFVanillaPlus-RebundleBundles>


	<!--BUNDLES PLUS-->		
			<!--Due to changes in stack sizes and an explotation, removed xp gain from Mining Pallet Bundling-->
			<setattribute xpath="/recipes/recipe[@name='resourceRockSmallBundle']" name="craft_exp_gain">0</setattribute>
			<setattribute xpath="/recipes/recipe[@name='resourceWoodBundle']" name="craft_exp_gain">0</setattribute>
			<setattribute xpath="/recipes/recipe[@name='resourceScrapIronBundle']" name="craft_exp_gain">0</setattribute>
			<setattribute xpath="/recipes/recipe[@name='resourcePotassiumNitratePowderBundle']" name="craft_exp_gain">0</setattribute>
			<setattribute xpath="/recipes/recipe[@name='resourceLeadBundle']" name="craft_exp_gain">0</setattribute>
			<setattribute xpath="/recipes/recipe[@name='resourceCoalBundle']" name="craft_exp_gain">0</setattribute>
			<setattribute xpath="/recipes/recipe[@name='resourceOilShaleBundle']" name="craft_exp_gain">0</setattribute>	
			
			<!--reduced bundling time from 10 seconds to 2-->
			<setattribute xpath="/recipes/recipe[@name='resourceRockSmallBundle']" name="craft_time">2</setattribute>
			<setattribute xpath="/recipes/recipe[@name='resourceWoodBundle']" name="craft_time">2</setattribute>
			<setattribute xpath="/recipes/recipe[@name='resourceScrapIronBundle']" name="craft_time">2</setattribute>
			<setattribute xpath="/recipes/recipe[@name='resourcePotassiumNitratePowderBundle']" name="craft_time">2</setattribute>
			<setattribute xpath="/recipes/recipe[@name='resourceLeadBundle']" name="craft_time">2</setattribute>
			<setattribute xpath="/recipes/recipe[@name='resourceCoalBundle']" name="craft_time">2</setattribute>
			<setattribute xpath="/recipes/recipe[@name='resourceOilShaleBundle']" name="craft_time">2</setattribute>	
		

		<!--RebundleBundles-->
			<append xpath="/recipes">
				<recipe name="ammoGasCanBundle" count="1" craft_time="2" craft_exp_gain="0" tags="learnable">					<ingredient name="ammoGasCan" count="5000"/></recipe>			
				<recipe name="resourceGunPowderBundle" count="1" craft_time="2" craft_exp_gain="0" tags="learnable">			<ingredient name="resourceGunPowder" count="1000"/></recipe>
				<recipe name="resourceLockPickBundle" count="1" craft_time="2" craft_exp_gain="0" tags="learnable">				<ingredient name="resourceLockPick" count="50"/></recipe>
			</append>

			<append xpath="/recipes">
				<recipe name="ammoBundle9mmBulletBall" count="1" craft_time="2" craft_exp_gain="0" tags="learnable">			<ingredient name="ammo9mmBulletBall" count="100"/></recipe>
				<recipe name="ammoBundle9mmBulletHP" count="1" craft_time="2" craft_exp_gain="0" tags="learnable">				<ingredient name="ammo9mmBulletHP" count="100"/></recipe>
				<recipe name="ammoBundle9mmBulletAP" count="1" craft_time="2" craft_exp_gain="0" tags="learnable">				<ingredient name="ammo9mmBulletAP" count="100"/></recipe>
				<recipe name="ammoBundle44MagnumBulletBall" count="1" craft_time="2" craft_exp_gain="0" tags="learnable">		<ingredient name="ammo44MagnumBulletBall" count="100"/></recipe>
				<recipe name="ammoBundle44MagnumBulletHP" count="1" craft_time="2" craft_exp_gain="0" tags="learnable">			<ingredient name="ammo44MagnumBulletHP" count="100"/></recipe>	
				<recipe name="ammoBundle44MagnumBulletAP" count="1" craft_time="2" craft_exp_gain="0" tags="learnable">			<ingredient name="ammo44MagnumBulletAP" count="100"/></recipe>	
				<recipe name="ammoBundle762mmBulletBall" count="1" craft_time="2" craft_exp_gain="0" tags="learnable">			<ingredient name="ammo762mmBulletBall" count="100"/></recipe>	
				<recipe name="ammoBundle762mmBulletHP" count="1" craft_time="2" craft_exp_gain="0" tags="learnable">			<ingredient name="ammo762mmBulletHP" count="100"/></recipe>	
				<recipe name="ammoBundle762mmBulletAP" count="1" craft_time="2" craft_exp_gain="0" tags="learnable">			<ingredient name="ammo762mmBulletAP" count="100"/></recipe>	
				<recipe name="ammoBundleShotgunShell" count="1" craft_time="2" craft_exp_gain="0" tags="learnable">				<ingredient name="ammoShotgunShell" count="100"/></recipe>
				<recipe name="ammoBundleShotgunSlug" count="1" craft_time="2" craft_exp_gain="0" tags="learnable">				<ingredient name="ammoShotgunSlug" count="100"/></recipe>
				<recipe name="ammoBundleShotgunBreachingSlug" count="1" craft_time="2" craft_exp_gain="0" tags="learnable">		<ingredient name="ammoShotgunBreachingSlug" count="100"/></recipe>
				<recipe name="ammoBundleJunkTurretRegular" count="1" craft_time="2" craft_exp_gain="0" tags="learnable">		<ingredient name="ammoJunkTurretRegular" count="1000"/></recipe>	
				<recipe name="ammoBundleJunkTurretShell" count="1" craft_time="2" craft_exp_gain="0" tags="learnable">			<ingredient name="ammoJunkTurretShell" count="1000"/></recipe>
				<recipe name="ammoBundleJunkTurretAP" count="1" craft_time="2" craft_exp_gain="0" tags="learnable">				<ingredient name="ammoJunkTurretAP" count="1000"/></recipe>	
				<recipe name="ammoBundleArrowFlaming" count="1" craft_time="2" craft_exp_gain="0" tags="learnable">				<ingredient name="ammoArrowFlaming" count="100"/></recipe>	
				<recipe name="ammoBundleArrowExploding" count="1" craft_time="2" craft_exp_gain="0" tags="learnable">			<ingredient name="ammoArrowExploding" count="75"/></recipe>
				<recipe name="ammoBundleArrowIron" count="1" craft_time="2" craft_exp_gain="0" tags="learnable">				<ingredient name="ammoArrowIron" count="100"/></recipe>
				<recipe name="ammoBundleArrowSteelAP" count="1" craft_time="2" craft_exp_gain="0" tags="learnable">				<ingredient name="ammoArrowSteelAP" count="100"/></recipe>	
				<recipe name="ammoBundleArrowStone" count="1" craft_time="2" craft_exp_gain="0" tags="learnable">				<ingredient name="ammoArrowStone" count="100"/></recipe>	
				<recipe name="ammoBundleCrossbowBoltFlaming" count="1" craft_time="2" craft_exp_gain="0" tags="learnable">		<ingredient name="ammoCrossbowBoltFlaming" count="100"/></recipe>	
				<recipe name="ammoBundleCrossbowBoltExploding" count="1" craft_time="2" craft_exp_gain="0" tags="learnable">	<ingredient name="ammoCrossbowBoltExploding" count="75"/></recipe>	
				<recipe name="ammoBundleCrossbowBoltIron" count="1" craft_time="2" craft_exp_gain="0" tags="learnable">			<ingredient name="ammoCrossbowBoltIron" count="100"/></recipe>	
				<recipe name="ammoBundleCrossbowBoltSteelAP" count="1" craft_time="2" craft_exp_gain="0" tags="learnable">		<ingredient name="ammoCrossbowBoltSteelAP" count="100"/></recipe>
				<recipe name="ammoBundleCrossbowBoltStone" count="1" craft_time="2" craft_exp_gain="0" tags="learnable">		<ingredient name="ammoCrossbowBoltStone" count="100"/></recipe>
			</append>	


</AGFVanillaPlus-RebundleBundles>


