<AGFVanillaPlus-FarmingPlus>


<!--Plantable Birdnest-->
	<append xpath="/blocks">
		<block name="birdsNestEmpty">
			<property name="Extends" value="cropsGrowingMaster" param1="CustomIcon"/>
			<property name="DescriptionKey" value="birdsNestEmptydesc"/>	
			<property name="CustomIcon" value="cntBirdnest"/>
			<property name="UnlockedBy" value="craftingSeeds"/>
			<property name="StabilitySupport" value="false"/> <!-- build restriction -->
			<property name="Shape" value="ModelEntity"/>
			<property name="Model" value="@:Entities/Sandbags/sandbag_single_01Prefab.prefab"/>
			<property name="MultiBlockDim" value="1,1,1"/>
			<property name="CanMobsSpawnOn" value="false"/>
			<property name="OnlySimpleRotations" value="true"/>
			<property name="PlantGrowing.Next" value="birdsNestLaying"/>
			<property name="PlantGrowing.LightLevelGrow" value="0"/>
			<property name="PlantGrowing.LightLevelStay" value="0"/>
			<property name="PlantGrowing.FertileLevel" value="0"/>
			<property name="Group" value="Food/Cooking"/>
			<drop event="Destroy" name="birdsNestEmpty" count="1"/>
			<property name="Tags" value="seedSkill"/>
			<property name="PlaceAsRandomRotation" value="true"/>
			<property name="SortOrder1" value="B964"/>
			<property name="SortOrder2" value="0013"/>
		</block>
		<block name="birdsNestLaying">
			<property name="Extends" value="cropsGrowingMaster"/>
			<property name="CreativeMode" value="None"/>
			<property name="CustomIcon" value="cntBirdnest"/>
			<property name="Model" value="@:Entities/Sandbags/sandbag_pile_01Prefab.prefab"/>
			<property name="Shape" value="ModelEntity"/>
			<property name="PlantGrowing.LightLevelGrow" value="0"/>
			<property name="MultiBlockDim" value="1,1,1"/>
			<property name="PlantGrowing.LightLevelStay" value="0"/>
			<property name="PlantGrowing.FertileLevel" value="0"/>
			<property name="CanMobsSpawnOn" value="false"/>
			<property name="PlantGrowing.Next" value="birdsNestFull"/>
			<drop event="Destroy" name="birdsNestEmpty" count="1"/>
			<property name="SortOrder1" value="B964"/>
			<property name="SortOrder2" value="0014"/>
		</block>
		<block name="birdsNestFull">
			<property name="CustomIcon" value="cntBirdnest"/>
			<property name="Extends" value="cropsHarvestableMaster"/>
			<property name="DescriptionKey" value="birdsNestFulldesc"/>
			<property name="Shape" value="ModelEntity"/> 
			<property name="Model" value="@:Entities/LootContainers/birdnestPrefab.prefab"/>
			<property name="MultiBlockDim" value="1,1,1"/>
			<property name="ModelOffset" value="0,0,0"/>
			<property name="Shape" value="ModelEntity"/>
			<property name="CanMobsSpawnOn" value="false"/>
			<drop event="Harvest" name="foodEgg" count="1" tag="allHarvest"/><!--Just one regardless of crop harvest skill-->
			<drop event="Harvest" name="foodEgg" count="1" prob="0.5" 	tag="bonusCropHarvest"/>	
			<drop event="Harvest" name="foodEgg" count="1" 				tag="farmerBonusHarvest"/>	
			<drop event="Harvest" name="resourceFeather" count="0,2" 	tag="allHarvest"/>
			<drop event="Harvest" name="resourceFeather" count="0,1" prob="0.5" 	tag="bonusCropHarvest"/>	
			<drop event="Harvest" name="resourceFeather" count="0,1"				tag="farmerBonusHarvest"/>
			<drop event="Destroy" name="birdsNestEmpty" count="1" prob="0.5"/>					
			<drop event="Harvest" name="birdsNestEmpty" count="1" 				tag="farmerBonusSeed"/>	
			
			<property name="PlantGrowing.LightLevelGrow" value="0"/>
			<property name="PlantGrowing.LightLevelStay" value="0"/>
			<property name="PlantGrowing.FertileLevel" value="0"/>
			<property name="SortOrder1" value="B964"/>
			<property name="SortOrder2" value="0015"/>
		</block>
	</append>

<!--Beehive/honey-->
	<append xpath="/blocks">
		<block name="beeFlower"><!--seed-->
			<property name="Extends" value="cropsGrowingMaster" param1="CustomIcon"/>
			<property name="DescriptionKey" value="beeFlowerdesc"/>	
			<property name="CustomIcon" value="forestFlower"/>
			<property name="UnlockedBy" value="craftingSeeds"/>
			<property name="Texture" value="567"/>
			<property name="StabilitySupport" value="false"/> <!-- build restriction -->
			<property name="OnlySimpleRotations" value="true"/>
			<property name="PlantGrowing.Next" value="beeLog"/>
			<property name="Group" value="Food/Cooking"/>
			<drop event="Destroy" name="beeFlower" count="1"/>
			<property name="Tags" value="seedSkill"/>
			<property name="PlaceAsRandomRotation" value="true"/>	
			<property name="SortOrder1" value="B964"/>
			<property name="SortOrder2" value="0016"/>
		</block>
		<block name="beeLog"><!--growing-->
			<property name="Extends" value="cropsGrowingMaster" param1="Mesh"/>
			<property name="CreativeMode" value="None"/>
			<property name="CustomIcon" value="driftwood"/>
			<property name="Shape" value="New"/>
			<property name="Model" value="@:Shapes/farm_plot_raised.fbx"/>
			<property name="Texture" value="64,246,246,246,246,246"/>
			<property name="UseGlobalUV" value="G,L,L,L,L,L"/>
			<property name="ImposterExchange" value="imposterBlock" param1="5"/>
			<property name="OnlySimpleRotations" value="true"/>
			<property name="PlantGrowing.Next" value="beeHive"/>
			<property name="PlantGrowing.FertileLevel" value="1"/>
			<drop event="Destroy" name="beeFlower" count="1"/>
			<property name="SortOrder1" value="B964"/>
			<property name="SortOrder2" value="0017"/>			
			
		</block>
		<block name="beeHive"><!--harvest-->
			<property name="Extends" value="cropsHarvestableMaster" param1="Mesh"/>
			<property name="CustomIcon" value="treeStump"/>
			<property name="DescriptionKey" value="beeHivedesc"/>

			<property name="Shape" value="New"/>
			<property name="Model" value="@:Shapes/farm_plot_raised.fbx"/>
			<property name="Texture" value="581,602,602,602,602,602"/>
			
			<drop event="Harvest" name="foodHoney" count="1" tag="allHarvest"/>	<!--Just one regardless of crop harvest skill-->
			<drop event="Harvest" name="foodHoney" count="1" prob="0.5" tag="bonusCropHarvest"/>	
			<drop event="Harvest" name="foodHoney" count="1" tag="farmerBonusHarvest"/>	
			<drop event="Harvest" name="beeFlower" count="1" tag="farmerBonusSeed"/>
			<drop event="Destroy" name="beeFlower" count="1" prob="0.5"/>			
			
			<property name="FilterTags" value="foutdoor,ftrees"/>
			<property name="SortOrder1" value="a0d0"/>
			<property name="SortOrder1" value="B964"/>
			<property name="SortOrder2" value="0018"/>
		</block>
	</append>
	
		
<!--x5 Crops and x5 Farm Plot-->
<append xpath="/blocks"><!--Mushrooms-->
	<block name="plantedMushroom1x5">
		<property name="Extends" value="plantedMushroom1"/>
		<property name="CustomIcon" value="plantedMushroom1"/>
		<property name="ItemTypeIcon" value="radial_number_5"/>
		<property name="PlantGrowing.Next" value="plantedMushroom2x5"/>
		<property name="EconomicValue" value="100"/>
		<dropextendsoff/>
		<drop event="Destroy" name="plantedMushroom1x5" count="1"/>
		<property name="SortOrder1" value="B951"/>
		<property name="SortOrder2" value="0010"/>
	</block>
	<block name="plantedMushroom2x5">
		<property name="Extends" value="plantedMushroom1x5"/>
		<property name="CreativeMode" value="None"/>
		<property name="PlantGrowing.Next" value="plantedMushroom3HarvestPlayerx5"/>
		<property name="CustomIcon" value="plantedMushroom1"/>
		<property name="ItemTypeIcon" value="radial_number_5"/>
		<property name="Model" value="@:Entities/OutdoorDecor/mushroomGrowthPrefab.prefab"/>
		<property name="SortOrder2" value="0011"/>
	</block>
	<block name="plantedMushroom3HarvestPlayerx5">
		<property name="Extends" value="plantedMushroom3HarvestPlayer"/>
		<property name="CustomIcon" value="plantedMushroom3Harvest"/>
		<property name="ItemTypeIcon" value="radial_number_5"/>
		<property name="DescriptionKey" value="plantedMushroom3HarvestDescx5"/>	
		<property name="SortOrder2" value="0012"/>		
		<dropextendsoff/>
		<drop event="Fall" name="resourceYuccaFibers" count="0" prob="5" stick_chance="0"/>	
	<drop event="Harvest" name="foodCropMushrooms" count="2" tag="cropHarvest"/>
	<drop event="Harvest" name="foodCropMushrooms" prob="0.5" count="1" tag="bonusCropHarvest"/>
	<drop event="Harvest" name="foodCropMushrooms" count="1" tag="farmerBonusHarvest"/>
	<drop event="Harvest" name="plantedMushroom1" count="1" tag="farmerBonusSeed"/>
	<drop event="Destroy" name="plantedMushroom1" count="1" prob="0.5"/>
	<drop event="Harvest" name="foodCropMushrooms" count="2" tag="cropHarvest"/>
	<drop event="Harvest" name="foodCropMushrooms" prob="0.5" count="1" tag="bonusCropHarvest"/>
	<drop event="Harvest" name="foodCropMushrooms" count="1" tag="farmerBonusHarvest"/>
	<drop event="Harvest" name="plantedMushroom1" count="1" tag="farmerBonusSeed"/>
	<drop event="Destroy" name="plantedMushroom1" count="1" prob="0.5"/>
	<drop event="Harvest" name="foodCropMushrooms" count="2" tag="cropHarvest"/>
	<drop event="Harvest" name="foodCropMushrooms" prob="0.5" count="1" tag="bonusCropHarvest"/>
	<drop event="Harvest" name="foodCropMushrooms" count="1" tag="farmerBonusHarvest"/>
	<drop event="Harvest" name="plantedMushroom1" count="1" tag="farmerBonusSeed"/>
	<drop event="Destroy" name="plantedMushroom1" count="1" prob="0.5"/>
	<drop event="Harvest" name="foodCropMushrooms" count="2" tag="cropHarvest"/>
	<drop event="Harvest" name="foodCropMushrooms" prob="0.5" count="1" tag="bonusCropHarvest"/>
	<drop event="Harvest" name="foodCropMushrooms" count="1" tag="farmerBonusHarvest"/>
	<drop event="Harvest" name="plantedMushroom1" count="1" tag="farmerBonusSeed"/>
	<drop event="Destroy" name="plantedMushroom1" count="1" prob="0.5"/>
	<drop event="Harvest" name="foodCropMushrooms" count="2" tag="cropHarvest"/>
	<drop event="Harvest" name="foodCropMushrooms" prob="0.5" count="1" tag="bonusCropHarvest"/>
	<drop event="Harvest" name="foodCropMushrooms" count="1" tag="farmerBonusHarvest"/>
	<drop event="Harvest" name="plantedMushroom1" count="1" tag="farmerBonusSeed"/>
	<drop event="Destroy" name="plantedMushroom1" count="1" prob="0.5"/>
	</block>
</append>
<append xpath="/blocks"><!--Yucca-->
	<block name="plantedYucca1x5">
		<property name="Extends" value="plantedYucca1"/>
		<property name="CustomIcon" value="plantedYucca1"/>
		<property name="ItemTypeIcon" value="radial_number_5"/>
		<property name="PlantGrowing.Next" value="plantedYucca2x5"/>
		<property name="PlantGrowing.FertileLevel" value="30"/>
		<property name="EconomicValue" value="100"/>		
		<dropextendsoff/>		
		<drop event="Destroy" name="plantedYucca1x5" count="1"/>
		<property name="SortOrder1" value="B952"/>
		<property name="SortOrder2" value="0010"/>
	</block>
	<block name="plantedYucca2x5">
		<property name="Extends" value="plantedYucca1x5"/>
		<property name="CreativeMode" value="None"/>
		<property name="PlantGrowing.Next" value="plantedYucca3HarvestPlayerx5"/>
		<property name="CustomIcon" value="plantedYucca1"/>
		<property name="ItemTypeIcon" value="radial_number_5"/>
		<property name="Model" value="@:Entities/Plants/plant_yucca_growthPrefab.prefab"/>
		<property name="SortOrder2" value="0011"/>
	</block>
	<block name="plantedYucca3HarvestPlayerx5">
		<property name="Extends" value="plantedYucca3HarvestPlayer"/>
		<property name="CustomIcon" value="plantedYucca1"/>
		<property name="ItemTypeIcon" value="radial_number_5"/>
		<property name="DescriptionKey" value="plantedYucca3HarvestDescx5"/>	
		<property name="SortOrder2" value="0012"/>	
		<dropextendsoff/>
	<drop event="Harvest" name="foodCropYuccaFruit" count="2" tag="cropHarvest"/>
	<drop event="Harvest" name="foodCropYuccaFruit" prob="0.5" count="1" tag="bonusCropHarvest"/>
	<drop event="Harvest" name="foodCropYuccaFruit" count="1" tag="farmerBonusHarvest"/>
	<drop event="Harvest" name="plantedYucca1" count="1" tag="farmerBonusSeed"/>
	<drop event="Destroy" name="plantedYucca1" count="1" prob="0.5"/>
	<drop event="Harvest" name="foodCropYuccaFruit" count="2" tag="cropHarvest"/>
	<drop event="Harvest" name="foodCropYuccaFruit" prob="0.5" count="1" tag="bonusCropHarvest"/>
	<drop event="Harvest" name="foodCropYuccaFruit" count="1" tag="farmerBonusHarvest"/>
	<drop event="Harvest" name="plantedYucca1" count="1" tag="farmerBonusSeed"/>
	<drop event="Destroy" name="plantedYucca1" count="1" prob="0.5"/>
	<drop event="Harvest" name="foodCropYuccaFruit" count="2" tag="cropHarvest"/>
	<drop event="Harvest" name="foodCropYuccaFruit" prob="0.5" count="1" tag="bonusCropHarvest"/>
	<drop event="Harvest" name="foodCropYuccaFruit" count="1" tag="farmerBonusHarvest"/>
	<drop event="Harvest" name="plantedYucca1" count="1" tag="farmerBonusSeed"/>
	<drop event="Destroy" name="plantedYucca1" count="1" prob="0.5"/>
	<drop event="Harvest" name="foodCropYuccaFruit" count="2" tag="cropHarvest"/>
	<drop event="Harvest" name="foodCropYuccaFruit" prob="0.5" count="1" tag="bonusCropHarvest"/>
	<drop event="Harvest" name="foodCropYuccaFruit" count="1" tag="farmerBonusHarvest"/>
	<drop event="Harvest" name="plantedYucca1" count="1" tag="farmerBonusSeed"/>
	<drop event="Destroy" name="plantedYucca1" count="1" prob="0.5"/>
	<drop event="Harvest" name="foodCropYuccaFruit" count="2" tag="cropHarvest"/>
	<drop event="Harvest" name="foodCropYuccaFruit" prob="0.5" count="1" tag="bonusCropHarvest"/>
	<drop event="Harvest" name="foodCropYuccaFruit" count="1" tag="farmerBonusHarvest"/>
	<drop event="Harvest" name="plantedYucca1" count="1" tag="farmerBonusSeed"/>
	<drop event="Destroy" name="plantedYucca1" count="1" prob="0.5"/>
	</block>
</append>
<append xpath="/blocks"><!--Cotton-->
	<block name="plantedCotton1x5">
		<property name="Extends" value="plantedCotton1"/>
		<property name="CustomIcon" value="plantedCotton1"/>
		<property name="ItemTypeIcon" value="radial_number_5"/>
		<property name="PlantGrowing.Next" value="plantedCotton2x5"/>
		<property name="PlantGrowing.FertileLevel" value="30"/>		
		<property name="EconomicValue" value="100"/>		
		<dropextendsoff/>	
		<drop event="Destroy" name="plantedCotton1x5" count="1"/>
		<property name="SortOrder1" value="B953"/>
		<property name="SortOrder2" value="0010"/>
	</block>
	<block name="plantedCotton2x5">
		<property name="Extends" value="plantedCotton1x5"/>
		<property name="CreativeMode" value="None"/>
		<property name="PlantGrowing.Next" value="plantedCotton3HarvestPlayerx5"/>
		<property name="CustomIcon" value="plantedCotton1"/>
		<property name="ItemTypeIcon" value="radial_number_5"/>
		<property name="Model" value="@:Entities/Plants/plantCottonGrowthPrefab.prefab"/>
		<property name="SortOrder2" value="0011"/>
	</block>
	<block name="plantedCotton3HarvestPlayerx5">
		<property name="Extends" value="plantedCotton3HarvestPlayer"/>
		<property name="CustomIcon" value="plantedCotton1"/>
		<property name="ItemTypeIcon" value="radial_number_5"/>
		<property name="DescriptionKey" value="plantedCotton3HarvestDescx5"/>
		<property name="SortOrder2" value="0012"/>
		<dropextendsoff/>	
	<drop event="Harvest" name="resourceCropCottonPlant" count="2" tag="cropHarvest"/>
	<drop event="Harvest" name="resourceCropCottonPlant" prob="0.5" count="1" tag="bonusCropHarvest"/>
	<drop event="Harvest" name="resourceCropCottonPlant" count="1" tag="farmerBonusHarvest"/>
	<drop event="Harvest" name="plantedCotton1" count="1" tag="farmerBonusSeed"/>
	<drop event="Destroy" name="plantedCotton1" count="1" prob="0.5"/>
	<drop event="Harvest" name="resourceCropCottonPlant" count="2" tag="cropHarvest"/>
	<drop event="Harvest" name="resourceCropCottonPlant" prob="0.5" count="1" tag="bonusCropHarvest"/>
	<drop event="Harvest" name="resourceCropCottonPlant" count="1" tag="farmerBonusHarvest"/>
	<drop event="Harvest" name="plantedCotton1" count="1" tag="farmerBonusSeed"/>
	<drop event="Destroy" name="plantedCotton1" count="1" prob="0.5"/>
	<drop event="Harvest" name="resourceCropCottonPlant" count="2" tag="cropHarvest"/>
	<drop event="Harvest" name="resourceCropCottonPlant" prob="0.5" count="1" tag="bonusCropHarvest"/>
	<drop event="Harvest" name="resourceCropCottonPlant" count="1" tag="farmerBonusHarvest"/>
	<drop event="Harvest" name="plantedCotton1" count="1" tag="farmerBonusSeed"/>
	<drop event="Destroy" name="plantedCotton1" count="1" prob="0.5"/>
	<drop event="Harvest" name="resourceCropCottonPlant" count="2" tag="cropHarvest"/>
	<drop event="Harvest" name="resourceCropCottonPlant" prob="0.5" count="1" tag="bonusCropHarvest"/>
	<drop event="Harvest" name="resourceCropCottonPlant" count="1" tag="farmerBonusHarvest"/>
	<drop event="Harvest" name="plantedCotton1" count="1" tag="farmerBonusSeed"/>
	<drop event="Destroy" name="plantedCotton1" count="1" prob="0.5"/>
	<drop event="Harvest" name="resourceCropCottonPlant" count="2" tag="cropHarvest"/>
	<drop event="Harvest" name="resourceCropCottonPlant" prob="0.5" count="1" tag="bonusCropHarvest"/>
	<drop event="Harvest" name="resourceCropCottonPlant" count="1" tag="farmerBonusHarvest"/>
	<drop event="Harvest" name="plantedCotton1" count="1" tag="farmerBonusSeed"/>
	<drop event="Destroy" name="plantedCotton1" count="1" prob="0.5"/>
	</block>
</append>		
<append xpath="/blocks"><!--Coffee-->
	<block name="plantedCoffee1x5">
		<property name="Extends" value="plantedCoffee1"/>		
		<property name="CustomIcon" value="plantedCoffee1"/>
		<property name="ItemTypeIcon" value="radial_number_5"/>
		<property name="PlantGrowing.Next" value="plantedCoffee2x5"/>
		<property name="PlantGrowing.FertileLevel" value="30"/>	
		<property name="EconomicValue" value="100"/>		
		<dropextendsoff/>	
		<drop event="Destroy" name="plantedCoffee1x5" count="1"/>
		<property name="SortOrder1" value="B954"/>
		<property name="SortOrder2" value="0010"/>
	</block>
	<block name="plantedCoffee2x5">
		<property name="Extends" value="plantedCoffee1x5"/>
		<property name="CreativeMode" value="None"/>
		<property name="PlantGrowing.Next" value="plantedCoffee3HarvestPlayerx5"/>
		<property name="CustomIcon" value="plantedCoffee1"/>
		<property name="ItemTypeIcon" value="radial_number_5"/>
		<property name="Model" value="@:Entities/Plants/plantCoffee_GrowingPrefab.prefab"/>
		<property name="SortOrder2" value="0011"/>
	</block>
	<block name="plantedCoffee3HarvestPlayerx5">
		<property name="Extends" value="plantedCoffee3HarvestPlayer"/>
		<property name="CustomIcon" value="plantedCoffee1"/>
		<property name="ItemTypeIcon" value="radial_number_5"/>
		<property name="DescriptionKey" value="plantedCoffee3HarvestDescx5"/>
		<property name="SortOrder2" value="0012"/>
		<dropextendsoff/>	
	<drop event="Harvest" name="resourceCropCoffeeBeans" count="2" tag="cropHarvest"/>
	<drop event="Harvest" name="resourceCropCoffeeBeans" prob="0.5" count="1" tag="bonusCropHarvest"/>
	<drop event="Harvest" name="resourceCropCoffeeBeans" count="1" tag="farmerBonusHarvest"/>
	<drop event="Harvest" name="plantedCoffee1" count="1" tag="farmerBonusSeed"/>
	<drop event="Destroy" name="plantedCoffee1" count="1" prob="0.5"/>
	<drop event="Harvest" name="resourceCropCoffeeBeans" count="2" tag="cropHarvest"/>
	<drop event="Harvest" name="resourceCropCoffeeBeans" prob="0.5" count="1" tag="bonusCropHarvest"/>
	<drop event="Harvest" name="resourceCropCoffeeBeans" count="1" tag="farmerBonusHarvest"/>
	<drop event="Harvest" name="plantedCoffee1" count="1" tag="farmerBonusSeed"/>
	<drop event="Destroy" name="plantedCoffee1" count="1" prob="0.5"/>
	<drop event="Harvest" name="resourceCropCoffeeBeans" count="2" tag="cropHarvest"/>
	<drop event="Harvest" name="resourceCropCoffeeBeans" prob="0.5" count="1" tag="bonusCropHarvest"/>
	<drop event="Harvest" name="resourceCropCoffeeBeans" count="1" tag="farmerBonusHarvest"/>
	<drop event="Harvest" name="plantedCoffee1" count="1" tag="farmerBonusSeed"/>
	<drop event="Destroy" name="plantedCoffee1" count="1" prob="0.5"/>
	<drop event="Harvest" name="resourceCropCoffeeBeans" count="2" tag="cropHarvest"/>
	<drop event="Harvest" name="resourceCropCoffeeBeans" prob="0.5" count="1" tag="bonusCropHarvest"/>
	<drop event="Harvest" name="resourceCropCoffeeBeans" count="1" tag="farmerBonusHarvest"/>
	<drop event="Harvest" name="plantedCoffee1" count="1" tag="farmerBonusSeed"/>
	<drop event="Destroy" name="plantedCoffee1" count="1" prob="0.5"/>
	<drop event="Harvest" name="resourceCropCoffeeBeans" count="2" tag="cropHarvest"/>
	<drop event="Harvest" name="resourceCropCoffeeBeans" prob="0.5" count="1" tag="bonusCropHarvest"/>
	<drop event="Harvest" name="resourceCropCoffeeBeans" count="1" tag="farmerBonusHarvest"/>
	<drop event="Harvest" name="plantedCoffee1" count="1" tag="farmerBonusSeed"/>
	<drop event="Destroy" name="plantedCoffee1" count="1" prob="0.5"/>
	</block>
</append>
<append xpath="/blocks"><!--Goldenrod-->
	<block name="plantedGoldenrod1x5">
		<property name="Extends" value="plantedGoldenrod1" />
		<property name="CustomIcon" value="plantedGoldenrod1"/>
		<property name="ItemTypeIcon" value="radial_number_5"/>
		<property name="PlantGrowing.Next" value="plantedGoldenrod2x5"/>
		<property name="PlantGrowing.FertileLevel" value="30"/>
		<!--<property name="CraftingIngredientTime" value="5"/>-->
		<property name="EconomicValue" value="100"/>		
		<dropextendsoff/>	
		<drop event="Destroy" name="plantedGoldenrod1x5" count="1"/>
		<property name="SortOrder1" value="B955"/>
		<property name="SortOrder2" value="0010"/>
	</block>
	<block name="plantedGoldenrod2x5">
		<property name="Extends" value="plantedGoldenrod1x5"/>
		<property name="CreativeMode" value="None"/>
		<property name="PlantGrowing.Next" value="plantedGoldenrod3HarvestPlayerx5"/>
		<property name="CustomIcon" value="plantedGoldenrod1"/>
		<property name="ItemTypeIcon" value="radial_number_5"/>
		<property name="Texture" value="402"/>		
		<property name="SortOrder2" value="0011"/>
	</block>
	<block name="plantedGoldenrod3HarvestPlayerx5">
		<property name="Extends" value="plantedGoldenrod3HarvestPlayer"/>
		<property name="CustomIcon" value="plantedGoldenrod1"/>
		<property name="ItemTypeIcon" value="radial_number_5"/>
		<property name="DescriptionKey" value="plantedGoldenrod3HarvestDescx5"/>
		<property name="SortOrder2" value="0012"/>
		<dropextendsoff/>
	<drop event="Harvest" name="resourceCropGoldenrodPlant" count="2" tag="cropHarvest"/>
	<drop event="Harvest" name="resourceCropGoldenrodPlant" prob="0.5" count="1" tag="bonusCropHarvest"/>
	<drop event="Harvest" name="resourceCropGoldenrodPlant" count="1" tag="farmerBonusHarvest"/>
	<drop event="Harvest" name="plantedGoldenrod1" count="1" tag="farmerBonusSeed"/>
	<drop event="Destroy" name="plantedGoldenrod1" count="1" prob="0.5"/>
	<drop event="Harvest" name="resourceCropGoldenrodPlant" count="2" tag="cropHarvest"/>
	<drop event="Harvest" name="resourceCropGoldenrodPlant" prob="0.5" count="1" tag="bonusCropHarvest"/>
	<drop event="Harvest" name="resourceCropGoldenrodPlant" count="1" tag="farmerBonusHarvest"/>
	<drop event="Harvest" name="plantedGoldenrod1" count="1" tag="farmerBonusSeed"/>
	<drop event="Destroy" name="plantedGoldenrod1" count="1" prob="0.5"/>
	<drop event="Harvest" name="resourceCropGoldenrodPlant" count="2" tag="cropHarvest"/>
	<drop event="Harvest" name="resourceCropGoldenrodPlant" prob="0.5" count="1" tag="bonusCropHarvest"/>
	<drop event="Harvest" name="resourceCropGoldenrodPlant" count="1" tag="farmerBonusHarvest"/>
	<drop event="Harvest" name="plantedGoldenrod1" count="1" tag="farmerBonusSeed"/>
	<drop event="Destroy" name="plantedGoldenrod1" count="1" prob="0.5"/>
	<drop event="Harvest" name="resourceCropGoldenrodPlant" count="2" tag="cropHarvest"/>
	<drop event="Harvest" name="resourceCropGoldenrodPlant" prob="0.5" count="1" tag="bonusCropHarvest"/>
	<drop event="Harvest" name="resourceCropGoldenrodPlant" count="1" tag="farmerBonusHarvest"/>
	<drop event="Harvest" name="plantedGoldenrod1" count="1" tag="farmerBonusSeed"/>
	<drop event="Destroy" name="plantedGoldenrod1" count="1" prob="0.5"/>
	<drop event="Harvest" name="resourceCropGoldenrodPlant" count="2" tag="cropHarvest"/>
	<drop event="Harvest" name="resourceCropGoldenrodPlant" prob="0.5" count="1" tag="bonusCropHarvest"/>
	<drop event="Harvest" name="resourceCropGoldenrodPlant" count="1" tag="farmerBonusHarvest"/>
	<drop event="Harvest" name="plantedGoldenrod1" count="1" tag="farmerBonusSeed"/>
	<drop event="Destroy" name="plantedGoldenrod1" count="1" prob="0.5"/>
	</block>
</append>
<append xpath="/blocks"><!--Aloe-->
	<block name="plantedAloe1x5">
		<property name="Extends" value="plantedAloe1"/>
		<property name="CustomIcon" value="plantedAloe1"/>
		<property name="ItemTypeIcon" value="radial_number_5"/>
		<property name="PlantGrowing.Next" value="plantedAloe2x5"/>
		<property name="PlantGrowing.FertileLevel" value="30"/>
		<property name="EconomicValue" value="100"/>
		<dropextendsoff/>	
		<drop event="Destroy" name="plantedAloe1x5" count="1"/>
		<property name="SortOrder1" value="B956"/>
		<property name="SortOrder2" value="0010"/>
	</block>
	<block name="plantedAloe2x5">
		<property name="Extends" value="plantedAloe1x5"/>
		<property name="CreativeMode" value="None"/>
		<property name="PlantGrowing.Next" value="plantedAloe3HarvestPlayerx5"/>
		<property name="CustomIcon" value="plantedAloe1"/>
		<property name="ItemTypeIcon" value="radial_number_5"/>
		<property name="Model" value="@:Entities/Plants/plant_aloe2_Prefab.prefab"/>
		<property name="SortOrder2" value="0011"/>
	</block>
	<block name="plantedAloe3HarvestPlayerx5">
		<property name="Extends" value="plantedAloe3HarvestPlayer"/>
		<property name="CustomIcon" value="plantedAloe1"/>
		<property name="ItemTypeIcon" value="radial_number_5"/>
		<property name="DescriptionKey" value="plantedAloe3HarvestDescx5"/>
		<property name="SortOrder2" value="0012"/>		
		<dropextendsoff/>	
	<drop event="Harvest" name="resourceCropAloeLeaf" count="2" tag="cropHarvest"/>
	<drop event="Harvest" name="resourceCropAloeLeaf" prob="0.5" count="1" tag="bonusCropHarvest"/>
	<drop event="Harvest" name="resourceCropAloeLeaf" count="1" tag="farmerBonusHarvest"/>
	<drop event="Harvest" name="plantedAloe1" count="1" tag="farmerBonusSeed"/>
	<drop event="Destroy" name="plantedAloe1" count="1" prob="0.5"/>
	<drop event="Harvest" name="resourceCropAloeLeaf" count="2" tag="cropHarvest"/>
	<drop event="Harvest" name="resourceCropAloeLeaf" prob="0.5" count="1" tag="bonusCropHarvest"/>
	<drop event="Harvest" name="resourceCropAloeLeaf" count="1" tag="farmerBonusHarvest"/>
	<drop event="Harvest" name="plantedAloe1" count="1" tag="farmerBonusSeed"/>
	<drop event="Destroy" name="plantedAloe1" count="1" prob="0.5"/>
	<drop event="Harvest" name="resourceCropAloeLeaf" count="2" tag="cropHarvest"/>
	<drop event="Harvest" name="resourceCropAloeLeaf" prob="0.5" count="1" tag="bonusCropHarvest"/>
	<drop event="Harvest" name="resourceCropAloeLeaf" count="1" tag="farmerBonusHarvest"/>
	<drop event="Harvest" name="plantedAloe1" count="1" tag="farmerBonusSeed"/>
	<drop event="Destroy" name="plantedAloe1" count="1" prob="0.5"/>
	<drop event="Harvest" name="resourceCropAloeLeaf" count="2" tag="cropHarvest"/>
	<drop event="Harvest" name="resourceCropAloeLeaf" prob="0.5" count="1" tag="bonusCropHarvest"/>
	<drop event="Harvest" name="resourceCropAloeLeaf" count="1" tag="farmerBonusHarvest"/>
	<drop event="Harvest" name="plantedAloe1" count="1" tag="farmerBonusSeed"/>
	<drop event="Destroy" name="plantedAloe1" count="1" prob="0.5"/>
	<drop event="Harvest" name="resourceCropAloeLeaf" count="2" tag="cropHarvest"/>
	<drop event="Harvest" name="resourceCropAloeLeaf" prob="0.5" count="1" tag="bonusCropHarvest"/>
	<drop event="Harvest" name="resourceCropAloeLeaf" count="1" tag="farmerBonusHarvest"/>
	<drop event="Harvest" name="plantedAloe1" count="1" tag="farmerBonusSeed"/>
	<drop event="Destroy" name="plantedAloe1" count="1" prob="0.5"/>
	</block>
</append>
<append xpath="/blocks"><!--Blueberry-->
	<block name="plantedBlueberry1x5">
		<property name="Extends" value="plantedBlueberry1"/>
		<property name="CustomIcon" value="plantedBlueberry1"/>
		<property name="ItemTypeIcon" value="radial_number_5"/>
		<property name="PlantGrowing.Next" value="plantedBlueberry2x5"/>
		<property name="PlantGrowing.FertileLevel" value="30"/>
		<property name="EconomicValue" value="100"/>
		<dropextendsoff/>			
		<drop event="Destroy" name="plantedBlueberry1x5" count="1"/>
		<property name="SortOrder1" value="B957"/>
		<property name="SortOrder2" value="0010"/>
	</block>
	<block name="plantedBlueberry2x5">
		<property name="Extends" value="plantedBlueberry1x5"/>
		<property name="CreativeMode" value="None"/>
		<property name="PlantGrowing.Next" value="plantedBlueberry3HarvestPlayerx5"/>
		<property name="CustomIcon" value="plantedBlueberry1"/>
		<property name="ItemTypeIcon" value="radial_number_5"/>
		<property name="Model" value="@:Entities/Plants/blueberry_plant_growthPrefab.prefab"/>
		<property name="SortOrder2" value="0001"/>
	</block>
	<block name="plantedBlueberry3HarvestPlayerx5">
		<property name="Extends" value="plantedBlueberry3HarvestPlayer"/>
		<property name="CustomIcon" value="plantedBlueberry1"/>
		<property name="ItemTypeIcon" value="radial_number_5"/>
		<property name="DescriptionKey" value="plantedBlueberry3HarvestDescx5"/>
		<property name="SortOrder2" value="0004"/>		
		<dropextendsoff/>
	<drop event="Harvest" name="foodCropBlueberries" count="2" tag="cropHarvest"/>
	<drop event="Harvest" name="foodCropBlueberries" prob="0.5" count="1" tag="bonusCropHarvest"/>
	<drop event="Harvest" name="foodCropBlueberries" count="1" tag="farmerBonusHarvest"/>
	<drop event="Harvest" name="plantedBlueberry1" count="1" tag="farmerBonusSeed"/>
	<drop event="Destroy" name="plantedBlueberry1" count="1" prob="0.5"/>
	<drop event="Harvest" name="foodCropBlueberries" count="2" tag="cropHarvest"/>
	<drop event="Harvest" name="foodCropBlueberries" prob="0.5" count="1" tag="bonusCropHarvest"/>
	<drop event="Harvest" name="foodCropBlueberries" count="1" tag="farmerBonusHarvest"/>
	<drop event="Harvest" name="plantedBlueberry1" count="1" tag="farmerBonusSeed"/>
	<drop event="Destroy" name="plantedBlueberry1" count="1" prob="0.5"/>
	<drop event="Harvest" name="foodCropBlueberries" count="2" tag="cropHarvest"/>
	<drop event="Harvest" name="foodCropBlueberries" prob="0.5" count="1" tag="bonusCropHarvest"/>
	<drop event="Harvest" name="foodCropBlueberries" count="1" tag="farmerBonusHarvest"/>
	<drop event="Harvest" name="plantedBlueberry1" count="1" tag="farmerBonusSeed"/>
	<drop event="Destroy" name="plantedBlueberry1" count="1" prob="0.5"/>
	<drop event="Harvest" name="foodCropBlueberries" count="2" tag="cropHarvest"/>
	<drop event="Harvest" name="foodCropBlueberries" prob="0.5" count="1" tag="bonusCropHarvest"/>
	<drop event="Harvest" name="foodCropBlueberries" count="1" tag="farmerBonusHarvest"/>
	<drop event="Harvest" name="plantedBlueberry1" count="1" tag="farmerBonusSeed"/>
	<drop event="Destroy" name="plantedBlueberry1" count="1" prob="0.5"/>
	<drop event="Harvest" name="foodCropBlueberries" count="2" tag="cropHarvest"/>
	<drop event="Harvest" name="foodCropBlueberries" prob="0.5" count="1" tag="bonusCropHarvest"/>
	<drop event="Harvest" name="foodCropBlueberries" count="1" tag="farmerBonusHarvest"/>
	<drop event="Harvest" name="plantedBlueberry1" count="1" tag="farmerBonusSeed"/>
	<drop event="Destroy" name="plantedBlueberry1" count="1" prob="0.5"/>
	</block>
</append>
<append xpath="/blocks"><!--Potato-->
	<block name="plantedPotato1x5">
		<property name="Extends" value="plantedPotato1"/>
		<property name="CustomIcon" value="plantedPotato1"/>
		<property name="ItemTypeIcon" value="radial_number_5"/>
		<property name="PlantGrowing.Next" value="plantedPotato2x5"/>
		<property name="PlantGrowing.FertileLevel" value="30"/>
		<property name="EconomicValue" value="100"/>
		<dropextendsoff/>			
		<drop event="Destroy" name="plantedPotato1x5" count="1"/>
		<property name="SortOrder1" value="B958"/>
		<property name="SortOrder2" value="0010"/>
	</block>
	<block name="plantedPotato2x5">
		<property name="Extends" value="plantedPotato1x5"/>
		<property name="CreativeMode" value="None"/>
		<property name="PlantGrowing.Next" value="plantedPotato3HarvestPlayerx5"/>
		<property name="CustomIcon" value="plantedPotato1"/>
		<property name="ItemTypeIcon" value="radial_number_5"/>
		<property name="Model" value="@:Entities/Plants/potato_plant_growthPrefab.prefab"/>
		<property name="SortOrder2" value="0011"/>
	</block>
	<block name="plantedPotato3HarvestPlayerx5">
		<property name="Extends" value="plantedPotato3HarvestPlayer"/>
		<property name="CustomIcon" value="plantedPotato1"/>
		<property name="ItemTypeIcon" value="radial_number_5"/>
		<property name="DescriptionKey" value="plantedPotato3HarvestDescx5"/>
		<property name="SortOrder2" value="00012"/>	
		<dropextendsoff/>	
	<drop event="Harvest" name="foodCropPotato" count="2" tag="cropHarvest"/>
	<drop event="Harvest" name="foodCropPotato" prob="0.5" count="1" tag="bonusCropHarvest"/>
	<drop event="Harvest" name="foodCropPotato" count="1" tag="farmerBonusHarvest"/>
	<drop event="Harvest" name="plantedPotato1" count="1" tag="farmerBonusSeed"/>
	<drop event="Destroy" name="plantedPotato1" count="1" prob="0.5"/>
	<drop event="Harvest" name="foodCropPotato" count="2" tag="cropHarvest"/>
	<drop event="Harvest" name="foodCropPotato" prob="0.5" count="1" tag="bonusCropHarvest"/>
	<drop event="Harvest" name="foodCropPotato" count="1" tag="farmerBonusHarvest"/>
	<drop event="Harvest" name="plantedPotato1" count="1" tag="farmerBonusSeed"/>
	<drop event="Destroy" name="plantedPotato1" count="1" prob="0.5"/>
	<drop event="Harvest" name="foodCropPotato" count="2" tag="cropHarvest"/>
	<drop event="Harvest" name="foodCropPotato" prob="0.5" count="1" tag="bonusCropHarvest"/>
	<drop event="Harvest" name="foodCropPotato" count="1" tag="farmerBonusHarvest"/>
	<drop event="Harvest" name="plantedPotato1" count="1" tag="farmerBonusSeed"/>
	<drop event="Destroy" name="plantedPotato1" count="1" prob="0.5"/>
	<drop event="Harvest" name="foodCropPotato" count="2" tag="cropHarvest"/>
	<drop event="Harvest" name="foodCropPotato" prob="0.5" count="1" tag="bonusCropHarvest"/>
	<drop event="Harvest" name="foodCropPotato" count="1" tag="farmerBonusHarvest"/>
	<drop event="Harvest" name="plantedPotato1" count="1" tag="farmerBonusSeed"/>
	<drop event="Destroy" name="plantedPotato1" count="1" prob="0.5"/>
	<drop event="Harvest" name="foodCropPotato" count="2" tag="cropHarvest"/>
	<drop event="Harvest" name="foodCropPotato" prob="0.5" count="1" tag="bonusCropHarvest"/>
	<drop event="Harvest" name="foodCropPotato" count="1" tag="farmerBonusHarvest"/>
	<drop event="Harvest" name="plantedPotato1" count="1" tag="farmerBonusSeed"/>
	<drop event="Destroy" name="plantedPotato1" count="1" prob="0.5"/>
	</block>
</append>
<append xpath="/blocks"><!--Chrysanthemum-->
	<block name="plantedChrysanthemum1x5">
		<property name="Extends" value="plantedChrysanthemum1" />
		<property name="CustomIcon" value="plantedChrysanthemum1"/>
		<property name="ItemTypeIcon" value="radial_number_5"/>
		<property name="PlantGrowing.Next" value="plantedChrysanthemum2x5"/>
		<property name="PlantGrowing.FertileLevel" value="30"/>
		<property name="EconomicValue" value="100"/>
		<dropextendsoff/>			
		<drop event="Destroy" name="plantedChrysanthemum1x5" count="1"/>
		<property name="SortOrder1" value="B959"/>
		<property name="SortOrder2" value="0010"/>
	</block>
	<block name="plantedChrysanthemum2x5">
		<property name="Extends" value="plantedChrysanthemum1x5"/>
		<property name="CreativeMode" value="None"/>
		<property name="PlantGrowing.Next" value="plantedChrysanthemum3HarvestPlayerx5"/>
		<property name="CustomIcon" value="plantedChrysanthemum1"/>
		<property name="ItemTypeIcon" value="radial_number_5"/>
		<property name="Texture" value="551"/>
		<property name="SortOrder2" value="0011"/>
	</block>
	<block name="plantedChrysanthemum3HarvestPlayerx5">
		<property name="Extends" value="plantedChrysanthemum3HarvestPlayer"/>
		<property name="CustomIcon" value="plantedChrysanthemum1"/>
		<property name="ItemTypeIcon" value="radial_number_5"/>
		<property name="DescriptionKey" value="plantedChrysanthemum3HarvestDescx5"/>	
		<property name="SortOrder2" value="0012"/>
		<dropextendsoff/>	
	<drop event="Harvest" name="resourceCropChrysanthemumPlant" count="2" tag="cropHarvest"/>
	<drop event="Harvest" name="resourceCropChrysanthemumPlant" prob="0.5" count="1" tag="bonusCropHarvest"/>
	<drop event="Harvest" name="resourceCropChrysanthemumPlant" count="1" tag="farmerBonusHarvest"/>
	<drop event="Harvest" name="plantedChrysanthemum1" count="1" tag="farmerBonusSeed"/>
	<drop event="Destroy" name="plantedChrysanthemum1" count="1" prob="0.5"/>
	<drop event="Harvest" name="resourceCropChrysanthemumPlant" count="2" tag="cropHarvest"/>
	<drop event="Harvest" name="resourceCropChrysanthemumPlant" prob="0.5" count="1" tag="bonusCropHarvest"/>
	<drop event="Harvest" name="resourceCropChrysanthemumPlant" count="1" tag="farmerBonusHarvest"/>
	<drop event="Harvest" name="plantedChrysanthemum1" count="1" tag="farmerBonusSeed"/>
	<drop event="Destroy" name="plantedChrysanthemum1" count="1" prob="0.5"/>
	<drop event="Harvest" name="resourceCropChrysanthemumPlant" count="2" tag="cropHarvest"/>
	<drop event="Harvest" name="resourceCropChrysanthemumPlant" prob="0.5" count="1" tag="bonusCropHarvest"/>
	<drop event="Harvest" name="resourceCropChrysanthemumPlant" count="1" tag="farmerBonusHarvest"/>
	<drop event="Harvest" name="plantedChrysanthemum1" count="1" tag="farmerBonusSeed"/>
	<drop event="Destroy" name="plantedChrysanthemum1" count="1" prob="0.5"/>
	<drop event="Harvest" name="resourceCropChrysanthemumPlant" count="2" tag="cropHarvest"/>
	<drop event="Harvest" name="resourceCropChrysanthemumPlant" prob="0.5" count="1" tag="bonusCropHarvest"/>
	<drop event="Harvest" name="resourceCropChrysanthemumPlant" count="1" tag="farmerBonusHarvest"/>
	<drop event="Harvest" name="plantedChrysanthemum1" count="1" tag="farmerBonusSeed"/>
	<drop event="Destroy" name="plantedChrysanthemum1" count="1" prob="0.5"/>
	<drop event="Harvest" name="resourceCropChrysanthemumPlant" count="2" tag="cropHarvest"/>
	<drop event="Harvest" name="resourceCropChrysanthemumPlant" prob="0.5" count="1" tag="bonusCropHarvest"/>
	<drop event="Harvest" name="resourceCropChrysanthemumPlant" count="1" tag="farmerBonusHarvest"/>
	<drop event="Harvest" name="plantedChrysanthemum1" count="1" tag="farmerBonusSeed"/>
	<drop event="Destroy" name="plantedChrysanthemum1" count="1" prob="0.5"/>
	</block>
</append>
<append xpath="/blocks"><!--Corn-->
	<block name="plantedCorn1x5">
		<property name="Extends" value="plantedCorn1"/>
		<property name="CustomIcon" value="plantedCorn1"/>
		<property name="ItemTypeIcon" value="radial_number_5"/>
		<property name="PlantGrowing.Next" value="plantedCorn2x5"/>
		<property name="PlantGrowing.FertileLevel" value="30"/>
		<property name="EconomicValue" value="100"/>
		<dropextendsoff/>
		<drop event="Destroy" name="plantedCorn1x5" count="1"/>
		<property name="SortOrder1" value="B960"/>
		<property name="SortOrder2" value="0010"/>
	</block>
	<block name="plantedCorn2x5">
		<property name="Extends" value="plantedCorn1x5"/>
		<property name="CreativeMode" value="None"/>
		<property name="PlantGrowing.Next" value="plantedCorn3HarvestPlayerx5"/>		
		<property name="CustomIcon" value="plantedCorn1"/>
		<property name="ItemTypeIcon" value="radial_number_5"/>
		<property name="Model" value="@:Entities/OutdoorDecor/cornStalkGreenMediumPrefab.prefab"/>
		<property name="SortOrder2" value="0011"/>
	</block>
	<block name="plantedCorn3HarvestPlayerx5">
		<property name="Extends" value="plantedCorn3HarvestPlayer"/>
		<property name="CustomIcon" value="plantedCorn1"/>
		<property name="ItemTypeIcon" value="radial_number_5"/>
		<property name="DescriptionKey" value="plantedCorn3HarvestDescx5"/>
		<property name="SortOrder2" value="0012"/>
		<dropextendsoff/>	
	<drop event="Harvest" name="foodCropCorn" count="2" tag="cropHarvest"/>
	<drop event="Harvest" name="foodCropCorn" prob="0.5" count="1" tag="bonusCropHarvest"/>
	<drop event="Harvest" name="foodCropCorn" count="1" tag="farmerBonusHarvest"/>
	<drop event="Harvest" name="plantedCorn1" count="1" tag="farmerBonusSeed"/>
	<drop event="Destroy" name="plantedCorn1" count="1" prob="0.5"/>
	<drop event="Harvest" name="foodCropCorn" count="2" tag="cropHarvest"/>
	<drop event="Harvest" name="foodCropCorn" prob="0.5" count="1" tag="bonusCropHarvest"/>
	<drop event="Harvest" name="foodCropCorn" count="1" tag="farmerBonusHarvest"/>
	<drop event="Harvest" name="plantedCorn1" count="1" tag="farmerBonusSeed"/>
	<drop event="Destroy" name="plantedCorn1" count="1" prob="0.5"/>
	<drop event="Harvest" name="foodCropCorn" count="2" tag="cropHarvest"/>
	<drop event="Harvest" name="foodCropCorn" prob="0.5" count="1" tag="bonusCropHarvest"/>
	<drop event="Harvest" name="foodCropCorn" count="1" tag="farmerBonusHarvest"/>
	<drop event="Harvest" name="plantedCorn1" count="1" tag="farmerBonusSeed"/>
	<drop event="Destroy" name="plantedCorn1" count="1" prob="0.5"/>
	<drop event="Harvest" name="foodCropCorn" count="2" tag="cropHarvest"/>
	<drop event="Harvest" name="foodCropCorn" prob="0.5" count="1" tag="bonusCropHarvest"/>
	<drop event="Harvest" name="foodCropCorn" count="1" tag="farmerBonusHarvest"/>
	<drop event="Harvest" name="plantedCorn1" count="1" tag="farmerBonusSeed"/>
	<drop event="Destroy" name="plantedCorn1" count="1" prob="0.5"/>
	<drop event="Harvest" name="foodCropCorn" count="2" tag="cropHarvest"/>
	<drop event="Harvest" name="foodCropCorn" prob="0.5" count="1" tag="bonusCropHarvest"/>
	<drop event="Harvest" name="foodCropCorn" count="1" tag="farmerBonusHarvest"/>
	<drop event="Harvest" name="plantedCorn1" count="1" tag="farmerBonusSeed"/>
	<drop event="Destroy" name="plantedCorn1" count="1" prob="0.5"/>
	</block>
</append>
<append xpath="/blocks"><!--Grace Corn-->
	<block name="plantedGraceCorn1x5">
		<property name="Extends" value="plantedGraceCorn1"/>
		<property name="ItemTypeIcon" value="radial_number_5"/><!--custom icon is already on the extend-->
		<property name="PlantGrowing.Next" value="plantedGraceCorn2x5"/>
		<property name="PlantGrowing.FertileLevel" value="30"/>
		<property name="EconomicValue" value="100"/>
		<dropextendsoff/>
		<drop event="Destroy" name="plantedGraceCorn1x5" count="1"/>
		<property name="SortOrder1" value="B961"/>
		<property name="SortOrder2" value="0010"/>
	</block>
	<block name="plantedGraceCorn2x5">
		<property name="Extends" value="plantedGraceCorn1x5"/>
		<property name="CreativeMode" value="None"/>		
		<property name="PlantGrowing.Next" value="plantedGraceCorn3HarvestPlayerx5"/>
		<property name="Model" value="@:Entities/OutdoorDecor/cornStalkSuperMediumPrefab.prefab"/>
		<property name="SortOrder2" value="0011"/>
	</block>
	<block name="plantedGraceCorn3HarvestPlayerx5">
		<property name="Extends" value="plantedGraceCorn3HarvestPlayer"/>
		<property name="ItemTypeIcon" value="radial_number_5"/>
		<property name="DescriptionKey" value="plantedGraceCorn3HarvestDescx5"/>
		<property name="SortOrder2" value="0012"/>
		<dropextendsoff/>	
	<drop event="Harvest" name="foodCropGraceCorn" count="2" tag="cropHarvest"/>
	<drop event="Harvest" name="foodCropGraceCorn" prob="0.5" count="1" tag="bonusCropHarvest"/>
	<drop event="Harvest" name="foodCropGraceCorn" count="1" tag="farmerBonusHarvest"/>
	<drop event="Harvest" name="plantedGraceCorn1" count="1" tag="farmerBonusSeed"/>
	<drop event="Destroy" name="plantedGraceCorn1" count="1" prob="0.5"/>
	<drop event="Harvest" name="foodCropGraceCorn" count="2" tag="cropHarvest"/>
	<drop event="Harvest" name="foodCropGraceCorn" prob="0.5" count="1" tag="bonusCropHarvest"/>
	<drop event="Harvest" name="foodCropGraceCorn" count="1" tag="farmerBonusHarvest"/>
	<drop event="Harvest" name="plantedGraceCorn1" count="1" tag="farmerBonusSeed"/>
	<drop event="Destroy" name="plantedGraceCorn1" count="1" prob="0.5"/>
	<drop event="Harvest" name="foodCropGraceCorn" count="2" tag="cropHarvest"/>
	<drop event="Harvest" name="foodCropGraceCorn" prob="0.5" count="1" tag="bonusCropHarvest"/>
	<drop event="Harvest" name="foodCropGraceCorn" count="1" tag="farmerBonusHarvest"/>
	<drop event="Harvest" name="plantedGraceCorn1" count="1" tag="farmerBonusSeed"/>
	<drop event="Destroy" name="plantedGraceCorn1" count="1" prob="0.5"/>
	<drop event="Harvest" name="foodCropGraceCorn" count="2" tag="cropHarvest"/>
	<drop event="Harvest" name="foodCropGraceCorn" prob="0.5" count="1" tag="bonusCropHarvest"/>
	<drop event="Harvest" name="foodCropGraceCorn" count="1" tag="farmerBonusHarvest"/>
	<drop event="Harvest" name="plantedGraceCorn1" count="1" tag="farmerBonusSeed"/>
	<drop event="Destroy" name="plantedGraceCorn1" count="1" prob="0.5"/>
	<drop event="Harvest" name="foodCropGraceCorn" count="2" tag="cropHarvest"/>
	<drop event="Harvest" name="foodCropGraceCorn" prob="0.5" count="1" tag="bonusCropHarvest"/>
	<drop event="Harvest" name="foodCropGraceCorn" count="1" tag="farmerBonusHarvest"/>
	<drop event="Harvest" name="plantedGraceCorn1" count="1" tag="farmerBonusSeed"/>
	<drop event="Destroy" name="plantedGraceCorn1" count="1" prob="0.5"/>
	</block>
</append>
<append xpath="/blocks"><!--Hop-->
	<block name="plantedHop1x5">
		<property name="Extends" value="plantedHop1"/>
		<property name="CustomIcon" value="plantedHop1"/>
		<property name="ItemTypeIcon" value="radial_number_5"/>
		<property name="PlantGrowing.Next" value="plantedHop2x5"/>
		<property name="PlantGrowing.FertileLevel" value="30"/>
		<property name="EconomicValue" value="100"/>
		<dropextendsoff/>
		<drop event="Destroy" name="plantedHop1x5" count="1"/>
		<property name="SortOrder1" value="B962"/>
		<property name="SortOrder2" value="0010"/>
	</block>
	<block name="plantedHop2x5">
		<property name="Extends" value="plantedHop1x5"/>
		<property name="CreativeMode" value="None"/>
		<property name="PlantGrowing.Next" value="plantedHop3HarvestPlayerx5"/>
		<property name="CustomIcon" value="plantedHop1"/>
		<property name="ItemTypeIcon" value="radial_number_5"/>
		<property name="Model" value="@:Entities/Plants/plantHopsGrowthPrefab.prefab"/>
		<property name="SortOrder2" value="0011"/>
	</block>
	<block name="plantedHop3HarvestPlayerx5">
		<property name="Extends" value="plantedHop3HarvestPlayer"/>
		<property name="CustomIcon" value="plantedHop1"/>
		<property name="ItemTypeIcon" value="radial_number_5"/>
		<property name="DescriptionKey" value="plantedHop3HarvestDescx5"/>
		<property name="SortOrder2" value="0012"/>
		<dropextendsoff/>	
	<drop event="Harvest" name="resourceCropHopsFlower" count="2" tag="cropHarvest"/>
	<drop event="Harvest" name="resourceCropHopsFlower" prob="0.5" count="1" tag="bonusCropHarvest"/>
	<drop event="Harvest" name="resourceCropHopsFlower" count="1" tag="farmerBonusHarvest"/>
	<drop event="Harvest" name="plantedHop1" count="1" tag="farmerBonusSeed"/>
	<drop event="Harvest" name="resourceCropHopsFlower" count="2" tag="cropHarvest"/>
	<drop event="Harvest" name="resourceCropHopsFlower" prob="0.5" count="1" tag="bonusCropHarvest"/>
	<drop event="Harvest" name="resourceCropHopsFlower" count="1" tag="farmerBonusHarvest"/>
	<drop event="Harvest" name="plantedHop1" count="1" tag="farmerBonusSeed"/>
	<drop event="Harvest" name="resourceCropHopsFlower" count="2" tag="cropHarvest"/>
	<drop event="Harvest" name="resourceCropHopsFlower" prob="0.5" count="1" tag="bonusCropHarvest"/>
	<drop event="Harvest" name="resourceCropHopsFlower" count="1" tag="farmerBonusHarvest"/>
	<drop event="Harvest" name="plantedHop1" count="1" tag="farmerBonusSeed"/>
	<drop event="Harvest" name="resourceCropHopsFlower" count="2" tag="cropHarvest"/>
	<drop event="Harvest" name="resourceCropHopsFlower" prob="0.5" count="1" tag="bonusCropHarvest"/>
	<drop event="Harvest" name="resourceCropHopsFlower" count="1" tag="farmerBonusHarvest"/>
	<drop event="Harvest" name="plantedHop1" count="1" tag="farmerBonusSeed"/>
	<drop event="Harvest" name="resourceCropHopsFlower" count="2" tag="cropHarvest"/>
	<drop event="Harvest" name="resourceCropHopsFlower" prob="0.5" count="1" tag="bonusCropHarvest"/>
	<drop event="Harvest" name="resourceCropHopsFlower" count="1" tag="farmerBonusHarvest"/>
	<drop event="Harvest" name="plantedHop1" count="1" tag="farmerBonusSeed"/>
	</block>
</append>
<append xpath="/blocks"><!--Pumpkins-->
	<block name="plantedPumpkin1x5">
		<property name="Extends" value="plantedPumpkin1"/>
		<property name="CustomIcon" value="plantedPumpkin1"/>
		<property name="ItemTypeIcon" value="radial_number_5"/>	
		<property name="PlantGrowing.Next" value="plantedPumpkin2x5"/>
		<property name="PlantGrowing.FertileLevel" value="30"/>
		<property name="EconomicValue" value="100"/>
		<dropextendsoff/>
		<drop event="Destroy" name="plantedPumpkin1x5" count="1"/>
		<property name="SortOrder1" value="B964"/>
		<property name="SortOrder2" value="0010"/>
	</block>
	<block name="plantedPumpkin2x5">
		<property name="Extends" value="plantedPumpkin1x5"/>
		<property name="CreativeMode" value="None"/>
		<property name="PlantGrowing.Next" value="plantedPumpkin3HarvestPlayerx5"/>
		<property name="CustomIcon" value="plantedPumpkin1"/>
		<property name="ItemTypeIcon" value="radial_number_5"/>
		<property name="Model" value="@:Entities/Plants/pumpkinGrowthPrefab.prefab"/>
		<property name="SortOrder2" value="0011"/>
	</block>
	<block name="plantedPumpkin3HarvestPlayerx5">
		<property name="Extends" value="plantedPumpkin3HarvestPlayer"/>
		<property name="CustomIcon" value="plantedPumpkin1"/>
		<property name="ItemTypeIcon" value="radial_number_5"/>	
		<property name="DescriptionKey" value="plantedPumpkin3HarvestDescx5"/>
		<property name="SortOrder2" value="0012"/>
		<dropextendsoff/>	
	<drop event="Harvest" name="foodCropPumpkin" count="2" tag="cropHarvest"/>
	<drop event="Harvest" name="foodCropPumpkin" prob="0.5" count="1" tag="bonusCropHarvest"/>
	<drop event="Harvest" name="foodCropPumpkin" count="1" tag="farmerBonusHarvest"/>
	<drop event="Harvest" name="plantedPumpkin1" count="1" tag="farmerBonusSeed"/>
	<drop event="Destroy" name="plantedPumpkin1" count="1" prob="0.5"/>
	<drop event="Harvest" name="foodCropPumpkin" count="2" tag="cropHarvest"/>
	<drop event="Harvest" name="foodCropPumpkin" prob="0.5" count="1" tag="bonusCropHarvest"/>
	<drop event="Harvest" name="foodCropPumpkin" count="1" tag="farmerBonusHarvest"/>
	<drop event="Harvest" name="plantedPumpkin1" count="1" tag="farmerBonusSeed"/>
	<drop event="Destroy" name="plantedPumpkin1" count="1" prob="0.5"/>
	<drop event="Harvest" name="foodCropPumpkin" count="2" tag="cropHarvest"/>
	<drop event="Harvest" name="foodCropPumpkin" prob="0.5" count="1" tag="bonusCropHarvest"/>
	<drop event="Harvest" name="foodCropPumpkin" count="1" tag="farmerBonusHarvest"/>
	<drop event="Harvest" name="plantedPumpkin1" count="1" tag="farmerBonusSeed"/>
	<drop event="Destroy" name="plantedPumpkin1" count="1" prob="0.5"/>
	<drop event="Harvest" name="foodCropPumpkin" count="2" tag="cropHarvest"/>
	<drop event="Harvest" name="foodCropPumpkin" prob="0.5" count="1" tag="bonusCropHarvest"/>
	<drop event="Harvest" name="foodCropPumpkin" count="1" tag="farmerBonusHarvest"/>
	<drop event="Harvest" name="plantedPumpkin1" count="1" tag="farmerBonusSeed"/>
	<drop event="Destroy" name="plantedPumpkin1" count="1" prob="0.5"/>
	<drop event="Harvest" name="foodCropPumpkin" count="2" tag="cropHarvest"/>
	<drop event="Harvest" name="foodCropPumpkin" prob="0.5" count="1" tag="bonusCropHarvest"/>
	<drop event="Harvest" name="foodCropPumpkin" count="1" tag="farmerBonusHarvest"/>
	<drop event="Harvest" name="plantedPumpkin1" count="1" tag="farmerBonusSeed"/>
	<drop event="Destroy" name="plantedPumpkin1" count="1" prob="0.5"/>
	</block>
</append>
<append xpath="/blocks"><!--Birdnest-->
	<block name="birdsNestEmptyx5">
			<property name="Extends" value="birdsNestEmpty"/>
			<property name="CustomIcon" value="cntBirdnest"/>
			<property name="ItemTypeIcon" value="radial_number_5"/>			
			<property name="PlantGrowing.Next" value="birdsNestLayingx5"/>
			<property name="EconomicValue" value="100"/>
			<dropextendsoff/>
			<drop event="Destroy" name="birdsNestEmptyx5" count="1"/>
			<property name="SortOrder1" value="B964"/>
			<property name="SortOrder2" value="0019"/>
		</block>
		<block name="birdsNestLayingx5">
			<property name="Extends" value="birdsNestEmptyx5"/>
			<property name="CreativeMode" value="None"/>
			<property name="PlantGrowing.Next" value="birdsNestFullx5"/>
			<property name="CustomIcon" value="cntBirdnest"/>
			<property name="ItemTypeIcon" value="radial_number_5"/>
			<property name="Model" value="@:Entities/Sandbags/sandbag_pile_01Prefab.prefab"/>
			<property name="SortOrder2" value="0020"/>
		</block>
		<block name="birdsNestFullx5">
			<property name="Extends" value="birdsNestFull"/>
			<property name="CustomIcon" value="cntBirdnest"/>
			<property name="ItemTypeIcon" value="radial_number_5"/>			
			<property name="DescriptionKey" value="birdsNestFulldescx5"/>
			<property name="SortOrder2" value="0021"/>
			<dropextendsoff/>			
			<drop event="Harvest" name="foodEgg" count="1" tag="allHarvest"/><!--Just one regardless of crop harvest skill-->
			<drop event="Harvest" name="foodEgg" count="1" prob="0.5" 	tag="bonusCropHarvest"/>	
			<drop event="Harvest" name="foodEgg" count="1" 				tag="farmerBonusHarvest"/>	
			<drop event="Harvest" name="resourceFeather" count="0,2" 	tag="allHarvest"/>
			<drop event="Harvest" name="resourceFeather" count="0,1" prob="0.5" 	tag="bonusCropHarvest"/>	
			<drop event="Harvest" name="resourceFeather" count="0,1"				tag="farmerBonusHarvest"/>
			<drop event="Destroy" name="birdsNestEmpty" count="1" prob="0.5"/>					
			<drop event="Harvest" name="birdsNestEmpty" count="1" 				tag="farmerBonusSeed"/>			
			<drop event="Harvest" name="foodEgg" count="1" tag="allHarvest"/><!--Just one regardless of crop harvest skill-->
			<drop event="Harvest" name="foodEgg" count="1" prob="0.5" 	tag="bonusCropHarvest"/>	
			<drop event="Harvest" name="foodEgg" count="1" 				tag="farmerBonusHarvest"/>	
			<drop event="Harvest" name="resourceFeather" count="0,2" 	tag="allHarvest"/>
			<drop event="Harvest" name="resourceFeather" count="0,1" prob="0.5" 	tag="bonusCropHarvest"/>	
			<drop event="Harvest" name="resourceFeather" count="0,1"				tag="farmerBonusHarvest"/>
			<drop event="Destroy" name="birdsNestEmpty" count="1" prob="0.5"/>					
			<drop event="Harvest" name="birdsNestEmpty" count="1" 				tag="farmerBonusSeed"/>			
			<drop event="Harvest" name="foodEgg" count="1" tag="allHarvest"/><!--Just one regardless of crop harvest skill-->
			<drop event="Harvest" name="foodEgg" count="1" prob="0.5" 	tag="bonusCropHarvest"/>	
			<drop event="Harvest" name="foodEgg" count="1" 				tag="farmerBonusHarvest"/>	
			<drop event="Harvest" name="resourceFeather" count="0,2" 	tag="allHarvest"/>
			<drop event="Harvest" name="resourceFeather" count="0,1" prob="0.5" 	tag="bonusCropHarvest"/>	
			<drop event="Harvest" name="resourceFeather" count="0,1"				tag="farmerBonusHarvest"/>
			<drop event="Destroy" name="birdsNestEmpty" count="1" prob="0.5"/>					
			<drop event="Harvest" name="birdsNestEmpty" count="1" 				tag="farmerBonusSeed"/>			
			<drop event="Harvest" name="foodEgg" count="1" tag="allHarvest"/><!--Just one regardless of crop harvest skill-->
			<drop event="Harvest" name="foodEgg" count="1" prob="0.5" 	tag="bonusCropHarvest"/>	
			<drop event="Harvest" name="foodEgg" count="1" 				tag="farmerBonusHarvest"/>	
			<drop event="Harvest" name="resourceFeather" count="0,2" 	tag="allHarvest"/>
			<drop event="Harvest" name="resourceFeather" count="0,1" prob="0.5" 	tag="bonusCropHarvest"/>	
			<drop event="Harvest" name="resourceFeather" count="0,1"				tag="farmerBonusHarvest"/>
			<drop event="Destroy" name="birdsNestEmpty" count="1" prob="0.5"/>					
			<drop event="Harvest" name="birdsNestEmpty" count="1" 				tag="farmerBonusSeed"/>			
			<drop event="Harvest" name="foodEgg" count="1" tag="allHarvest"/><!--Just one regardless of crop harvest skill-->
			<drop event="Harvest" name="foodEgg" count="1" prob="0.5" 	tag="bonusCropHarvest"/>	
			<drop event="Harvest" name="foodEgg" count="1" 				tag="farmerBonusHarvest"/>	
			<drop event="Harvest" name="resourceFeather" count="0,2" 	tag="allHarvest"/>
			<drop event="Harvest" name="resourceFeather" count="0,1" prob="0.5" 	tag="bonusCropHarvest"/>	
			<drop event="Harvest" name="resourceFeather" count="0,1"				tag="farmerBonusHarvest"/>
			<drop event="Destroy" name="birdsNestEmpty" count="1" prob="0.5"/>					
			<drop event="Harvest" name="birdsNestEmpty" count="1" 				tag="farmerBonusSeed"/>	
		</block>
</append>
<append xpath="/blocks"><!--BeeFlower-->
		<block name="beeFlowerx5"><!--seed-->
			<property name="Extends" value="beeFlower"/>
			<property name="DescriptionKey" value="beeFlowerdesc"/>	
			<property name="CustomIcon" value="forestFlower"/>
			<property name="ItemTypeIcon" value="radial_number_5"/>			
			<property name="PlantGrowing.Next" value="beeLogx5"/>
			<property name="PlantGrowing.FertileLevel" value="30"/>
			<property name="EconomicValue" value="100"/>
			<dropextendsoff/>
			<drop event="Destroy" name="beeFlowerx5" count="1"/>
			<property name="SortOrder1" value="B964"/>
			<property name="SortOrder2" value="0022"/>
		</block>
		<block name="beeLogx5"><!--growing-->
			<property name="Extends" value="beeLog"/>
			<property name="CreativeMode" value="None"/>
			<property name="PlantGrowing.Next" value="beeHivex5"/>
			<property name="CustomIcon" value="driftwood"/>
			<property name="ItemTypeIcon" value="radial_number_5"/>		
			<property name="SortOrder2" value="0023"/>
		</block>
		<block name="beeHivex5"><!--harvest-->
			<property name="Extends" value="beeHive"/>
			<property name="CustomIcon" value="treeStump"/>
			<property name="ItemTypeIcon" value="radial_number_5"/>			
			<property name="DescriptionKey" value="beeHivedescx5"/>
			<property name="SortOrder2" value="0024"/>
			<property name="Shape" value="New"/>
			<property name="Model" value="@:Shapes/farm_plot_raised.fbx"/>
			<property name="Texture" value="581,602,602,602,602,602"/>
			<property name="UseGlobalUV" value="G,L,L,L,L,L"/>
			<property name="ImposterExchange" value="imposterBlock" param1="5"/>
			<property name="OnlySimpleRotations" value="true"/>			
			<dropextendsoff/>
			<drop event="Harvest" name="foodHoney" count="1" tag="allHarvest"/>	<!--Just one regardless of crop harvest skill-->
			<drop event="Harvest" name="foodHoney" count="1" prob="0.5" tag="bonusCropHarvest"/>	
			<drop event="Harvest" name="foodHoney" count="1" tag="farmerBonusHarvest"/>	
			<drop event="Harvest" name="beeFlower" count="1" tag="farmerBonusSeed"/>
			<drop event="Destroy" name="beeFlower" count="1" prob="0.5"/>		
			<drop event="Harvest" name="foodHoney" count="1" tag="allHarvest"/>	<!--Just one regardless of crop harvest skill-->
			<drop event="Harvest" name="foodHoney" count="1" prob="0.5" tag="bonusCropHarvest"/>	
			<drop event="Harvest" name="foodHoney" count="1" tag="farmerBonusHarvest"/>	
			<drop event="Harvest" name="beeFlower" count="1" tag="farmerBonusSeed"/>
			<drop event="Destroy" name="beeFlower" count="1" prob="0.5"/>		
			<drop event="Harvest" name="foodHoney" count="1" tag="allHarvest"/>	<!--Just one regardless of crop harvest skill-->
			<drop event="Harvest" name="foodHoney" count="1" prob="0.5" tag="bonusCropHarvest"/>	
			<drop event="Harvest" name="foodHoney" count="1" tag="farmerBonusHarvest"/>	
			<drop event="Harvest" name="beeFlower" count="1" tag="farmerBonusSeed"/>
			<drop event="Destroy" name="beeFlower" count="1" prob="0.5"/>		
			<drop event="Harvest" name="foodHoney" count="1" tag="allHarvest"/>	<!--Just one regardless of crop harvest skill-->
			<drop event="Harvest" name="foodHoney" count="1" prob="0.5" tag="bonusCropHarvest"/>	
			<drop event="Harvest" name="foodHoney" count="1" tag="farmerBonusHarvest"/>	
			<drop event="Harvest" name="beeFlower" count="1" tag="farmerBonusSeed"/>
			<drop event="Destroy" name="beeFlower" count="1" prob="0.5"/>		
			<drop event="Harvest" name="foodHoney" count="1" tag="allHarvest"/>	<!--Just one regardless of crop harvest skill-->
			<drop event="Harvest" name="foodHoney" count="1" prob="0.5" tag="bonusCropHarvest"/>	
			<drop event="Harvest" name="foodHoney" count="1" tag="farmerBonusHarvest"/>	
			<drop event="Harvest" name="beeFlower" count="1" tag="farmerBonusSeed"/>
			<drop event="Destroy" name="beeFlower" count="1" prob="0.5"/>		
			
			
		</block>
</append>

<append xpath="/blocks"><!--x5 Farm Plots-->
	<block name="farmPlotBlockPlayerx5">
		<property name="DisplayType" value="blockTerrainFertile"/>
		<property name="Material" value="MfertilizedFarmland"/>
		<property name="MaxDamage" value="1250"/>
		<property name="Shape" value="New"/>
		<property name="Model" value="@:Shapes/farm_plot.fbx"/>
		<property name="Texture" value="47,429,429,429,429,429"/>
		<property name="UseGlobalUV" value="G,L,L,L,L,L"/>
		<property name="ImposterExchange" value="imposterBlock" param1="5"/>
		<property name="OnlySimpleRotations" value="true"/>
		<property name="EconomicValue" value="250"/>
		<property class="RepairItems">
			<property name="resourceClayLump" value="70"/>
		</property>	
		<drop event="Fall" name="terrDirt" count="5" prob="0.25" stick_chance="1"/>
		<drop event="Fall" name="resourceClayLump" count="220" prob="0.187" stick_chance="0"/>
		<property name="CreativeMode" value="Player"/>
		<property name="CanMobsSpawnOn" value="false"/>
		<property name="CustomIcon" value="farmPlotBlock"/><property name="ItemTypeIcon" value="radial_number_5"/>
		<property name="CustomIconTint" value="fc8403"/>
		<drop event="Destroy" name="farmPlotBlockVariantHelperx5" count="1"/>
		<property name="SortOrder1" value="B965"/>
		<property name="SortOrder2" value="0010"/>
	</block>
	<block name="farmPlotBlockPlayerRaisedx5">
		<property name="Extends" value="farmPlotBlockPlayerx5"/>
		<property name="CreativeMode" value="Player"/>
		<property name="CustomIcon" value="farmPlotBlockRaised"/><property name="ItemTypeIcon" value="radial_number_5"/>
		<property name="CustomIconTint" value="fc8403"/>
		<property name="Material" value="MfertilizedFarmland"/>
		<property name="MaxDamage" value="1250"/>
		<property name="Shape" value="New"/>
		<property name="Model" value="@:Shapes/farm_plot_raised.fbx"/>
		<property name="Texture" value="47,429,429,429,429,429"/>
		<property name="UseGlobalUV" value="G,L,L,L,L,L"/>
		<dropextendsoff/>
		<drop event="Destroy" name="farmPlotBlockVariantHelperx5" count="1"/>
		<property name="SortOrder1" value="B965"/>
		<property name="SortOrder2" value="0011"/>
	</block>
	<block name="farmPlotBlockPlayerCornerRoundx5">
		<property name="Extends" value="farmPlotBlockPlayerx5"/>
		<property name="CreativeMode" value="Player"/>
		<property name="CustomIcon" value="farmPlotBlockCornerRound"/><property name="ItemTypeIcon" value="radial_number_5"/>
		<property name="CustomIconTint" value="fc8403"/>
		<property name="Material" value="MfertilizedFarmland"/>
		<property name="MaxDamage" value="1250"/>
		<property name="Shape" value="New"/>
		<property name="Model" value="@:Shapes/farm_plot_corner_round.fbx"/>
		<property name="Texture" value="47,429,429,429,429,429"/>
		<property name="UseGlobalUV" value="G,L,L,L,L,L"/>
		<dropextendsoff/>
		<drop event="Destroy" name="farmPlotBlockVariantHelperx5" count="1"/>
		<property name="SortOrder1" value="B965"/>
		<property name="SortOrder2" value="0012"/>
	</block>
	<block name="farmPlotBlockVariantHelperx5">
		<property name="Extends" value="farmPlotBlockPlayerx5"/>
		<property name="CreativeMode" value="Player"/>
		<property name="CustomIcon" value="farmPlotBlock"/>
		<property name="CustomIconTint" value="fc8403"/>
		<property name="ItemTypeIcon" value="all_blocks"/>
		<property name="DescriptionKey" value="blockVariantHelperGroupDesc"/>
		<property name="SelectAlternates" value="true"/>
		<property name="PlaceAltBlockValue" value="farmPlotBlockPlayerx5,farmPlotBlockPlayerCornerRoundx5,farmPlotBlockPlayerRaisedx5"/>
		<property name="SortOrder1" value="U200"/>
		<property name="SortOrder2" value="0000"/>
		<property name="FilterTags" value="MC_playerBlocks,SC_playerHelpers"/>
	</block>
</append>



</AGFVanillaPlus-FarmingPlus>
