<AGFVanillaPlus-ProgressiveBiomeSpawning>

<remove xpath="/spawning/biome"/> <!--I try to avoid removing anything, but this case seemed good.-->


<append xpath="/spawning">

<!--tags, aka Districts:
wilderness
commercial
downtown
industrial
residential
countrytown
countryresidential
rural
oldwest
gateway
-->


	<biome name="pine_forest">
		<!--General areas, including wilderness-->
		<spawn maxcount="3" respawndelay="2.9" time="Day" entitygroup="ZombiesAll" notags="commercial,industrial,downtown" /><!--default 1-->
		<spawn maxcount="4" respawndelay="3.3" time="Night" entitygroup="ZombiesNight" notags="commercial,industrial,downtown" /><!--default 1-->

		<!--raised difficulty in commercial/industrial areas that are NOT included in downtown-->
		<spawn maxcount="4" respawndelay="0.3" time="Day" entitygroup="ZombiesAll" tags="commercial,industrial" notags="downtown" /><!--default 2-->
		<spawn maxcount="5" respawndelay="0.15" time="Night" entitygroup="ZombiesNight" tags="commercial,industrial" notags="downtown" /><!--default 3-->

		<!--Downtown areas are the most difficult-->
		<spawn maxcount="5" respawndelay="0.3" time="Day" entitygroup="ZombiesForestDowntown" tags="downtown" /><!--default 3-->
		<spawn maxcount="5" respawndelay="0.1" time="Night" entitygroup="ZombiesForestDowntownNight" tags="downtown" /><!--default 3-->

		<!--wildlife in any districts-->
		<spawn maxcount="4" respawndelay="1" time="Any" entitygroup="WildGameForest" spawnDeadChance="0" /> <!--default 2-->		
		<spawn maxcount="3" respawndelay="1" time="Night" entitygroup="WildGameForestNight" spawnDeadChance="0" /><!--default 1-->
		<spawn maxcount="1" respawndelay="3.2" time="Night" entitygroup="EnemyAnimalsForest" spawnDeadChance="0" /><!--default 1-->
	</biome>

	<biome name="burnt_forest">
		<spawn maxcount="3" respawndelay="2.8" time="Day" entitygroup="ZombiesBurntForest" /><!--default 1-->
		<spawn maxcount="4" respawndelay="3.2" time="Night" entitygroup="ZombiesNight" /><!--default 1-->

		<spawn maxcount="5" respawndelay="0.25" time="Day" entitygroup="ZombiesAll" tags="commercial,industrial" notags="downtown" /><!--default 3-->
		<spawn maxcount="6" respawndelay="0.15" time="Night" entitygroup="ZombiesNight" tags="commercial,industrial" notags="downtown" /><!--default 4-->

		<spawn maxcount="5" respawndelay="0.15" time="Day" entitygroup="ZombiesDowntown" tags="downtown" /><!--default 3-->
		<spawn maxcount="6" respawndelay="0.1" time="Night" entitygroup="ZombiesDowntown" tags="downtown" /><!--default 4-->


		<spawn maxcount="3" respawndelay="1" time="Any" entitygroup="WildGameForest" spawnDeadChance="0" /><!--default 1-->
		<spawn maxcount="1" respawndelay="1.1" time="Any" entitygroup="EnemyAnimalsBurntForestAny" spawnDeadChance="0" /><!--default 1-->
		<spawn maxcount="2" respawndelay="1" time="Night" entitygroup="WildGameForestNight" spawnDeadChance="0" /><!--default 1-->
		<spawn maxcount="1" respawndelay="1.1" time="Night" entitygroup="EnemyAnimalsBurntForestNight" spawnDeadChance="0" /><!--default 1-->	
	</biome>

	<biome name="desert">
		<spawn maxcount="3" respawndelay="2.7" time="Any" entitygroup="ZombiesAll" notags="commercial,industrial,downtown" /><!--default 1-->
		<spawn maxcount="4" respawndelay="2.1" time="Night" entitygroup="ZombiesNight" notags="commercial,industrial,downtown" /><!--default 1-->
		
		<spawn maxcount="5" respawndelay="0.2" time="Day" entitygroup="ZombiesAll" tags="commercial,industrial" notags="downtown" /><!--default 3-->
		<spawn maxcount="5" respawndelay="0.1" time="Night" entitygroup="ZombiesNight" tags="commercial,industrial" notags="downtown" /><!--default 3-->

		<spawn maxcount="5" respawndelay="0.2" time="Day" entitygroup="ZombiesDowntown" tags="downtown" /><!--default 3-->
		<spawn maxcount="6" respawndelay="0.09" time="Night" entitygroup="ZombiesDowntown" tags="downtown" /><!--default 4-->
		
		<spawn maxcount="3" respawndelay="1" time="Any" entitygroup="WildGameForest" spawnDeadChance="0" /><!--default 1-->
		<spawn maxcount="1" respawndelay="3.5" time="Any" entitygroup="EnemyAnimalsDesert" spawnDeadChance="0" /><!--default 1-->
		<spawn maxcount="2" respawndelay="3.5" time="Night" entitygroup="EnemyAnimalsDesertNight" spawnDeadChance="0" /><!--default 1-->

	</biome>

	<biome name="snow">
		<spawn maxcount="4" respawndelay="2.6" time="Any" entitygroup="SnowZombies" notags="downtown" /><!--default 1-->
		<spawn maxcount="5" respawndelay="1.7" time="Night" entitygroup="ZombiesNight" notags="commercial,industrial,downtown" /><!--default 1-->

		<spawn maxcount="6" respawndelay="0.09" time="Day" entitygroup="ZombiesAll" tags="commercial,industrial" notags="downtown" /><!--default 4-->
		<spawn maxcount="6" respawndelay="0.06" time="Night" entitygroup="ZombiesNight" tags="commercial,industrial" notags="downtown" /><!--default 4-->

		<spawn maxcount="6" respawndelay="0.07" time="Day" entitygroup="ZombiesDowntown" tags="downtown" /><!--default 4-->
		<spawn maxcount="6" respawndelay="0.04" time="Night" entitygroup="ZombiesDowntown" tags="downtown" /><!--default 4-->

		<spawn maxcount="2" respawndelay="1" time="Any" entitygroup="WildGameForest" spawnDeadChance="0" /><!--default 1-->
		<spawn maxcount="2" respawndelay="1" time="Night" entitygroup="WildGameStagNight" spawnDeadChance="0" /><!--default 1-->
		<spawn maxcount="2" respawndelay="3.1" time="Any" entitygroup="EnemyAnimalsSnow" spawnDeadChance="0" /><!--default 1-->
		<spawn maxcount="2" respawndelay="3.1" time="Night" entitygroup="EnemyAnimalsSnowNight" spawnDeadChance="0" /><!--default 1-->

	</biome>

	<biome name="wasteland">
		<spawn maxcount="5" respawndelay="0.3" time="Day"	entitygroup="ZombiesWasteland" notags="commercial,industrial,downtown" /><!--default 1-->
		<spawn maxcount="6" respawndelay="0.001" time="Night" entitygroup="ZombiesWastelandNight" notags="commercial,industrial,downtown" /><!--default 2-->

		<spawn maxcount="7" respawndelay="0.033" time="Day" entitygroup="ZombiesWasteland" tags="commercial,industrial" notags="downtown" /><!--default 4-->
		<spawn maxcount="7" respawndelay="0.002" time="Night" entitygroup="ZombiesWastelandNight" tags="commercial,industrial" notags="downtown" /><!--default 4-->

		<spawn maxcount="7" respawndelay="0.0167" time="Day" entitygroup="ZombiesWastelandDowntown" tags="downtown" /><!--default 4-->
		<spawn maxcount="7" respawndelay="0.002" time="Night" entitygroup="ZombiesWastelandDowntown" tags="downtown" /><!--default 4-->

		<spawn maxcount="1" respawndelay="0.3" time="Any" entitygroup="EnemyAnimalsWasteland" spawnDeadChance="0" /><!--default 1-->
		<spawn maxcount="1" respawndelay="1" time="Night" entitygroup="WildGameStagNight" spawnDeadChance="0" /><!--default 1-->
		<spawn maxcount="2" respawndelay="1" time="Night" entitygroup="EnemyAnimalsWastelandNight" spawnDeadChance="0" /><!--default 1-->
	</biome>

</append>




</AGFVanillaPlus-ProgressiveBiomeSpawning>