<AGFVanillaPlus-ArcheryFeathersChange>


	<!-- All Archery uses Feathers AND feathers may be made from plastic.-->	
		<!--Removes the plastic as ingredients for advanced archery ammo-->
			<remove xpath="/recipes/recipe[contains(@name,'Arrow')]/ingredient[@name='resourceScrapPolymers']"/>
			<remove xpath="/recipes/recipe[contains(@name,'Bolt')]/ingredient[@name='resourceScrapPolymers']"/>
			
		<!--Adds the feather ingredient for advanced archery ammo both singles and bundles-->	
			<append xpath="/recipes/recipe[@name='ammoArrowFlaming']"><ingredient name="resourceFeather" count="1"/></append>
			<append xpath="/recipes/recipe[@name='ammoBundleArrowFlaming']"><ingredient name="resourceFeather" count="80"/></append>
			<append xpath="/recipes/recipe[@name='ammoArrowExploding']"><ingredient name="resourceFeather" count="1"/></append>
			<append xpath="/recipes/recipe[@name='ammoBundleArrowExploding']"><ingredient name="resourceFeather" count="60"/></append>
			<append xpath="/recipes/recipe[@name='ammoArrowSteelAP']"><ingredient name="resourceFeather" count="1"/></append>
			<append xpath="/recipes/recipe[@name='ammoBundleArrowSteelAP']"><ingredient name="resourceFeather" count="80"/></append>
			<append xpath="/recipes/recipe[@name='ammoCrossbowBoltFlaming']"><ingredient name="resourceFeather" count="1"/></append>
			<append xpath="/recipes/recipe[@name='ammoBundleCrossbowBoltFlaming']"><ingredient name="resourceFeather" count="80"/></append>
			<append xpath="/recipes/recipe[@name='ammoCrossbowBoltExploding']"><ingredient name="resourceFeather" count="1"/></append>
			<append xpath="/recipes/recipe[@name='ammoBundleCrossbowBoltExploding']"><ingredient name="resourceFeather" count="60"/></append>
			<append xpath="/recipes/recipe[@name='ammoCrossbowBoltSteelAP']"><ingredient name="resourceFeather" count="1"/></append>
			<append xpath="/recipes/recipe[@name='ammoBundleCrossbowBoltSteelAP']"><ingredient name="resourceFeather" count="80"/></append>
			
		<!--Make Feathers out of plastic!-->
			<append xpath="/recipes">
				<recipe name="resourceFeather" count="1" craft_time="1" craft_area="workbench">
					<ingredient name="resourceScrapPolymers" count="2"/>
				</recipe>	
			</append>	
				

</AGFVanillaPlus-ArcheryFeathersChange>


