<AGFCosmetics>



<!--SECTION 1 = Armor Vision-->
		<!--NightVision as a MOD to put in chest or helmet-->
		<append xpath="/item_modifiers">
			<item_modifier name="modArmorHelmetNightvision" installable_tags="head,armorChest" blocked_tags="clothing" modifier_tags="misc,modArmorHelmetLight" type="attachment">
				<property name="UnlockedBy" value="modArmorHelmetNightvisionSchematic"/>		
				<property name="DescriptionKey" value="modArmorHelmetNightvisionDesc"/>
				<property name="Stacknumber" value="1"/> <property name="Group" value="Mods"/>
				<property name="DropMeshfile" value="#Other/Items?Misc/sack_droppedPrefab.prefab"/>
				<property name="Material" value="Msteel"/>
				<property name="CustomIcon" value="apparelNightvisionGoggles"/>
				<property name="CustomIconTint" value="147,12,248"/>
			
				<effect_group tiered="false">
					<requirement name="IsLocalPlayer"/>
					<triggered_effect trigger="onSelfItemActivate" action="ModifyScreenEffect" effect_name="NightVision" intensity="1" fade="0"/>
					<triggered_effect trigger="onSelfItemDeactivate" action="ModifyScreenEffect" effect_name="NightVision" intensity="0" fade="0"/>
					<triggered_effect trigger="onSelfEquipStop" action="ModifyScreenEffect" effect_name="NightVision" intensity="0" fade="0"/>

					<triggered_effect trigger="onSelfEquipStart" action="AddPart" part="HeadLightTPV" prefab="ScreenEffects/DeferredNV/NVGLight" parentTransform="Spotlight" localPos="0,0,0" localRot="90,0,0"/>
					<triggered_effect trigger="onSelfEquipStart" action="AddPart" part="HeadLightFPV" prefab="ScreenEffects/DeferredNV/NVGLight" parentTransform="CameraNode" localPos="0,0,.1" localRot="-90,0,0"/>
					<triggered_effect trigger="onSelfEquipStop" action="RemovePart" part="HeadLightTPV"/>
					<triggered_effect trigger="onSelfEquipStop" action="RemovePart" part="HeadLightFPV"/>
					<triggered_effect trigger="onSelfItemActivate" action="SetPartActive" part="HeadLightTPV" active="@!.IsFPV"/>
					<triggered_effect trigger="onSelfItemActivate" action="SetPartActive" part="HeadLightFPV" active="@.IsFPV"/>
					<triggered_effect trigger="onSelfItemDeactivate" action="SetPartActive" part="HeadLightTPV" active="false"/>
					<triggered_effect trigger="onSelfItemDeactivate" action="SetPartActive" part="HeadLightFPV" active="false"/>
					<triggered_effect trigger="onSelfChangedView" action="SetPartActive" part="HeadLightTPV" active="@!.IsFPV"/>
					<triggered_effect trigger="onSelfChangedView" action="SetPartActive" part="HeadLightFPV" active="@.IsFPV"/>
				</effect_group>
			</item_modifier>
		</append>
		
		<!--Allow Helmet Light to be installed on chest armors as well.-->
		<append xpath="item_modifiers/item_modifier[@name='modArmorHelmetLight']/@installable_tags">,armorChest</append>

		

<!--SECTION 2 = HP Running Soles Mod-->
		<!--High Performance Running Soles to attach to boots, but you have to choose between these and the impact bracers.-->
		<append xpath="/item_modifiers">
			<item_modifier name="modHPRunningSoles" installable_tags="armorFeet" modifier_tags="falldamage" blocked_tags="noMods" type="attachment">
				<property name="UnlockedBy" value="modArmorImpactBracingSchematic"/>
				<property name="CustomIcon" value="modArmorImpactBracing"/><property name="CustomIconTint" value="86,255,109"/>
				<property name="Material" value="Mleather"/>
				<property name="Stacknumber" value="1"/> <property name="Group" value="Mods"/>
				<property name="DropMeshfile" value="#Other/Items?Misc/sack_droppedPrefab.prefab"/>
				<property name="DescriptionKey" value="modHPRunningSolesDesc"/>

				<effect_group tiered="false">
						<passive_effect name="StaminaChangeOT" operation="perc_add" value=".2" tags="running"/><display_value name="dStaminaRegen" value=".2"/>
				</effect_group>
			</item_modifier>		
		</append>	



<!--SECTION 3 = Invisible Dye and Orange Dye-->
		<!--Invisible Dye to hide clothing items you don't want to see.-->
		<append xpath="/item_modifiers">
			<item_modifier name="modDyeInvisible" installable_tags="clothing,armor" modifier_tags="dye" type="attachment" cosmetic_install_chance="0">
				<property name="DescriptionKey" value="modDyeInvisibleDesc"/>
				<property name="Stacknumber" value="1"/> <property name="Group" value="Mods"/>
				<property name="DropMeshfile" value="#Other/Items?Misc/sack_droppedPrefab.prefab"/>
				<property name="CustomIcon" value="modDyeWhite"/> <property name="CustomIconTint" value="0,255,255"/>
				<property name="Material" value="Mpaint"/>
				<property name="Weight" value="20"/>

				<item_property_overrides name="*">
							<property name="UMA.Mesh" value=""/>
							<property name="CustomIconTint" value="0,255,255"/>
							<property name="UMA.ShowAltHair" value="false"/>
				</item_property_overrides>
						<property name="PickupJournalEntry" value="augmentGunsTip"/>
			</item_modifier>
		</append>
			
		<!--Orange Dye... this is technically in the game but it isn't...-->		
		<append xpath="/item_modifiers">	
			<item_modifier name="modDyeOrange" installable_tags="clothing,armor,weapon,tool,vehicle" modifier_tags="dye" type="attachment" cosmetic_install_chance=".1">
				<property name="Extends" value="modGeneralMaster"/>
				<property name="DescriptionKey" value="modDyeGroupDesc"/>
				<property name="CustomIcon" value="modDyeWhite"/> 
				<property name="CustomIconTint" value="220,125,15"/>
				<property name="Material" value="Mpaint"/>
				<property name="Weight" value="20"/>

				<item_property_overrides name="*">
					<property name="TintColor" value="220,125,15"/>
					<property name="CustomIconTint" value="220,125,15"/>
					<property name="UMA.Overlay0Tint" value="220,125,15"/> 
				</item_property_overrides>

				<item_property_overrides name="apparelTankTop">
					<property name="UMA.Overlay0Tint" value="skin"/>
					<property name="UMA.Overlay1Tint" value="220,125,15"/>
				</item_property_overrides>

				<item_property_overrides name="apparelTShirtPlain">
					<property name="UMA.Overlay0Tint" value="skin"/>
					<property name="UMA.Overlay1Tint" value="220,125,15"/>
				</item_property_overrides>

				<item_property_overrides name="apparelTShirtZU">
					<property name="UMA.Overlay0Tint" value="skin"/>
					<property name="UMA.Overlay1Tint" value="220,125,15"/>
				</item_property_overrides>

				<item_property_overrides name="apparelCoatJacketLetterZU">
					<property name="UMA.Overlay0Tint" value="220,125,15"/>
				</item_property_overrides>

				<item_property_overrides name="apparelDenimShortsPants">
					<property name="UMA.Overlay0Tint" value="skin"/>
					<property name="UMA.Overlay1Tint" value="220,125,15"/>
				</item_property_overrides>

				<item_property_overrides name="apparelSuitPants">
					<property name="UMA.Overlay0Tint" value="100,50,0"/>
				</item_property_overrides>

				<item_property_overrides name="apparelSuitJacket">
					<property name="UMA.Overlay0Tint" value="100,50,0"/>
					<property name="UMA.Overlay1Tint" value="27,27,27"/>
				</item_property_overrides>
				
				<item_property_overrides name="apparelSuitDressShoes">
					<property name="UMA.Overlay0Tint" value="100,50,0"/>
				</item_property_overrides>
			</item_modifier>				
		</append>				
				


<!--SECTION 4 = Cosmetic Mods-->
		<!--Visual/Cosmetic Mods to make armor look like other clothing-->
		<append xpath="/item_modifiers">
			<item_modifier name="modGhillieSuitHood" installable_tags="head" modifier_tags="rare" blocked_tags="noMods,clothing" type="attachment">
				<property name="CustomIcon" value="apparelGhillieSuitHood"/>
				<property name="Stacknumber" value="1"/> <property name="Group" value="Mods"/>
				<property name="DropMeshfile" value="#Other/Items?Misc/sack_droppedPrefab.prefab"/>
				<property name="EconomicValue" value="5"/>
				<property name="DisplayType" value="clothingGhillieHood"/>
				<property name="Material" value="Mplants"/>
				<property name="Weight" value="5"/>
				<property name="DescriptionKey" value="modCosmeticDesc"/>
				<item_property_overrides name="*">
					<property name="UMA.Mesh" value="ghillie_suit_hat"/>
					<property name="UMA.Overlay0" value="ghillie_suit"/>
					<property name="UMA.Layer" value="2"/>
					<property name="UMA.UISlot" value="Headgear"/>
					<property name="UMA.Mask0" value="Head" param1="outer"/>
					<property name="UMA.ShowAltHair" value="true"/>
				</item_property_overrides>
				<effect_group tiered="false">
					<passive_effect name="HypothermalResist" operation="base_add" value="1"/>
					<passive_effect name="HyperthermalResist" operation="base_add" value="1,3.5"/>
				</effect_group>
			</item_modifier>
			<item_modifier name="modHazmatMask" installable_tags="head" modifier_tags="rare" blocked_tags="noMods,clothing" type="attachment">
				<property name="CustomIcon" value="apparelHazmatMask"/>
				<property name="Stacknumber" value="1"/> <property name="Group" value="Mods"/>
				<property name="DropMeshfile" value="#Other/Items?Misc/sack_droppedPrefab.prefab"/>
				<property name="EconomicValue" value="400"/>
				<property name="DisplayType" value="clothing"/>
				<property name="Material" value="MmilitaryFiber"/>
				<property name="Weight" value="5"/>
				<property name="DescriptionKey" value="modCosmeticDesc"/>
				<item_property_overrides name="*">
					<property name="UMA.Mesh" value="armor_hazmat_head"/>
					<property name="UMA.Overlay0" value="armor_hazmat_hood"/>
					<property name="UMA.Layer" value="middle"/>
					<property name="UMA.UISlot" value="Headgear"/>
					<property name="UMA.Mask1" value="Head" param1="inner"/>
					<property name="UMA.Mask3" value="Face" param1="inner"/>
					<property name="UMA.Mask4" value="Face" param1="middle"/>
					<property name="UMA.Mask5" value="Face" param1="outer"/>
					<property name="UMA.ShowAltHair" value="true"/>
				</item_property_overrides>	
				<effect_group tiered="false">
					<passive_effect name="HypothermalResist" operation="base_add" value="6.5,9.5"/>
					<passive_effect name="HyperthermalResist" operation="base_add" value="1"/>
				</effect_group>
			</item_modifier>
			<item_modifier name="modHazmatGloves" installable_tags="hands" modifier_tags="rare" blocked_tags="noMods,clothing" type="attachment">
				<property name="CustomIcon" value="apparelHazmatGloves"/>
				<property name="Stacknumber" value="1"/> <property name="Group" value="Mods"/>
				<property name="DropMeshfile" value="#Other/Items?Misc/sack_droppedPrefab.prefab"/>
				<property name="EconomicValue" value="400"/>
				<property name="DisplayType" value="clothing"/>
				<property name="Material" value="MmilitaryFiber"/>
				<property name="Weight" value="5"/>
				<property name="DescriptionKey" value="modCosmeticDesc"/>
				<item_property_overrides name="*">
					<property name="UMA.Mesh" value="armor_hazmat_hands"/>
					<property name="UMA.Overlay0" value="armor_hazmat_gloves"/>
					<property name="UMA.Layer" value="0"/>
					<property name="UMA.UISlot" value="Gloves"/>
				</item_property_overrides>	
				<effect_group tiered="false">
					<passive_effect name="HypothermalResist" operation="base_add" value="2.8,5.2"/>
					<passive_effect name="HyperthermalResist" operation="base_add" value="1"/>
				</effect_group>
			</item_modifier>	
			<item_modifier name="modHazmatBoots" installable_tags="armorFeet" modifier_tags="rare" blocked_tags="noMods,clothing" type="attachment">
				<property name="CustomIcon" value="apparelHazmatBoots"/>
				<property name="Stacknumber" value="1"/> <property name="Group" value="Mods"/>
				<property name="DropMeshfile" value="#Other/Items?Misc/sack_droppedPrefab.prefab"/>
				<property name="EconomicValue" value="400"/>
				<property name="DisplayType" value="clothing"/>
				<property name="Material" value="MmilitaryFiber"/>
				<property name="Weight" value="5"/>
				<property name="DescriptionKey" value="modCosmeticDesc"/>
				<item_property_overrides name="*">
					<property name="UMA.Mesh" value="armor_hazmat_feet"/>
					<property name="UMA.Overlay0" value="armor_hazmat_boots"/>
					<property name="UMA.Layer" value="0"/>
					<property name="UMA.UISlot" value="Footwear"/>
				</item_property_overrides>	
				<effect_group tiered="false">
					<passive_effect name="HypothermalResist" operation="base_add" value="2.8,5.2"/>
					<passive_effect name="HyperthermalResist" operation="base_add" value="1"/>
				</effect_group>
			</item_modifier>
			<item_modifier name="modSuitDressShoes" installable_tags="armorFeet" modifier_tags="rare" blocked_tags="noMods,clothing" type="attachment">
				<property name="CustomIcon" value="apparelSuitDressShoes"/>
				<property name="Stacknumber" value="1"/> <property name="Group" value="Mods"/>
				<property name="DropMeshfile" value="#Other/Items?Misc/sack_droppedPrefab.prefab"/>
				<property name="EconomicValue" value="250"/>
				<property name="DisplayType" value="clothing"/>
				<property name="Material" value="Mleather"/>
				<property name="Weight" value="25"/>
				<property name="DescriptionKey" value="modCosmeticDesc"/>
				<item_property_overrides name="*">
					<property name="UMA.Mesh" value="clothes_dress_shoes"/>
					<property name="UMA.Overlay0" value="unisex_clothes_dress_shoes"/>
					<property name="UMA.Layer" value="0"/>
					<property name="UMA.UISlot" value="Footwear"/>
				</item_property_overrides>	
				<effect_group tiered="false">
					<passive_effect name="HypothermalResist" operation="base_add" value="2.8,5.2"/>
					<passive_effect name="HyperthermalResist" operation="base_add" value="1"/>
				</effect_group>
			</item_modifier>
			<item_modifier name="modWornBoots" installable_tags="armorFeet" modifier_tags="rare" blocked_tags="noMods,clothing" type="attachment">
				<property name="CustomIcon" value="apparelWornBoots"/>
				<property name="Stacknumber" value="1"/> <property name="Group" value="Mods"/>
				<property name="DropMeshfile" value="#Other/Items?Misc/sack_droppedPrefab.prefab"/>
				<property name="EconomicValue" value="60"/>
				<property name="DisplayType" value="clothing"/>
				<property name="Material" value="Mcloth"/>
				<property name="Weight" value="15"/>
				<property name="DescriptionKey" value="modCosmeticDesc"/>
				<item_property_overrides name="*">
					<property name="UMA.Mesh" value="worn_boots"/>
					<property name="UMA.Overlay0" value="worn_boots"/>
					<property name="UMA.Layer" value="0"/>
					<property name="UMA.UISlot" value="Footwear"/>
				</item_property_overrides>	
				<item_property_overrides name="armorSteelLegs">
					<property name="UMA.Mesh" value="worn_boots"/>
					<property name="UMA.Overlay0" value="worn_boots"/>
					<property name="Layer" value="3"/>
					<property name="UMA.UISlot" value="Footwear"/>
				</item_property_overrides>	
				<effect_group tiered="false">
					<passive_effect name="HypothermalResist" operation="base_add" value="1.8,4.2"/>
					<passive_effect name="HyperthermalResist" operation="base_add" value="1.5,2.5"/>
				</effect_group>
			</item_modifier>
			<item_modifier name="modRunningShoesRegular" installable_tags="armorFeet" modifier_tags="rare" blocked_tags="noMods,clothing" type="attachment">
				<property name="CustomIcon" value="apparelRunningShoesRegular"/>
				<property name="Stacknumber" value="1"/> <property name="Group" value="Mods"/>
				<property name="DropMeshfile" value="#Other/Items?Misc/sack_droppedPrefab.prefab"/>
				<property name="EconomicValue" value="250"/>
				<property name="DisplayType" value="clothing"/>
				<property name="Material" value="Mleather"/>
				<property name="Weight" value="25"/>
				<property name="DescriptionKey" value="modCosmeticDesc"/>
				<item_property_overrides name="*">
					<property name="UMA.Mesh" value="running_shoes"/>
					<property name="UMA.Overlay0" value="running_shoes"/>
					<property name="UMA.Layer" value="0"/>
					<property name="UMA.UISlot" value="Footwear"/>
				</item_property_overrides>	
				<effect_group tiered="false">
					<passive_effect name="HypothermalResist" operation="base_add" value="1.8,4.2"/>
					<passive_effect name="HyperthermalResist" operation="base_add" value="1.5,2.5"/>
				</effect_group>
			</item_modifier>
			<item_modifier name="modCowboyBoots" installable_tags="armorFeet" modifier_tags="rare" blocked_tags="noMods,clothing" type="attachment">
				<property name="CustomIcon" value="apparelCowboyBoots"/>
				<property name="Stacknumber" value="1"/> <property name="Group" value="Mods"/>
				<property name="DropMeshfile" value="#Other/Items?Misc/sack_droppedPrefab.prefab"/>
				<property name="EconomicValue" value="250"/>
				<property name="DisplayType" value="clothing"/>
				<property name="Material" value="Mleather"/>
				<property name="Weight" value="20"/>
				<property name="DescriptionKey" value="modCosmeticDesc"/>
				<item_property_overrides name="*">
					<property name="UMA.Mesh" value="boot02"/>
					<property name="UMA.Overlay0" value="boot02"/>
					<property name="UMA.Layer" value="0"/>
					<property name="UMA.UISlot" value="Footwear"/>
				</item_property_overrides>	
				<effect_group tiered="false">
					<passive_effect name="HypothermalResist" operation="base_add" value="2.8,5.2"/>
					<passive_effect name="HyperthermalResist" operation="base_add" value="3.5,4.5"/>
				</effect_group>
			</item_modifier>
			<item_modifier name="modGothBoots" installable_tags="armorFeet" modifier_tags="rare" blocked_tags="noMods,clothing" type="attachment">
				<property name="CustomIcon" value="apparelGothBoots"/>
				<property name="Stacknumber" value="1"/> <property name="Group" value="Mods"/>
				<property name="DropMeshfile" value="#Other/Items?Misc/sack_droppedPrefab.prefab"/>
				<property name="EconomicValue" value="250"/>
				<property name="DisplayType" value="clothing"/>
				<property name="Material" value="Mleather"/>
				<property name="Weight" value="20"/>
				<property name="DescriptionKey" value="modCosmeticDesc"/>
				<item_property_overrides name="*">
					<property name="UMA.Mesh" value="goth_boots"/>
					<property name="UMA.Overlay0" value="goth_boots"/>
					<property name="UMA.Layer" value="0"/>
					<property name="UMA.UISlot" value="Footwear"/>
				</item_property_overrides>	
				<effect_group tiered="false">
					<passive_effect name="HypothermalResist" operation="base_add" value="2.8,5.2"/>
					<passive_effect name="HyperthermalResist" operation="base_add" value="3.5,4.5"/>
				</effect_group>
			</item_modifier>
			<item_modifier name="modBandana" installable_tags="face" modifier_tags="rare" type="attachment">
				<property name="CustomIcon" value="apparelBandana"/>
				<property name="Stacknumber" value="1"/> <property name="Group" value="Mods"/>
				<property name="DropMeshfile" value="#Other/Items?Misc/sack_droppedPrefab.prefab"/>
				<property name="EconomicValue" value="10"/>
				<property name="DisplayType" value="clothing"/>
				<property name="Material" value="Mcloth"/>
				<property name="Weight" value="15"/>
				<property name="DescriptionKey" value="modCosmeticDesc"/>
				<item_property_overrides name="*">
					<property name="UMA.Mesh" value="gear_bandana"/>
					<property name="UMA.Overlay0" value="gear_bandana"/>
					<property name="UMA.Layer" value="0"/>
					<property name="UMA.UISlot" value="Face"/>
					<property name="UMA.Mask0" value="Face"  param1="base"/>
				</item_property_overrides>	
			</item_modifier>
			<item_modifier name="modFacialPiercings" installable_tags="face" modifier_tags="rare" type="attachment">
				<property name="CustomIcon" value="apparelFacialPiercings"/>
				<property name="Stacknumber" value="1"/> <property name="Group" value="Mods"/>
				<property name="DropMeshfile" value="#Other/Items?Misc/sack_droppedPrefab.prefab"/>
				<property name="EconomicValue" value="50"/>
				<property name="DisplayType" value="clothing"/>
				<property name="Material" value="Mmetal"/>
				<property name="Weight" value="1"/>
				<property name="DescriptionKey" value="modCosmeticDesc"/>
				<item_property_overrides name="*">
					<property name="UMA.Mesh" value="piercings"/>
					<property name="UMA.Overlay0" value="piercings"/>
					<property name="UMA.Layer" value="1"/>
					<property name="UMA.UISlot" value="Face"/>
				</item_property_overrides>	
			</item_modifier>
			<item_modifier name="modCigar" installable_tags="face" modifier_tags="rare" type="attachment">
				<property name="CustomIcon" value="apparelCigar"/>
				<property name="Stacknumber" value="1"/> <property name="Group" value="Mods"/>
				<property name="DropMeshfile" value="#Other/Items?Misc/sack_droppedPrefab.prefab"/>
				<property name="EconomicValue" value="50"/>
				<property name="DisplayType" value="clothing"/>
				<property name="Material" value="Mplants"/>
				<property name="Weight" value="1"/>
				<property name="DescriptionKey" value="modCosmeticDesc"/>
				<item_property_overrides name="*">
					<property name="UMA.Mesh" value="gear_cigar"/>
					<property name="UMA.Overlay0" value="gear_cigar"/>
					<property name="UMA.Layer" value="1"/>
					<property name="UMA.UISlot" value="Face"/>
				</item_property_overrides>	
			</item_modifier>
			<!--<item_modifier name="modShades" installable_tags="eyesNonShade" modifier_tags="rare" type="attachment">
				<property name="CustomIcon" value="apparelShades"/>
				<property name="Stacknumber" value="1"/> <property name="Group" value="Mods"/>
				<property name="DropMeshfile" value="#Other/Items?Misc/sack_droppedPrefab.prefab"/>
				<property name="EconomicValue" value="500"/>
				<property name="DisplayType" value="clothing"/>
				<property name="Material" value="Mmetal"/>
				<property name="Weight" value="5"/>
				<property name="DescriptionKey" value="modCosmeticDesc"/>
				<item_property_overrides name="*">
					<property name="UMA.Mesh" value="gear_shades"/>
					<property name="UMA.Overlay0" value="gear_shades"/>
				</item_property_overrides>	
			</item_modifier>			
			<item_modifier name="modAviatorGoggles" installable_tags="eyesNonAviator" modifier_tags="rare" type="attachment">
				<property name="CustomIcon" value="apparelAviatorGoggles"/>
				<property name="Stacknumber" value="1"/> <property name="Group" value="Mods"/>
				<property name="DropMeshfile" value="#Other/Items?Misc/sack_droppedPrefab.prefab"/>
				<property name="EconomicValue" value="500"/>
				<property name="DisplayType" value="clothing"/>
				<property name="Material" value="Mmetal"/>
				<property name="Weight" value="5"/>
				<property name="DescriptionKey" value="modCosmeticDesc"/>
				<item_property_overrides name="*">
					<property name="UMA.Mesh" value="aviator_goggles"/>
					<property name="UMA.Overlay0" value="aviator_goggles"/>
				</item_property_overrides>
			</item_modifier>		
			<item_modifier name="modSkiGoggles" installable_tags="eyesNonSki" modifier_tags="rare" type="attachment">
				<property name="CustomIcon" value="apparelSkiGoggles"/>
				<property name="Stacknumber" value="1"/> <property name="Group" value="Mods"/>
				<property name="DropMeshfile" value="#Other/Items?Misc/sack_droppedPrefab.prefab"/>
				<property name="EconomicValue" value="500"/>
				<property name="DisplayType" value="clothing"/>
				<property name="Material" value="Mmetal"/>
				<property name="Weight" value="5"/>
				<property name="DescriptionKey" value="modCosmeticDesc"/>
				<item_property_overrides name="*">
					<property name="UMA.Mesh" value="gear_goggles"/>
					<property name="UMA.Overlay0" value="gear_goggles"/>
				</item_property_overrides>				
			</item_modifier>		
			<item_modifier name="modNerdGlasses" installable_tags="eyesNonNerd" modifier_tags="rare" type="attachment">
				<property name="CustomIcon" value="apparelNerdGlasses"/>
				<property name="Stacknumber" value="1"/> <property name="Group" value="Mods"/>
				<property name="DropMeshfile" value="#Other/Items?Misc/sack_droppedPrefab.prefab"/>
				<property name="EconomicValue" value="500"/>
				<property name="DisplayType" value="clothing"/>
				<property name="Material" value="Mmetal"/>
				<property name="Weight" value="5"/>
				<property name="DescriptionKey" value="modCosmeticDesc"/>
				<item_property_overrides name="*">
					<property name="UMA.Mesh" value="specs"/>
					<property name="UMA.Overlay0" value="specs"/>
				</item_property_overrides>
			</item_modifier>	-->				
		</append>

		<!--Updating the existing hat mod descriptions-->	
		<append xpath="/item_modifiers/item_modifier[@name='modArmorBallCap']"><property name="DescriptionKey" value="modCosmeticDesc"/></append>
		<append xpath="/item_modifiers/item_modifier[@name='modArmorPressboyCap']"><property name="DescriptionKey" value="modCosmeticDesc"/></append>
		<append xpath="/item_modifiers/item_modifier[@name='modArmorSkullCap']"><property name="DescriptionKey" value="modCosmeticDesc"/></append>
		<append xpath="/item_modifiers/item_modifier[@name='modArmorCowboyHat']"><property name="DescriptionKey" value="modCosmeticDesc"/></append>
	
	

</AGFCosmetics>
