<AGFCosmetics>



<!--Better Painting!!!-->
		<!--No Paint Required-->
		<append xpath="/items/item[@name='meleeToolPaintTool']/property[@class='Action1']">
			<property name="Infinite_ammo" value="true"/>	
		</append>
		
		<!--Hold trigger down to keep painting-->	
		<append xpath="/items/item[@name='meleeToolPaintTool']/effect_group">
			<passive_effect name="BurstRoundCount" operation="base_set" value="1000"/>
		</append>	
		<set xpath="/items/item[@name='meleeToolPaintTool']/property[@class='Action0']/property[@name='Delay']/@value">.3</set>
		<set xpath="/items/item[@name='meleeToolPaintTool']/property[@class='Action1']/property[@name='Delay']/@value">.3</set>
		
		<!--Short Paint distance to focus on areas within reach vs randomly painting a wall way over there on accident...-->
		<set xpath="/items/item[@name='meleeToolPaintTool']/property[@class='Action0']/property[@name='Range']/@value">6</set>
		<set xpath="/items/item[@name='meleeToolPaintTool']/property[@class='Action1']/property[@name='Range']/@value">6</set>



<!--Dye Bundles-->
		<!--NOTE: these work a little weird, in the sense that you can "craft" a bundle only 1 at a time.-->
		<append xpath="/items">
			<item name="modDyeRedBundle">
				<property name="CustomIcon" value="modDyeWhite"/> <property name="CustomIconTint" value="149,52,54"/>
				<property name="ItemTypeIcon" value="bundle"/>
				<property name="HoldType" value="45"/>
				<property name="DescriptionKey" value="dyeBundles"/>
				<property name="Meshfile" value="#Other/Items?Misc/sackPrefab.prefab"/>
				<property name="DropMeshfile" value="#Other/Items?Misc/sack_droppedPrefab.prefab"/>
				<property name="Material" value="Morganic"/>
				<property name="Stacknumber" value="50"/>
				<property name="SellableToTrader" value="false"/>
				<property name="Group" value="Resources"/>
				<property class="Action0">
					<property name="Class" value="OpenBundle"/>
					<property name="Delay" value="0"/>
					<property name="Use_time" value="0"/>
					<property name="Sound_start" value="close_garbage"/>
					<property name="Create_item" value="modDyeRed"/>
					<property name="Create_item_count" value="1"/>
				</property>
			</item>
			<item name="modDyeGreenBundle">
				<property name="Extends" value="modDyeRedBundle"/>
				<property name="CustomIcon" value="modDyeWhite"/> <property name="CustomIconTint" value="128,152,120"/>
				<property class="Action0">
					<property name="Create_item" value="modDyeGreen"/>
					<property name="Create_item_count" value="1"/>
				</property>
			</item>
			<item name="modDyeBlackBundle">
				<property name="Extends" value="modDyeRedBundle"/>
				<property name="CustomIcon" value="modDyeWhite"/> <property name="CustomIconTint" value="47,47,47"/>
				<property class="Action0">
					<property name="Create_item" value="modDyeBlack"/>
					<property name="Create_item_count" value="1"/>
				</property>
			</item>
			<item name="modDyeBlueBundle">
				<property name="Extends" value="modDyeRedBundle"/>
				<property name="CustomIcon" value="modDyeWhite"/> <property name="CustomIconTint" value="74,93,134"/>
				<property class="Action0">
					<property name="Create_item" value="modDyeBlue"/>
					<property name="Create_item_count" value="1"/>
				</property>
			</item>
			<item name="modDyeBrownBundle">
				<property name="Extends" value="modDyeRedBundle"/>
				<property name="CustomIcon" value="modDyeWhite"/> <property name="CustomIconTint" value="132,105,84"/>
				<property class="Action0">
					<property name="Create_item" value="modDyeBrown"/>
					<property name="Create_item_count" value="1"/>
				</property>
			</item>
			<item name="modDyePinkBundle">
				<property name="Extends" value="modDyeRedBundle"/>
				<property name="CustomIcon" value="modDyeWhite"/> <property name="CustomIconTint" value="240,162,251"/>
				<property class="Action0">
					<property name="Create_item" value="modDyePink"/>
					<property name="Create_item_count" value="1"/>
				</property>
			</item>
			<item name="modDyePurpleBundle">
				<property name="Extends" value="modDyeRedBundle"/>
				<property name="CustomIcon" value="modDyeWhite"/> <property name="CustomIconTint" value="113,97,129"/>
				<property class="Action0">
					<property name="Create_item" value="modDyePurple"/>
					<property name="Create_item_count" value="1"/>
				</property>
			</item>
			<item name="modDyeYellowBundle">
				<property name="Extends" value="modDyeRedBundle"/>
				<property name="CustomIcon" value="modDyeWhite"/> <property name="CustomIconTint" value="218,200,135"/>
				<property class="Action0">
					<property name="Create_item" value="modDyeYellow"/>
					<property name="Create_item_count" value="1"/>
				</property>
			</item>
			<item name="modDyeInvisibleBundle">
				<property name="Extends" value="modDyeRedBundle"/>
				<property name="CustomIcon" value="modDyeWhite"/> <property name="CustomIconTint" value="0,255,255"/>
				<property class="Action0">
					<property name="Create_item" value="modDyeInvisible"/>
					<property name="Create_item_count" value="1"/>
				</property>
			</item>
			<item name="modDyeOrangeBundle">
				<property name="Extends" value="modDyeRedBundle"/>
				<property name="CustomIcon" value="modDyeWhite"/> <property name="CustomIconTint" value="220,125,15"/>
				<property class="Action0">
					<property name="Create_item" value="modDyeOrange"/>
					<property name="Create_item_count" value="1"/>
				</property>
			</item>
		</append>



<!--New Schematics-->
		<!--Schematic for NightvisionMod for armor-->
		<append xpath="/items">	<item name="modArmorHelmetNightvisionSchematic">
				<property name="Extends" value="schematicNoQualityRecipeMaster"/>
				<property name="CreativeMode" value="Player"/>
				<property name="CustomIcon" value="apparelNightvisionGoggles"/>
				<property name="Unlocks" value="modArmorHelmetNightvision"/>
				<property name="Group" value="Books,Mods"/>
				<effect_group tiered="false">
					<triggered_effect trigger="onSelfPrimaryActionEnd" action="ModifyCVar" cvar="modArmorHelmetNightvision" operation="set" value="1"/>
					<triggered_effect trigger="onSelfPrimaryActionEnd" action="GiveExp" exp="50"/>
				</effect_group>
			</item>
		</append>

		<!--Schematic for HPRunning Roles Mod for boots-->
		<append xpath="/items"> <item name="modHPRunningSolesSchematic">
				<property name="Extends" value="schematicNoQualityRecipeMaster"/>
				<property name="CreativeMode" value="Player"/>
				<property name="CustomIcon" value="modArmorImpactBracing"/><property name="CustomIconTint" value="86,255,109"/>
				<property name="Unlocks" value="modHPRunningSoles"/>
				<property name="Group" value="Books,Mods"/>
				<effect_group tiered="false">
					<triggered_effect trigger="onSelfPrimaryActionEnd" action="ModifyCVar" cvar="modHPRunningSoles" operation="set" value="1"/>
					<triggered_effect trigger="onSelfPrimaryActionEnd" action="GiveExp" exp="50"/>
				</effect_group>
			</item>
		</append>
			
			

<!--Adjustments to allow Customizations-->
		<!--Adjusting Tags-->
		<append xpath="/items/item[@name='apparelCigar']/property[@name='Tags']/@value">,canHaveCosmetic,face</append>
		<append xpath="/items/item[@name='apparelFacialPiercings']/property[@name='Tags']/@value">,face</append>
		<append xpath="/items/item[@name='apparelBandana']/property[@name='Tags']/@value">,face</append>
		<set xpath="/items/item[@name='apparelShades']/property[@name='Tags']/@value">head,clothing,canHaveCosmetic,eyesNonAviator,eyesNonSki,eyesNonNerd</set>
		<set xpath="/items/item[@name='apparelToughGuySunglasses']/property[@name='Tags']/@value">head,clothing,canHaveCosmetic,eyesNonAviator,eyesNonSki,eyesNonNerd</set>
		<append xpath="/items/item[@name='apparelSkiGoggles']"><property name="Tags" value="head,clothing,canHaveCosmetic,eyesNonShade,eyesNonAviator,eyesNonNerd"/></append>
		<append xpath="/items/item[@name='apparelNerdGlasses']"><property name="Tags" value="head,clothing,canHaveCosmetic,eyesNonShade,eyesNonAviator,eyesNonSki"/></append>
		<append xpath="/items/item[@name='apparelAviatorGoggles']"><property name="Tags" value="head,clothing,canHaveCosmetic,eyesNonShade,eyesNonSki,eyesNonNerd"/></append>

		<!--Adjusting Mod Slots on specific apparel-->
		<set xpath="/items/item[@name='apparelCigar']/effect_group/passive_effect[@name='ModSlots']/@value">1</set>		
		<set xpath="/items/item[@name='apparelFacialPiercings']/effect_group/passive_effect[@name='ModSlots']/@value">1</set>		
		<set xpath="/items/item[@name='apparelBandana']/effect_group/passive_effect[@name='ModSlots']/@value">1</set>	
		<set xpath="/items/item[@name='apparelShades']/effect_group/passive_effect[@name='ModSlots']/@value">1</set>		
		<set xpath="/items/item[@name='apparelAviatorGoggles']/effect_group/passive_effect[@name='ModSlots']/@value">1</set>		
		<set xpath="/items/item[@name='apparelSkiGoggles']/effect_group/passive_effect[@name='ModSlots']/@value">1</set>		
		<set xpath="/items/item[@name='apparelNerdGlasses']/effect_group/passive_effect[@name='ModSlots']/@value">1</set>		
		<set xpath="/items/item[@name='apparelToughGuySunglasses']/effect_group/passive_effect[@name='ModSlots']/@value">1</set>	

	

</AGFCosmetics>