<AGFCosmetics>


	
<!--Armor Nightvision Mod Schematic can be found in World Loot-->	
		<append xpath="/lootcontainers/lootgroup[@name='schematicsModsAndGeneralT2']">
			<item name="modArmorHelmetNightvisionSchematic"/>	
		</append>


	
<!--High performance running soles and its schematic can be found in World Loot-->
		<insertAfter xpath="lootcontainers/lootgroup[@name='modArmorT2']/item[@name='modArmorCustomizedFittings']">
			<item name="modHPRunningSoles" prob=".2"/> 
		</insertAfter>		
		<insertAfter xpath="lootcontainers/lootgroup[@name='schematicsModsAndGeneralT2']/item[@name='resourceMilitaryFiberSchematic']">
			<item name="modHPRunningSolesSchematic" prob=".4"/> 
		</insertAfter>



<!--You don't have to buy cosmetic mods, you make em-->
		<remove xpath="/lootcontainers/lootgroup[@name='groupApparelHats']/item[@name='modArmorCowboyHat']"/>
		<remove xpath="/lootcontainers/lootgroup[@name='groupApparelHats']/item[@name='modArmorSkullCap']"/>
		<remove xpath="/lootcontainers/lootgroup[@name='groupApparelHats']/item[@name='modArmorPressboyCap']"/>
		<remove xpath="/lootcontainers/lootgroup[@name='groupApparelHats']/item[@name='modArmorBallCap']"/>



<!--Facial Piercings can be found in World Loot-->
		<append xpath="/lootcontainers/lootgroup[@name='clothingTestLoot']">
			<item name="apparelFacialPiercings" mods="dye" mod_chance="0"/>
		</append>
		<append xpath="/lootcontainers/lootgroup[@name='groupApparelFaceCover']">
			<item name="apparelFacialPiercings" mods="dye" mod_chance="0"/>
		</append>

		
		
</AGFCosmetics>