<AGFCosmetics>



<!--Cosmetic Mod Recipes-->
		<append xpath="/recipes">
			<recipe name="modGhillieSuitHood" count="1" craft_exp_gain="0">
				<ingredient name="apparelGhillieSuitHood" count="1"/>
			</recipe>
			<recipe name="modHazmatMask" count="1" craft_exp_gain="0">
				<ingredient name="apparelHazmatMask" count="1"/>
			</recipe>
			<recipe name="modHazmatGloves" count="1" craft_exp_gain="0">
				<ingredient name="apparelHazmatGloves" count="1"/>
			</recipe>
			<recipe name="modHazmatBoots" count="1" craft_exp_gain="0">
				<ingredient name="apparelHazmatBoots" count="1"/>
			</recipe>
			<recipe name="modSuitDressShoes" count="1" craft_exp_gain="0">
				<ingredient name="apparelSuitDressShoes" count="1"/>
			</recipe>
			<recipe name="modWornBoots" count="1" craft_exp_gain="0">
				<ingredient name="apparelWornBoots" count="1"/>
			</recipe>
			<recipe name="modRunningShoesRegular" count="1" craft_exp_gain="0">
				<ingredient name="apparelRunningShoesRegular" count="1"/>
			</recipe>
			<recipe name="modCowboyBoots" count="1" craft_exp_gain="0">
				<ingredient name="apparelCowboyBoots" count="1"/>
			</recipe>
			<recipe name="modGothBoots" count="1" craft_exp_gain="0">
				<ingredient name="apparelGothBoots" count="1"/>
			</recipe>
			<recipe name="modArmorSkullCap" count="1" craft_exp_gain="0">
				<ingredient name="apparelSkullCap" count="1"/>
			</recipe>
			<recipe name="modArmorPressboyCap" count="1" craft_exp_gain="0">
				<ingredient name="apparelPressboyCap" count="1"/>
			</recipe>
			<recipe name="modArmorCowboyHat" count="1" craft_exp_gain="0">
				<ingredient name="apparelCowboyHat" count="1"/>
			</recipe>
			<recipe name="modArmorBallCap" count="1" craft_exp_gain="0">
				<ingredient name="apparelBallCap" count="1"/>
			</recipe>	
			<recipe name="modFacialPiercings" count="1" craft_exp_gain="0">
				<ingredient name="apparelFacialPiercings" count="1"/>
			</recipe>	
			<recipe name="modCigar" count="1" craft_exp_gain="0">
				<ingredient name="apparelCigar" count="1"/>
			</recipe>
			<recipe name="modBandana" count="1" craft_exp_gain="0">
				<ingredient name="apparelBandana" count="1"/>
			</recipe>	
		</append>
	

	
<!--Dye Recipes-->			
		<append xpath="/recipes">
			<recipe name="modDyeInvisible" count="1" craft_area="campfire" craft_tool="toolCookingPot">
				<ingredient name="resourceOilShale" count="10"/>
				<ingredient name="resourceGlue" count="1"/>
			</recipe>		
			<recipe name="modDyeRed" count="1"  craft_area="campfire" craft_tool="toolCookingPot">
				<ingredient name="resourceOilShale" count="10"/>
				<ingredient name="resourceGlue" count="1"/>
			</recipe>			
			<recipe name="modDyeGreen" count="1"  craft_area="campfire" craft_tool="toolCookingPot">
				<ingredient name="resourceOilShale" count="10"/>
				<ingredient name="resourceGlue" count="1"/>
			</recipe>			
			<recipe name="modDyeBlack" count="1"  craft_area="campfire" craft_tool="toolCookingPot">
				<ingredient name="resourceOilShale" count="10"/>
				<ingredient name="resourceGlue" count="1"/>
			</recipe>			
			<recipe name="modDyeBlue" count="1"  craft_area="campfire" craft_tool="toolCookingPot">
				<ingredient name="resourceOilShale" count="10"/>
				<ingredient name="resourceGlue" count="1"/>
			</recipe>			
			<recipe name="modDyeBrown" count="1"  craft_area="campfire" craft_tool="toolCookingPot">
				<ingredient name="resourceOilShale" count="10"/>
				<ingredient name="resourceGlue" count="1"/>
			</recipe>		
			<recipe name="modDyePink" count="1"  craft_area="campfire" craft_tool="toolCookingPot">
				<ingredient name="resourceOilShale" count="10"/>
				<ingredient name="resourceGlue" count="1"/>
			</recipe>				
			<recipe name="modDyePurple" count="1"  craft_area="campfire" craft_tool="toolCookingPot">
				<ingredient name="resourceOilShale" count="10"/>
				<ingredient name="resourceGlue" count="1"/>
			</recipe>				
			<recipe name="modDyeYellow" count="1"  craft_area="campfire" craft_tool="toolCookingPot">
				<ingredient name="resourceOilShale" count="10"/>
				<ingredient name="resourceGlue" count="1"/>
			</recipe>	
			<recipe name="modDyeOrange" count="1"  craft_area="campfire" craft_tool="toolCookingPot">
				<ingredient name="resourceOilShale" count="10"/>
				<ingredient name="resourceGlue" count="1"/>
			</recipe>
		</append>
	

	
<!--Bundle Dye Recipes-->					
		<append xpath="/recipes">			
			<recipe name="modDyeRedBundle" count="1" craft_time="0" craft_exp_gain="0">
				<ingredient name="modDyeRed" count="1"/>
			</recipe>
			<recipe name="modDyeGreenBundle" count="1" craft_time="0" craft_exp_gain="0">
				<ingredient name="modDyeGreen" count="1"/>
			</recipe>
			<recipe name="modDyeBlackBundle" count="1" craft_time="0" craft_exp_gain="0">
				<ingredient name="modDyeBlack" count="1"/>
			</recipe>
			<recipe name="modDyeBlueBundle" count="1" craft_time="0" craft_exp_gain="0">
				<ingredient name="modDyeBlue" count="1"/>
			</recipe>
			<recipe name="modDyeBrownBundle" count="1" craft_time="0" craft_exp_gain="0">
				<ingredient name="modDyeBrown" count="1"/>
			</recipe>
			<recipe name="modDyePinkBundle" count="1" craft_time="0" craft_exp_gain="0">
				<ingredient name="modDyePink" count="1"/>
			</recipe>
			<recipe name="modDyePurpleBundle" count="1" craft_time="0" craft_exp_gain="0">
				<ingredient name="modDyePurple" count="1"/>
			</recipe>
			<recipe name="modDyeYellowBundle" count="1" craft_time="0" craft_exp_gain="0">
				<ingredient name="modDyeYellow" count="1"/>
			</recipe>
			<recipe name="modDyeOrangeBundle" count="1" craft_time="0" craft_exp_gain="0">
				<ingredient name="modDyeOrange" count="1"/>
			</recipe>	
			<recipe name="modDyeInvisibleBundle" count="1" craft_time="0" craft_exp_gain="0">
				<ingredient name="modDyeInvisible" count="1"/>
			</recipe>
		</append>

	
	
<!--Facial Piercings Return-->				
		<append xpath="/recipes">			
			<recipe name="apparelFacialPiercings" count="1"  craft_area="workbench">
				<ingredient name="resourceScrapIron" count="5"/>
				<ingredient name="resourceGlue" count="1"/>
			</recipe>
		</append>

	
	
<!--Armor Nightvision Mod Crafting Recipe-->
		<append xpath="/recipes">
			<recipe name="modArmorHelmetNightvision" count="1" craft_area="workbench" tags="learnable,workbenchCrafting">
				<ingredient name="armorMilitarySetParts" count="5"/>
				<ingredient name="apparelNightvisionGoggles" count="1"/>
				<ingredient name="resourceDuctTape" count="3"/>
				<ingredient name="resourceScrapPolymers" count="5"/>
				<ingredient name="resourceSewingKit" count="2"/>
			</recipe>
		</append>



<!--Mod High Performance Running Soles-->
		<append xpath="/recipes">
			<recipe name="modHPRunningSoles" count="1" craft_area="workbench" tags="learnable,workbenchCrafting">
				<ingredient name="resourceGlue" count="2"/>	
				<ingredient name="resourceOil" count="3"/>
				<ingredient name="resourceLeather" count="5"/>
				<ingredient name="resourceCloth" count="10"/>
				<ingredient name="resourceSewingKit" count="1"/>
			</recipe>
		</append>		


	
</AGFCosmetics>


