<AGFCosmetics>



<!--Night Vision Helmet Mod Schematic in Trader Lists-->
		<append xpath="/traders/trader_item_groups/trader_item_group[@name='rareBooks']">
			<item name="modArmorHelmetNightvisionSchematic"/>	
		</append>

	

<!--high performance running soles and schematic in trader lists-->
		<append xpath="/traders/trader_item_groups/trader_item_group[@name='modArmorT2']">
			<item name="modHPRunningSoles" count="1" prob=".2"/>
		</append>
		<append xpath="/traders/trader_item_groups/trader_item_group[@name='schematicsModsCommon']">
			<item name="modHPRunningSolesSchematic" count="1" prob=".4"/>
		</append>

		

<!--removing the vanilla hat mods from trader lists... you make em now!-->
		<remove xpath="/traders/trader_item_groups/trader_item_group/item[@name='modArmorCowboyHat']"/>
		<remove xpath="/traders/trader_item_groups/trader_item_group/item[@name='modArmorPressboyCap']"/>
		<remove xpath="/traders/trader_item_groups/trader_item_group/item[@name='modArmorBallCap']"/>
		<remove xpath="/traders/trader_item_groups/trader_item_group/item[@name='modArmorSkullCap']"/>



</AGFCosmetics>
