<AGFVanillaPlus-DewsPlus>


<!--Did NOT change the original dew collector size.
	Created a new one to replace the existing one.
	This makes applying this mod to an existing save safe.-->
<append xpath="/blocks">
	<block name="cntDewCollectorAGF">
		<property name="Extends" value="cntDewCollector"/>	
		<property name="CustomIcon" value="cntDewCollector"/>		
		<property name="MultiBlockDim" value="2,3,2"/><!--Changes the size-->
	</block>
</append>


<!--The x5 version-->
<append xpath="/blocks">
	<block name="cntDewCollectorAGFx5">	
		<property name="Extends" value="cntDewCollectorAGF"/>	
		<property name="CustomIcon" value="cntDewCollector"/>
		<property name="CustomIconTint" value="DDCDFA"/>
		<property name="ItemTypeIcon" value="radial_number_5"/>
		<property name="TintColor" value="DDCDFA"/>		
		<property name="ConvertToItem" value="drinkJarRiverWaterx5"/>
		<property name="ModdedConvertToItem" value="drinkJarBoiledWaterx5"/>		
		<property name="EconomicValue" value="25"/><!--x5-->		
		<property name="NoScrapping" value="true"/><!--I added this.-->		
		<property name="MaxDamage" value="1000"/><!--x5-->
		<property name="HeatMapStrength" value="10"/><!--x5-->
		<property name="HeatMapTime" value="5000"/><!--vanilla-->
		<property name="HeatMapFrequency" value="1000"/><!--vanilla-->
		<property class="RepairItems">
			<property name="resourceScrapPolymers" value="250"/><!--x5-->
		</property>
		<dropextendsoff/>
		<drop event="Destroy" name="cntDewCollectorAGFx5" count="1"/>
		<drop event="Fall" name="cntDewCollectorAGFx5" count="1" prob="0.9" stick_chance="1"/>		
		<property name="SortOrder1" value="B281"/>
		<property name="SortOrder2" value="0102"/>
	</block>
</append>


<!--Makes older version destroyable into the new one!
	Removes existing harvesting potential as well.-->	
<remove xpath="/blocks/block[@name='cntDewCollector']/drop"/>
<append xpath="/blocks/block[@name='cntDewCollector']">
	<drop event="Destroy" name="cntDewCollectorAGF" count="1"/>
	<drop event="Fall" name="cntDewCollectorAGF" count="1" prob="0.9" stick_chance="1"/>
</append>



</AGFVanillaPlus-DewsPlus>
